Div,Date,Time,HomeTeam,AwayTeam,FTHG,FTAG,FTR,HTHG,HTAG,HTR,Referee,HxG,AxG,HS,AS,HST,AST,HF,AF,HC,AC,HY,AY,HR,AR,B365H,B365D,B365A,BFDH,BFDD,BFDA,BVH,BVD,BVA,BWH,BWD,BWA,PPH,PPD,PPA,SKBH,SKBD,SKBA,MaxH,MaxD,MaxA,AvgH,AvgD,AvgA,BFEH,BFED,BFEA,B365>2.5,B365<2.5,Max>2.5,Max<2.5,Avg>2.5,Avg<2.5,BFE>2.5,BFE<2.5,AHh,B365AHH,B365AHA,MaxAHH,MaxAHA,AvgAHH,AvgAHA,BFEAHH,BFEAHA,B365CH,B365CD,B365CA,BFDCH,BFDCD,BFDCA,BVCH,BVCD,BVCA,BWCH,BWCD,BWCA,PPCH,PPCD,PPCA,SKBCH,SKBCD,SKBCA,MaxCH,MaxCD,MaxCA,AvgCH,AvgCD,AvgCA,BFECH,BFECD,BFECA,B365C>2.5,B365C<2.5,MaxC>2.5,MaxC<2.5,AvgC>2.5,AvgC<2.5,BFEC>2.5,BFEC<2.5,AHCh,B365CAHH,B365CAHA,MaxCAHH,MaxCAHA,AvgCAHH,AvgCAHA,BFECAHH,BFECAHA,season,country,league
E0,21/08/2026,20:00,Arsenal,Coventry,3,0,H,2,0,H,T Bramall,1.88,0.2,20,4,6,1,10,13,8,2,1,1,0,0,1.2,7.0,13.0,1.2,6.5,15.0,1.18,7.0,15.0,1.2,6.5,12.0,1.17,7.0,15.0,1.17,7.5,14.0,1.23,7.5,16.5,1.19,6.77,14.19,1.23,7.4,18.0,1.57,2.38,1.6,2.45,1.55,2.38,1.64,2.54,-2.0,2.03,1.78,2.05,1.8,1.99,1.76,2.11,1.86,1.18,7.5,13.0,1.22,6.5,13.0,1.2,6.5,15.0,1.2,6.5,11.5,1.17,7.0,15.0,1.17,7.5,14.0,1.22,7.5,16.0,1.2,6.72,14.0,1.23,7.4,18.0,1.57,2.38,1.58,2.45,1.55,2.37,1.63,2.56,-2.0,2.05,1.75,2.05,1.83,2.02,1.74,2.14,1.86,2627,england,Premier League
E0,22/08/2026,12:30,Hull,Man United,2,0,H,2,0,H,D England,1.01,1.83,8,21,4,5,10,9,1,6,2,1,0,0,8.5,5.0,1.36,8.5,5.0,1.36,9.0,5.25,1.33,7.5,4.6,1.38,8.5,4.75,1.33,8.0,4.75,1.36,9.0,5.25,1.39,8.37,4.93,1.36,9.6,5.2,1.4,1.67,2.2,1.67,2.3,1.64,2.2,1.7,2.4,1.5,1.78,2.03,1.84,2.05,1.76,1.98,1.87,2.1,9.0,5.0,1.33,9.0,5.5,1.3,9.0,5.25,1.33,7.25,4.8,1.36,8.5,5.0,1.33,8.5,5.0,1.33,9.0,5.5,1.37,8.49,5.11,1.34,9.6,5.4,1.39,1.57,2.38,1.58,2.5,1.55,2.38,1.63,2.56,1.5,1.88,1.98,1.88,1.98,1.82,1.92,1.92,2.06,2627,england,Premier League
E0,22/08/2026,15:00,Everton,Crystal Palace,2,0,H,1,0,H,P Tierney,1.12,1.96,16,11,5,4,5,15,4,0,0,1,0,0,2.15,3.5,3.3,2.15,3.5,3.3,2.15,3.5,3.3,2.1,3.3,3.2,2.15,3.3,3.3,2.15,3.3,3.3,3.2,3.5,3.4,2.23,3.4,3.24,2.28,3.55,3.5,1.95,1.9,2.5,1.91,1.93,1.83,2.02,1.96,-0.25,1.88,1.98,1.88,1.98,1.83,1.91,1.95,2.02,2.38,3.4,3.0,2.38,3.4,3.0,2.3,3.5,3.0,2.25,3.25,3.0,2.25,3.3,3.1,2.25,3.4,3.1,2.38,3.5,3.2,2.32,3.36,3.05,2.42,3.45,3.25,1.98,1.88,1.98,1.88,1.93,1.83,2.06,1.92,-0.25,2.05,1.8,2.05,1.84,1.96,1.79,2.08,1.9,2627,england,Premier League
E0,22/08/2026,15:00,Ipswich,Sunderland,2,1,H,1,1,D,F Hallam,1.8,0.66,10,11,3,4,12,14,3,5,0,3,0,0,2.7,3.3,2.63,2.63,3.4,2.63,2.7,3.4,2.55,2.65,3.25,2.5,2.7,3.2,2.63,2.7,3.2,2.6,2.75,3.4,2.68,2.69,3.29,2.6,2.88,3.4,2.74,1.98,1.88,2.0,1.9,1.93,1.81,2.1,1.89,0.0,1.95,1.9,1.95,1.9,1.9,1.84,2.04,1.95,3.0,3.3,2.5,2.8,3.3,2.5,2.88,3.25,2.5,2.7,3.1,2.5,2.8,3.1,2.5,2.8,3.25,2.5,3.0,3.3,2.6,2.83,3.22,2.52,3.0,3.35,2.68,2.2,1.67,2.2,1.73,2.14,1.67,2.28,1.76,0.0,2.1,1.78,2.1,1.83,1.99,1.77,2.11,1.89,2627,england,Premier League
E0,22/08/2026,15:00,Nott'm Forest,Leeds,0,1,A,0,0,D,R Jones,0.66,0.47,12,11,2,3,15,14,3,2,2,1,0,0,2.3,3.4,3.1,2.3,3.4,3.1,2.3,3.4,3.1,2.25,3.3,2.95,2.25,3.3,3.1,2.25,3.25,3.1,2.35,3.5,3.4,2.27,3.35,3.1,2.4,3.5,3.3,1.98,1.88,2.25,1.91,1.91,1.83,2.0,1.95,-0.25,1.98,1.88,1.98,1.97,1.91,1.84,2.05,1.92,2.5,3.2,2.9,2.4,3.25,3.0,2.5,3.25,2.88,2.37,3.1,2.9,2.45,3.1,3.0,2.4,3.2,2.9,2.52,3.25,3.0,2.45,3.2,2.94,2.6,3.3,3.15,2.2,1.67,2.2,1.75,2.12,1.69,2.26,1.77,-0.25,2.1,1.7,2.1,1.75,2.07,1.7,2.19,1.83,2627,england,Premier League
E0,22/08/2026,17:30,Brentford,Tottenham,3,0,H,2,0,H,M Oliver,3.88,0.57,26,9,8,4,17,14,7,3,1,1,0,0,2.4,3.7,2.75,2.38,3.75,2.75,2.4,3.6,2.75,2.37,3.4,2.7,2.4,3.5,2.75,2.38,3.5,2.75,3.4,3.75,2.8,2.48,3.58,2.69,2.52,3.8,2.9,1.67,2.2,2.25,2.2,1.69,2.14,1.76,2.28,0.0,1.8,2.05,1.8,2.05,1.76,1.99,1.86,2.15,1.95,3.9,3.5,2.0,3.75,3.4,2.0,3.8,3.4,1.95,3.6,3.4,1.95,3.75,3.4,1.95,3.8,3.4,2.14,3.9,3.5,1.99,3.71,3.39,2.1,4.0,3.55,1.67,2.2,1.7,2.3,1.65,2.18,1.73,2.36,-0.5,1.98,1.88,2.05,1.88,1.95,1.79,2.09,1.9,2627,england,Premier League
E0,23/08/2026,14:00,Brighton,Aston Villa,4,0,H,4,0,H,P Bankes,3.77,0.28,21,6,6,0,12,11,5,2,2,3,0,1,2.15,3.6,3.0,2.25,3.6,3.0,2.15,3.5,3.1,2.15,3.5,3.1,2.2,3.6,3.1,2.2,3.5,3.1,2.25,3.6,3.15,2.19,3.54,3.08,2.28,3.75,3.3,1.73,2.1,1.73,2.2,1.66,2.15,1.79,2.22,-0.25,1.93,1.93,1.93,1.93,1.88,1.87,1.98,1.99,2.05,3.5,3.5,2.1,3.5,3.4,2.1,3.3,3.7,2.0,3.3,3.4,2.05,3.3,3.6,2.05,3.4,3.6,2.12,3.5,3.7,2.07,3.41,3.52,2.16,3.55,3.8,2.03,1.83,2.03,1.85,1.93,1.82,2.06,1.92,-0.25,1.75,2.05,1.8,2.05,1.76,1.98,1.86,2.14,2627,england,Premier League
E0,23/08/2026,14:00,Man City,Bournemouth,2,1,H,0,1,A,J Gillett,2.36,0.63,13,5,6,4,11,11,8,3,1,2,0,0,1.48,4.5,6.25,1.44,5.0,6.0,1.44,4.6,6.0,1.46,4.75,5.75,1.44,4.5,6.0,1.44,4.5,5.75,1.48,5.0,6.6,1.45,4.72,5.93,1.52,5.1,6.4,1.44,2.75,1.45,3.0,1.41,2.78,1.47,3.0,-1.25,1.98,1.88,1.98,1.88,1.93,1.81,2.05,1.9,1.45,4.5,7.0,1.44,4.6,6.5,1.4,5.0,7.0,1.43,4.75,6.0,1.44,4.5,6.0,1.44,4.75,6.0,1.48,5.0,7.0,1.44,4.78,6.36,1.51,5.1,7.0,1.57,2.38,1.57,2.63,1.52,2.45,1.59,2.66,-1.25,1.95,1.9,1.95,1.9,1.9,1.84,2.05,1.93,2627,england,Premier League
E0,23/08/2026,16:30,Newcastle,Liverpool,2,2,D,1,0,H,S Attwell,1.57,2.98,13,27,4,7,16,15,2,6,5,3,0,0,4.0,3.8,1.9,3.6,4.0,1.9,3.6,3.9,1.85,3.5,3.8,1.87,3.6,4.0,1.85,3.6,3.9,1.85,4.0,4.0,2.5,3.57,3.85,1.92,4.1,4.0,1.95,1.5,2.63,2.0,2.63,1.51,2.53,1.55,2.78,0.5,1.98,1.88,1.98,1.88,1.89,1.84,2.04,1.95,3.9,3.9,1.85,3.6,4.0,1.9,3.8,3.9,1.87,3.6,3.7,1.88,3.8,3.75,1.85,3.8,3.8,1.85,3.9,4.0,2.5,3.66,3.82,1.92,4.1,4.0,1.95,1.44,2.75,2.0,2.8,1.49,2.58,1.51,2.92,0.5,1.98,1.88,1.98,1.88,1.9,1.84,2.04,1.95,2627,england,Premier League
E0,24/08/2026,20:00,Fulham,Chelsea,2,3,A,1,2,A,J Brooks,1.35,1.7,14,18,6,6,12,7,6,4,2,3,0,0,3.6,3.8,1.9,3.5,4.0,1.95,3.75,3.75,1.85,3.5,3.5,1.93,3.8,3.7,1.87,3.8,3.6,1.85,3.8,4.0,1.95,3.66,3.76,1.89,4.1,3.95,1.95,1.67,2.2,1.67,2.25,1.61,2.22,1.7,2.34,0.5,1.98,1.88,1.98,1.9,1.87,1.84,2.05,1.94,3.6,3.5,2.05,3.4,3.6,2.05,3.6,3.6,2.0,3.4,3.4,2.0,3.6,3.4,2.0,3.6,3.5,2.0,3.65,3.6,2.08,3.57,3.5,2.02,3.95,3.65,2.1,1.91,1.91,1.91,1.95,1.84,1.91,1.95,2.04,0.5,1.83,2.03,1.83,2.05,1.79,1.95,1.9,2.09,2627,england,Premier League
E0,28/08/2026,20:00,Crystal Palace,Man City,1,4,A,0,1,A,A Madley,0.66,2.21,9,18,1,9,8,11,2,6,1,2,0,0,5.0,3.9,1.67,5.0,4.0,1.67,4.8,4.0,1.67,4.6,3.9,1.7,4.75,3.8,1.65,4.75,4.0,1.65,5.0,4.05,1.7,4.83,3.95,1.67,5.3,4.2,1.73,1.73,2.1,1.73,2.2,1.68,2.12,1.76,2.3,0.75,2.0,1.85,2.0,1.88,1.93,1.82,2.05,1.93,5.0,4.2,1.62,5.0,4.2,1.62,5.0,4.2,1.62,4.75,4.1,1.65,5.0,4.0,1.62,5.0,4.2,1.6,5.3,4.3,1.67,4.96,4.13,1.62,5.5,4.3,1.69,1.67,2.2,1.67,2.3,1.63,2.21,1.72,2.36,0.75,2.05,1.75,2.05,1.83,1.99,1.76,2.13,1.87,2627,england,Premier League
E0,29/08/2026,12:30,Liverpool,Nott'm Forest,2,2,D,0,1,A,S Barrott,1.75,2.3,13,12,4,3,13,10,3,5,4,2,0,0,1.5,4.5,5.75,1.53,4.33,6.0,1.5,4.5,6.0,1.55,4.6,5.25,1.5,4.33,6.0,1.5,4.33,5.75,2.25,4.6,6.0,1.57,4.39,5.53,1.56,4.8,6.4,1.62,2.3,2.2,2.38,1.63,2.24,1.66,2.48,-1.0,1.83,2.03,1.83,2.03,1.79,1.96,1.92,2.06,1.48,4.5,6.0,,,,,,,1.47,4.8,5.75,1.44,4.5,6.5,1.44,4.75,6.0,1.49,5.0,6.5,1.46,4.7,6.09,1.52,4.9,6.8,1.53,2.5,1.53,2.7,1.49,2.55,1.56,2.76,-1.25,2.03,1.83,2.03,1.84,1.95,1.81,2.12,1.88,2627,england,Premier League
E0,29/08/2026,15:00,Bournemouth,Everton,1,1,D,1,0,H,C Kavanagh,2.15,1.84,17,13,5,7,11,14,10,7,3,2,0,0,2.05,3.5,3.6,2.1,3.6,3.3,2.05,3.6,3.5,2.05,3.5,3.5,2.0,3.5,3.5,2.05,3.4,3.5,2.6,3.6,3.6,2.1,3.5,3.41,2.14,3.65,3.75,1.91,1.91,2.5,1.93,1.88,1.87,1.94,2.0,-0.5,2.05,1.8,2.1,1.8,2.01,1.74,2.14,1.85,2.2,3.5,3.25,,,,,,,2.2,3.4,3.2,2.15,3.4,3.25,2.15,3.5,3.25,2.25,3.5,3.39,2.18,3.46,3.24,2.3,3.55,3.45,1.8,2.0,1.83,2.1,1.75,2.03,1.85,2.16,-0.25,1.93,1.93,1.93,1.93,1.87,1.88,1.97,2.0,2627,england,Premier League
E0,29/08/2026,15:00,Coventry,Hull,0,1,A,0,0,D,J Smith,1.28,0.73,11,6,3,2,11,8,6,2,1,4,0,0,1.9,3.5,4.2,1.9,3.6,4.2,1.85,3.6,4.2,1.85,3.5,4.2,1.83,3.5,4.33,1.83,3.5,4.2,1.92,3.6,4.33,1.87,3.53,4.19,1.91,3.75,4.7,1.91,1.91,1.91,1.95,1.84,1.9,1.98,2.0,-0.5,1.88,1.98,1.88,1.98,1.82,1.91,1.91,2.08,1.73,3.9,4.75,1.73,4.0,4.5,1.7,3.75,5.0,1.7,3.9,4.75,1.7,3.7,4.75,1.7,3.8,4.75,1.76,4.0,5.0,1.72,3.82,4.72,1.79,3.95,5.2,1.73,2.1,1.73,2.15,1.7,2.08,1.8,2.22,-0.75,1.9,1.95,1.95,1.95,1.89,1.86,2.0,1.98,2627,england,Premier League
E0,29/08/2026,17:30,Tottenham,Newcastle,0,2,A,0,0,D,P Bankes,1.04,0.75,17,11,6,2,15,9,9,7,1,2,0,0,2.25,3.75,2.9,2.25,3.75,2.88,2.25,3.75,2.9,2.25,3.6,2.9,2.25,3.6,2.9,2.25,3.6,2.9,2.3,3.75,2.98,2.25,3.65,2.88,2.38,3.85,3.05,1.62,2.3,2.2,2.3,1.64,2.19,1.68,2.44,-0.25,2.0,1.85,2.0,1.85,1.93,1.81,2.07,1.91,2.15,3.75,3.1,2.15,3.75,3.1,2.15,3.75,3.1,2.15,3.7,3.1,2.15,3.6,3.0,2.15,3.7,3.0,2.22,3.77,3.11,2.15,3.67,3.06,2.26,3.85,3.3,1.62,2.3,1.62,2.4,1.6,2.26,1.67,2.48,-0.25,1.9,1.95,1.9,1.95,1.86,1.89,1.98,2.01,2627,england,Premier League
E0,30/08/2026,14:00,Chelsea,Brighton,4,3,H,3,1,H,M Oliver,2.93,1.4,17,15,6,6,6,12,4,7,1,3,0,0,1.83,4.0,4.0,1.83,3.75,4.0,1.8,3.8,3.9,1.82,4.0,3.9,1.8,3.8,4.0,1.8,3.8,4.0,1.88,4.0,4.0,1.82,3.85,3.93,1.88,4.1,4.3,1.62,2.3,2.25,2.38,1.64,2.22,1.67,2.46,-0.5,1.83,2.03,1.83,2.03,1.78,1.95,1.88,2.12,1.83,3.8,4.0,,,,,,,1.83,3.9,3.9,1.83,3.75,3.8,1.83,3.8,3.8,1.86,4.0,4.0,1.83,3.83,3.89,1.93,4.0,4.3,1.62,2.3,1.62,2.4,1.59,2.29,1.64,2.52,-0.5,1.83,2.03,1.83,2.03,1.78,1.95,,,2627,england,Premier League
E0,30/08/2026,14:00,Leeds,Brentford,1,1,D,0,1,A,T Harrington,1.43,1.56,12,22,2,5,5,13,5,6,0,4,0,0,2.6,3.3,2.7,2.6,3.5,2.63,2.55,3.4,2.63,2.55,3.4,2.65,2.6,3.3,2.7,2.6,3.25,2.7,2.88,3.5,2.75,2.58,3.36,2.67,2.7,3.5,2.86,1.9,1.95,2.1,1.95,1.86,1.88,1.98,1.98,0.0,1.88,1.98,1.88,1.98,1.82,1.92,1.93,2.05,2.8,3.4,2.45,2.8,3.5,2.4,2.75,3.5,2.45,2.7,3.4,2.5,2.75,3.3,2.5,2.75,3.4,2.45,2.83,3.5,2.55,2.74,3.4,2.48,2.9,3.5,2.68,1.83,2.03,1.83,2.05,1.78,1.98,1.88,2.12,0.0,2.05,1.8,2.05,1.83,1.98,1.78,2.06,1.93,2627,england,Premier League
E0,30/08/2026,14:00,Sunderland,Fulham,1,0,H,0,0,D,M Salisbury,2.02,0.95,12,11,4,0,10,15,3,4,0,2,0,0,2.4,3.2,3.1,2.4,3.4,2.88,2.38,3.25,2.9,2.37,3.25,3.0,2.4,3.2,3.0,2.4,3.1,2.9,2.45,3.4,3.1,2.39,3.24,2.96,2.56,3.35,3.15,2.0,1.8,2.25,1.8,2.01,1.74,2.14,1.84,-0.25,2.05,1.8,2.05,1.8,2.01,1.75,2.19,1.83,2.2,3.3,3.4,2.25,3.4,3.2,2.25,3.2,3.4,2.2,3.3,3.25,2.2,3.25,3.3,2.2,3.3,3.3,2.26,3.4,3.41,2.22,3.29,3.28,2.32,3.4,3.55,2.0,1.8,2.2,1.83,2.0,1.76,2.1,1.89,-0.25,1.93,1.93,1.93,1.93,1.89,1.86,1.98,2.0,2627,england,Premier League
E0,30/08/2026,16:30,Man United,Ipswich,5,2,H,1,1,D,C Pawson,4.56,2.01,33,9,11,5,7,12,8,4,1,3,0,0,1.42,5.0,7.0,1.4,5.0,7.5,1.36,4.8,7.5,1.43,5.0,6.5,1.4,4.75,7.0,1.4,4.75,7.0,1.43,5.0,7.8,1.4,4.82,6.94,1.45,5.1,8.0,1.57,2.38,1.6,2.38,1.57,2.29,1.65,2.46,-1.25,1.88,1.98,1.9,1.98,1.86,1.89,1.94,1.98,1.33,5.5,7.5,1.33,5.5,8.0,1.3,5.75,9.0,1.35,5.5,7.5,1.33,5.0,8.0,1.33,5.5,8.0,1.38,5.75,9.0,1.34,5.39,7.68,1.39,5.8,9.0,1.4,3.0,1.45,3.1,1.39,2.86,1.44,3.2,-1.5,1.9,1.95,1.93,1.95,1.88,1.85,2.0,1.99,2627,england,Premier League
E0,31/08/2026,20:00,Aston Villa,Arsenal,0,1,A,0,0,D,J Gillett,0.32,1.05,7,7,0,2,17,6,2,4,3,1,0,0,6.0,4.1,1.53,6.0,4.2,1.53,6.0,4.1,1.5,5.75,4.1,1.55,6.5,4.0,1.5,6.25,4.0,1.5,6.5,4.2,1.55,5.99,4.11,1.52,7.0,4.4,1.56,1.83,2.03,1.83,2.1,1.75,2.0,1.9,2.06,1.0,1.93,1.93,1.93,1.93,1.87,1.86,1.97,1.95,6.5,4.33,1.48,7.0,4.5,1.44,7.0,4.5,1.44,6.5,4.4,1.49,6.5,4.5,1.44,6.5,4.5,1.44,7.2,4.5,1.52,6.54,4.41,1.47,7.4,4.8,1.51,1.73,2.1,1.75,2.15,1.7,2.08,1.81,2.2,1.0,2.05,1.75,2.1,1.8,2.05,1.72,2.15,1.86,2627,england,Premier League
E1,14/08/2026,20:00,Wolves,Blackburn,2,2,D,1,1,D,F Hallam,1.97,0.84,18,10,3,5,10,16,5,5,1,3,0,0,1.49,3.9,6.25,1.53,4.2,6.0,1.53,4.1,6.0,1.55,4.2,5.75,1.5,4.0,6.0,1.5,4.2,6.0,1.57,4.33,6.75,1.53,4.12,6.02,1.57,4.3,7.0,1.91,1.91,1.91,1.95,1.82,1.92,1.93,2.04,-1.0,1.93,1.93,1.93,1.93,1.88,1.87,1.99,1.98,1.42,4.2,7.0,1.5,4.2,6.5,1.45,4.4,7.0,1.51,4.33,6.25,1.44,4.0,6.5,1.44,4.2,6.5,1.52,4.4,7.0,1.48,4.27,6.5,1.54,4.5,7.6,1.8,2.0,1.9,2.0,1.82,1.91,1.92,2.06,-1.0,1.8,2.05,1.83,2.05,1.77,1.98,1.88,2.09,2627,england,Championship
E1,15/08/2026,12:30,Bolton,Preston,2,1,H,2,0,H,A Herczeg,1.11,1.12,15,10,6,3,12,11,5,2,2,3,0,0,2.15,3.3,3.3,2.2,3.5,3.2,2.2,3.4,3.2,2.25,3.3,3.2,2.15,3.4,3.2,2.15,3.4,3.1,2.25,3.5,3.3,2.19,3.37,3.21,2.3,3.45,3.45,2.0,1.85,2.0,1.85,1.93,1.82,2.04,1.89,-0.25,1.93,1.93,1.93,1.93,1.87,1.87,1.96,1.99,2.3,3.25,3.0,2.38,3.4,3.0,2.38,3.3,3.0,2.4,3.3,2.95,2.3,3.2,3.0,2.3,3.3,3.0,2.4,3.4,3.25,2.34,3.29,3.02,2.5,3.45,3.2,2.0,1.8,2.0,1.8,1.98,1.77,2.12,1.88,-0.25,2.05,1.8,2.05,1.88,1.96,1.78,2.12,1.87,2627,england,Championship
E1,15/08/2026,15:00,Bristol City,Millwall,0,2,A,0,1,A,L Smith,0.52,3.4,8,24,0,3,8,12,6,6,2,2,1,0,2.5,3.4,2.65,2.63,3.5,2.6,2.6,3.4,2.63,2.6,3.3,2.65,2.6,3.4,2.6,2.6,3.4,2.6,2.68,3.5,2.75,2.59,3.37,2.63,2.7,3.5,2.82,1.98,1.88,1.98,1.88,1.91,1.83,2.02,1.91,0.0,1.88,1.98,1.88,1.98,1.85,1.89,1.93,2.01,2.4,3.4,2.75,2.5,3.4,2.75,2.45,3.4,2.8,2.55,3.4,2.7,2.5,3.25,2.7,2.45,3.4,2.75,2.6,3.5,2.8,2.49,3.38,2.73,2.62,3.55,2.92,1.91,1.91,1.95,1.91,1.89,1.85,2.0,1.96,0.0,1.8,2.05,1.83,2.05,1.78,1.97,1.88,2.11,2627,england,Championship
E1,15/08/2026,15:00,Charlton,Derby,2,1,H,0,1,A,B Speedie,0.97,1.0,13,15,4,4,7,16,5,4,0,3,0,0,2.65,3.2,2.65,2.75,3.3,2.63,2.7,3.2,2.63,2.65,3.25,2.7,2.63,3.3,2.63,2.63,3.25,2.63,2.75,3.3,2.75,2.66,3.23,2.66,2.9,3.35,2.78,2.2,1.67,2.2,1.73,2.12,1.67,2.26,1.75,0.0,1.93,1.93,1.93,1.93,1.87,1.87,2.03,1.95,2.65,3.1,2.75,2.63,3.25,2.75,2.63,3.13,2.8,2.65,3.1,2.8,2.63,3.0,2.75,2.63,3.2,2.75,2.75,3.25,2.8,2.65,3.13,2.74,2.8,3.25,2.92,2.38,1.57,2.38,1.65,2.23,1.61,2.38,1.7,0.0,1.88,1.98,1.9,1.98,1.85,1.89,1.94,2.03,2627,england,Championship
E1,15/08/2026,15:00,Middlesbrough,Lincoln,2,1,H,0,1,A,R Madley,2.23,0.57,23,10,7,2,12,12,5,5,0,2,0,0,1.3,5.5,8.0,1.33,5.0,9.5,1.33,5.0,9.5,1.35,5.25,8.25,1.3,5.0,9.5,1.3,5.0,9.0,1.35,5.5,9.6,1.32,5.11,8.91,1.36,5.7,11.0,1.67,2.2,1.67,2.2,1.64,2.18,1.71,2.32,-1.5,1.98,1.88,1.98,1.88,1.92,1.81,2.06,1.89,1.49,4.5,5.75,1.5,4.2,6.5,1.5,4.2,6.5,1.5,4.5,6.0,1.44,4.2,6.5,1.44,4.33,6.5,1.52,4.5,6.66,1.49,4.34,6.28,1.53,4.5,7.6,1.8,2.0,1.8,2.1,1.75,2.02,1.85,2.16,-1.0,1.88,1.98,1.88,1.98,1.8,1.94,1.91,2.08,2627,england,Championship
E1,15/08/2026,15:00,Norwich,West Brom,1,2,A,0,0,D,T Robinson,2.97,1.85,20,9,7,4,13,13,8,2,0,2,0,0,1.91,3.5,3.8,1.95,3.6,3.75,1.93,3.5,3.9,1.98,3.5,3.8,1.95,3.5,3.75,1.95,3.5,3.6,2.0,3.65,3.9,1.95,3.52,3.77,2.04,3.65,3.95,1.98,1.88,1.98,1.88,1.88,1.84,1.98,1.95,-0.5,1.98,1.88,1.98,1.88,1.9,1.82,2.04,1.92,1.91,3.5,3.8,1.95,3.6,3.75,1.95,3.6,3.75,1.98,3.6,3.6,1.95,3.5,3.75,1.95,3.6,3.75,2.0,3.6,4.1,1.96,3.54,3.72,2.04,3.7,4.0,1.91,1.91,1.93,1.91,1.86,1.88,1.98,1.99,-0.5,2.0,1.85,2.0,1.85,1.91,1.82,2.04,1.94,2627,england,Championship
E1,15/08/2026,15:00,Portsmouth,QPR,1,3,A,1,3,A,W Finnie,2.18,2.07,17,13,6,6,9,13,6,3,0,1,0,0,2.25,3.4,3.0,2.3,3.4,3.1,,,,2.35,3.3,3.0,2.2,3.4,3.0,2.2,3.4,3.0,2.35,3.45,3.15,2.28,3.38,3.03,,,,2.0,1.85,2.0,1.85,1.93,1.81,,,-0.25,2.03,1.83,2.03,1.83,1.96,1.8,,,2.25,3.2,3.2,2.3,3.3,3.1,2.38,3.2,3.13,2.37,3.2,3.0,2.3,3.1,3.0,2.3,3.3,3.0,2.38,3.3,3.25,2.34,3.2,3.1,2.46,3.35,3.3,2.2,1.67,2.25,1.67,2.18,1.64,2.36,1.71,-0.25,2.0,1.85,2.0,1.85,1.95,1.79,2.09,1.9,2627,england,Championship
E1,15/08/2026,15:00,Stoke,Swansea,1,2,A,1,1,D,O Langford,0.65,0.62,6,7,2,3,14,9,4,5,1,3,0,0,2.32,3.2,3.1,2.4,3.4,2.88,,,,2.4,3.3,2.9,2.45,3.3,2.88,2.45,3.25,2.8,2.46,3.4,3.1,2.41,3.3,2.92,,,,2.1,1.73,2.1,1.73,2.07,1.7,,,-0.25,2.05,1.8,2.05,1.8,2.04,1.75,,,2.25,3.4,3.1,2.25,3.5,3.1,2.3,3.4,3.0,2.25,3.4,3.1,2.25,3.25,3.0,2.25,3.4,3.0,2.33,3.5,3.1,2.28,3.37,3.05,2.4,3.5,3.25,1.91,1.91,1.95,1.91,1.92,1.82,2.04,1.92,-0.25,2.03,1.83,2.03,1.83,1.94,1.8,2.06,1.93,2627,england,Championship
E1,15/08/2026,17:30,Sheffield United,Birmingham,0,0,D,0,0,D,G Ward,0.29,0.76,3,10,1,2,12,12,2,8,0,0,0,0,2.45,3.3,2.75,2.5,3.4,2.8,2.45,3.3,2.88,2.5,3.3,2.8,2.4,3.3,2.8,2.4,3.3,2.8,2.54,3.4,2.88,2.46,3.3,2.83,2.58,3.4,3.0,2.03,1.83,2.03,1.83,1.96,1.78,2.08,1.86,0.0,1.8,2.05,1.8,2.05,1.75,2.0,1.83,2.15,2.15,3.3,3.3,2.2,3.4,3.25,2.2,3.3,3.3,2.15,3.3,3.3,2.15,3.25,3.3,2.1,3.4,3.3,2.25,3.5,3.33,2.18,3.32,3.25,2.28,3.5,3.55,2.1,1.73,2.1,1.8,2.02,1.75,2.14,1.85,-0.25,1.9,1.95,1.93,1.95,1.87,1.87,1.95,2.02,2627,england,Championship
E1,16/08/2026,13:30,Watford,Southampton,2,1,H,2,0,H,M Donohue,0.81,1.71,16,17,3,3,12,9,4,8,6,3,0,0,3.4,3.5,2.05,3.3,3.6,2.1,,,,3.3,3.6,2.1,3.4,3.5,2.0,3.4,3.5,2.05,3.4,3.65,2.16,3.31,3.53,2.09,,,,1.73,2.1,1.75,2.1,1.71,2.07,,,0.25,2.0,1.85,2.0,1.85,1.95,1.81,,,3.7,3.5,1.91,3.5,3.75,2.0,3.6,3.7,1.95,3.4,3.6,2.05,3.6,3.5,1.95,3.6,3.7,1.95,3.8,3.75,2.05,3.6,3.66,1.96,3.9,3.8,2.06,1.73,2.1,1.73,2.2,1.69,2.1,1.78,2.26,0.5,1.88,1.98,1.91,1.98,1.82,1.91,,,2627,england,Championship
E1,16/08/2026,16:00,Burnley,West Ham,2,2,D,0,1,A,J Smith,2.33,1.33,18,11,6,2,12,9,5,6,1,4,0,0,2.85,3.5,2.25,2.88,3.6,2.3,,,,2.95,3.6,2.25,2.8,3.6,2.3,2.8,3.6,2.3,2.96,3.6,2.36,2.88,3.55,2.27,,,,1.73,2.1,1.73,2.1,1.69,2.08,,,0.25,1.85,2.0,1.85,2.0,1.81,1.95,,,3.0,3.5,2.2,3.0,3.6,2.25,3.2,3.4,2.2,2.95,3.5,2.3,3.0,3.4,2.25,3.0,3.5,2.25,3.2,3.6,2.3,3.03,3.49,2.24,3.2,3.65,2.4,1.73,2.1,1.8,2.1,1.74,2.03,1.86,2.14,0.25,1.88,1.98,1.88,1.98,1.83,1.91,1.93,2.07,2627,england,Championship
E1,17/08/2026,20:00,Cardiff,Wrexham,1,1,D,0,1,A,A Kitchen,0.9,1.55,11,18,3,8,9,13,9,9,0,2,0,0,2.3,3.5,2.82,2.3,3.6,2.88,,,,2.35,3.5,2.85,2.3,3.6,2.8,2.3,3.6,2.8,2.38,3.6,2.98,2.32,3.52,2.84,,,,1.73,2.1,1.73,2.1,1.71,2.05,,,-0.25,2.05,1.8,2.05,1.8,2.0,1.77,,,2.45,3.5,2.65,2.5,3.6,2.63,2.45,3.6,2.7,2.45,3.5,2.7,2.45,3.4,2.7,2.45,3.6,2.7,2.57,3.7,2.75,2.46,3.52,2.68,2.62,3.7,2.84,1.67,2.2,1.7,2.25,1.65,2.16,1.74,2.32,0.0,1.85,2.0,1.85,2.0,1.81,1.94,1.9,2.09,2627,england,Championship
E1,22/08/2026,12:30,Birmingham,Bristol City,2,2,D,1,1,D,W Finnie,1.97,1.42,8,14,2,6,13,12,7,3,2,1,0,0,1.71,3.75,4.33,1.8,3.6,4.33,1.75,3.75,4.4,1.72,3.5,4.0,1.75,3.7,4.33,1.8,3.6,4.2,1.88,3.75,4.4,1.79,3.66,4.22,1.85,3.95,4.6,1.8,2.0,1.8,2.0,1.79,1.96,1.91,2.02,-0.5,1.75,2.05,1.8,2.05,1.76,1.98,1.85,2.14,1.62,3.7,5.0,1.73,3.75,4.6,1.7,3.7,5.0,1.66,3.4,4.4,1.7,3.6,4.75,1.7,3.75,4.75,1.77,3.75,5.0,1.71,3.67,4.76,1.76,3.95,5.5,1.98,1.88,1.98,1.88,1.93,1.81,2.06,1.92,-0.75,1.9,1.95,1.95,1.95,1.89,1.85,2.0,1.98,2627,england,Championship
E1,22/08/2026,12:30,Lincoln,Portsmouth,1,3,A,1,2,A,T Harrington,2.33,1.21,15,13,4,7,17,15,8,3,3,1,0,0,2.35,3.4,2.75,2.4,3.5,2.8,2.38,3.4,2.9,2.45,3.4,2.8,2.3,3.3,3.0,2.3,3.25,3.0,2.52,3.5,3.0,2.38,3.38,2.87,2.48,3.45,3.15,2.0,1.85,2.0,1.88,1.92,1.82,2.04,1.92,-0.25,2.05,1.8,2.1,1.8,2.02,1.74,2.12,1.87,2.25,3.3,3.0,2.38,3.4,3.0,2.38,3.3,3.0,2.3,3.3,3.1,2.3,3.25,3.0,2.3,3.4,3.0,2.38,3.4,3.14,2.32,3.31,3.04,2.44,3.5,3.25,2.1,1.73,2.1,1.8,2.0,1.76,2.14,1.87,-0.25,2.03,1.83,2.03,1.83,1.97,1.78,2.09,1.9,2627,england,Championship
E1,22/08/2026,12:30,Millwall,Norwich,3,0,H,1,0,H,S Allison,2.7,1.02,19,8,7,2,14,8,8,3,1,3,0,1,2.15,3.4,3.1,2.2,3.5,3.2,2.2,3.4,3.2,2.2,3.4,3.2,2.2,3.4,3.2,2.2,3.3,3.2,2.25,3.5,3.25,2.2,3.4,3.17,2.3,3.6,3.4,2.0,1.85,2.0,1.85,1.9,1.83,2.0,1.96,-0.25,1.93,1.93,1.93,1.93,1.89,1.86,1.98,1.99,2.82,3.5,2.3,2.8,3.6,2.4,2.8,3.5,2.38,2.75,3.5,2.45,2.7,3.25,2.5,2.7,3.4,2.5,2.88,3.6,2.5,2.78,3.47,2.41,2.98,3.55,2.58,1.73,2.1,1.8,2.1,1.76,1.99,1.88,2.1,0.0,2.1,1.7,2.1,1.8,2.02,1.73,2.14,1.85,2627,england,Championship
E1,22/08/2026,15:00,Blackburn,Middlesbrough,2,1,H,0,1,A,T Reeves,0.91,1.43,6,22,5,3,10,10,2,10,4,1,0,0,3.5,3.4,2.01,3.3,3.5,2.15,3.5,3.4,2.1,3.4,3.4,2.1,3.5,3.3,2.1,3.4,3.3,2.05,3.5,3.5,2.16,3.43,3.38,2.1,3.7,3.55,2.2,2.0,1.85,2.0,1.85,1.97,1.78,2.06,1.9,0.25,2.05,1.8,2.05,1.8,1.97,1.77,2.08,1.89,3.7,3.6,1.86,3.75,3.6,1.95,3.7,3.6,1.95,3.6,3.6,2.0,3.75,3.4,1.91,3.75,3.6,1.95,3.75,3.6,2.0,3.69,3.56,1.95,4.0,3.75,2.04,1.83,2.03,1.84,2.03,1.8,1.94,1.9,2.08,0.5,1.9,1.95,1.9,1.98,1.81,1.92,1.94,2.03,2627,england,Championship
E1,22/08/2026,15:00,Derby,Cardiff,2,2,D,1,2,A,R Ricardo,1.62,1.98,15,16,7,7,12,10,7,7,5,1,0,0,1.91,3.5,3.75,2.0,3.5,3.75,1.95,3.5,3.8,2.0,3.4,3.7,1.95,3.4,3.8,1.95,3.4,3.8,2.0,3.65,4.0,1.96,3.5,3.74,2.04,3.65,4.0,2.03,1.83,2.03,1.83,1.95,1.79,2.02,1.91,-0.5,1.98,1.88,1.98,1.93,1.91,1.82,2.04,1.93,2.15,3.5,3.1,2.15,3.5,3.5,2.2,3.5,3.1,2.2,3.4,3.2,2.1,3.25,3.4,2.1,3.4,3.4,2.2,3.6,3.5,2.15,3.43,3.25,2.28,3.55,3.5,1.8,2.0,1.84,2.0,1.79,1.95,1.87,2.1,-0.25,1.95,1.9,1.95,1.95,1.86,1.88,1.94,2.05,2627,england,Championship
E1,22/08/2026,15:00,Preston,Wolves,1,3,A,0,1,A,E Bell,0.66,1.54,13,16,2,5,11,10,5,4,4,1,0,0,4.2,3.4,1.81,4.0,3.75,1.83,4.0,3.7,1.85,4.0,3.7,1.85,4.0,3.75,1.85,3.9,3.6,1.85,4.2,3.75,1.88,4.03,3.64,1.85,4.4,3.75,1.95,1.8,2.0,1.8,2.05,1.75,2.0,1.89,2.04,0.5,1.98,1.88,1.98,1.88,1.92,1.81,2.02,1.95,3.7,3.2,2.05,3.6,3.6,2.0,3.6,3.4,2.05,3.4,3.4,2.1,3.6,3.4,2.0,3.6,3.5,2.0,3.75,3.6,2.1,3.6,3.44,2.02,4.0,3.55,2.1,2.0,1.85,2.0,1.95,1.87,1.86,2.04,1.94,0.5,1.73,2.08,1.8,2.08,1.75,1.97,1.88,2.11,2627,england,Championship
E1,22/08/2026,15:00,QPR,Bolton,0,0,D,0,0,D,E Duckworth,1.81,0.19,18,2,10,0,6,8,9,2,1,2,0,0,1.86,3.6,3.75,1.91,3.6,4.0,1.87,3.6,4.0,1.9,3.6,3.9,1.91,3.6,3.8,1.91,3.6,3.75,1.95,3.8,4.0,1.9,3.63,3.82,1.98,3.8,4.2,1.93,1.93,1.93,1.93,1.87,1.86,1.97,1.98,-0.5,1.93,1.93,1.93,1.93,1.86,1.86,1.98,2.0,1.81,3.7,3.9,1.91,3.75,3.75,1.85,3.6,4.1,1.9,3.6,3.9,1.85,3.6,4.0,1.85,3.75,4.0,1.94,3.75,4.1,1.88,3.63,3.9,1.97,3.8,4.2,1.88,1.98,1.9,1.98,1.84,1.9,1.91,2.06,-0.5,1.88,1.98,1.88,1.98,1.84,1.89,1.97,2.01,2627,england,Championship
E1,22/08/2026,15:00,Southampton,Stoke,3,1,H,1,1,D,S Martin,2.32,0.93,18,15,5,2,10,21,4,2,3,5,0,1,1.57,4.0,5.0,1.6,4.2,5.0,1.57,4.1,5.5,1.66,4.0,4.8,1.57,4.2,5.0,1.57,4.2,5.0,1.66,4.2,5.6,1.59,4.1,5.11,1.64,4.5,5.7,1.73,2.1,1.73,2.2,1.66,2.13,1.75,2.26,-1.0,2.05,1.8,2.05,1.8,1.98,1.77,2.07,1.87,1.56,4.0,5.0,1.67,4.0,5.0,1.62,4.1,5.0,1.63,4.33,4.75,1.6,4.2,4.75,1.6,4.33,4.75,1.67,4.33,5.2,1.62,4.13,4.89,1.69,4.5,5.2,1.67,2.2,1.67,2.25,1.63,2.2,1.72,2.34,-0.75,1.83,2.03,1.83,2.03,1.78,1.97,1.86,2.12,2627,england,Championship
E1,22/08/2026,15:00,Swansea,Sheffield United,0,0,D,0,0,D,T Nield,0.57,1.46,9,12,1,2,14,10,6,3,2,2,0,0,2.32,3.4,2.82,2.38,3.5,2.88,2.38,3.4,2.9,2.4,3.4,2.9,2.3,3.5,2.88,2.3,3.5,2.8,2.4,3.5,3.15,2.35,3.39,2.9,2.46,3.55,3.1,1.9,1.95,1.9,1.95,1.83,1.91,1.95,2.0,-0.25,2.05,1.8,2.05,1.8,2.0,1.75,2.11,1.87,2.65,3.25,2.55,2.63,3.4,2.6,2.75,3.3,2.55,2.7,3.3,2.6,2.63,3.2,2.63,2.63,3.3,2.63,2.75,3.45,2.65,2.67,3.3,2.59,2.82,3.45,2.76,2.03,1.83,2.05,1.83,1.96,1.8,2.06,1.91,0.0,2.0,1.85,2.0,1.9,1.92,1.82,2.02,1.96,2627,england,Championship
E1,22/08/2026,15:00,West Ham,Charlton,1,2,A,0,1,A,A Kitchen,2.84,0.62,25,7,9,5,9,16,7,4,2,3,0,0,1.33,4.75,8.0,1.4,4.6,8.0,1.36,4.8,8.5,1.38,5.0,7.75,1.33,4.75,8.0,1.36,4.75,8.0,1.4,5.0,8.5,1.37,4.81,7.93,1.41,5.3,9.0,1.73,2.1,1.73,2.2,1.66,2.14,1.73,2.26,2.75,1.9,1.95,1.9,1.95,1.87,1.93,,,1.39,4.5,6.5,1.44,4.6,7.0,1.4,4.8,7.0,1.44,4.8,6.5,1.36,4.75,7.0,1.4,5.0,7.0,1.47,5.0,7.0,1.41,4.74,6.73,1.45,5.2,8.0,1.57,2.38,1.62,2.4,1.57,2.32,1.64,2.5,-1.25,1.95,1.9,1.95,1.9,1.9,1.84,2.02,1.95,2627,england,Championship
E1,22/08/2026,15:00,Wrexham,Watford,1,1,D,1,1,D,J Busby,1.92,0.65,12,10,2,6,13,11,10,3,2,0,0,0,1.86,3.5,4.0,1.95,3.6,3.75,1.9,3.6,3.9,1.95,3.6,3.75,1.87,3.5,4.0,1.85,3.5,4.0,1.95,3.6,4.0,1.91,3.55,3.87,1.96,3.8,4.3,1.9,1.95,1.9,1.95,1.83,1.91,1.93,1.99,-0.5,1.93,1.93,1.93,1.93,1.86,1.86,1.96,2.03,1.71,3.6,4.5,1.83,3.75,4.2,1.75,3.75,4.4,1.8,3.75,4.33,1.75,3.6,4.33,1.75,3.75,4.33,1.84,3.8,4.5,1.79,3.69,4.27,1.86,3.9,4.7,1.85,2.0,1.85,2.0,1.82,1.93,1.91,2.06,-0.5,1.75,2.05,1.8,2.05,1.76,1.97,1.86,2.14,2627,england,Championship
E1,23/08/2026,12:00,West Brom,Burnley,3,1,H,1,1,D,A Backhouse,1.63,1.18,11,11,7,3,8,13,3,5,1,2,0,0,2.7,3.3,2.45,2.75,3.4,2.5,2.75,3.3,2.55,2.8,3.3,2.5,2.7,3.3,2.5,2.7,3.3,2.5,2.82,3.4,2.55,2.75,3.29,2.51,2.9,3.35,2.62,2.1,1.73,2.1,1.78,2.03,1.73,2.14,1.83,0.0,2.03,1.83,2.03,1.83,1.96,1.79,2.05,1.87,2.4,3.4,2.7,2.5,3.4,2.8,2.45,3.4,2.8,2.45,3.3,2.85,2.45,3.2,2.88,2.45,3.3,2.88,2.55,3.4,2.88,2.46,3.31,2.81,2.58,3.45,3.05,1.91,1.91,1.95,1.91,1.87,1.87,2.02,1.96,0.0,1.8,2.05,1.8,2.05,1.76,1.99,1.83,2.16,2627,england,Championship
E1,28/08/2026,20:00,Wrexham,Birmingham,1,2,A,0,1,A,R Jones,1.42,1.63,9,9,4,4,8,14,3,6,1,2,0,0,2.15,3.4,3.3,2.25,3.5,3.1,2.2,3.4,3.25,2.2,3.4,3.25,2.2,3.25,3.3,2.2,3.3,3.3,2.25,3.5,3.35,2.2,3.36,3.24,2.32,3.45,3.45,2.0,1.8,2.05,1.83,1.98,1.77,2.12,1.87,-0.25,1.93,1.93,1.93,1.93,1.86,1.89,1.98,1.99,2.15,3.25,3.5,2.2,3.3,3.4,2.15,3.25,3.5,2.2,3.25,3.4,2.15,3.1,3.4,2.2,3.25,3.4,2.26,3.3,3.5,2.18,3.22,3.42,2.3,3.35,3.7,2.2,1.67,2.25,1.67,2.19,1.64,2.32,1.74,-0.25,1.88,1.98,1.9,1.98,1.84,1.91,1.95,2.03,2627,england,Championship
E1,29/08/2026,12:30,Derby,Swansea,0,3,A,0,2,A,D Webb,0.7,3.0,8,23,0,12,16,7,5,6,3,2,0,0,2.2,3.25,3.2,2.3,3.4,3.1,2.3,3.3,3.1,2.25,3.3,3.1,2.25,3.3,3.1,2.25,3.3,3.1,2.35,3.4,3.2,2.28,3.29,3.1,2.44,3.4,3.3,2.1,1.73,2.1,1.75,2.06,1.71,2.14,1.81,-0.25,2.0,1.85,2.0,1.85,1.94,1.81,2.08,1.89,2.35,3.2,3.0,2.38,3.3,3.0,2.38,3.25,3.0,2.4,3.3,2.95,2.3,3.2,3.0,2.3,3.3,3.0,2.4,3.33,3.05,2.35,3.27,2.98,2.5,3.4,3.15,2.1,1.73,2.1,1.73,2.06,1.71,2.2,1.8,-0.25,2.1,1.7,2.1,1.78,2.01,1.74,2.15,1.86,2627,england,Championship
E1,29/08/2026,12:30,Middlesbrough,West Brom,3,1,H,0,0,D,P Tierney,2.46,1.4,15,12,6,4,15,6,7,6,0,1,0,0,1.71,3.8,4.5,1.73,3.75,4.6,1.73,3.75,4.6,1.75,3.8,4.5,1.73,3.8,4.5,1.73,3.75,4.33,1.77,3.85,4.65,1.74,3.76,4.5,1.84,4.0,4.7,1.88,1.98,1.88,2.0,1.81,1.93,1.89,2.08,-0.5,1.73,2.08,1.73,2.1,1.7,2.06,1.84,2.17,1.71,3.8,4.5,1.73,4.0,4.5,1.73,3.9,4.5,1.72,4.0,4.5,1.7,3.8,4.4,1.7,4.0,4.4,1.73,4.0,4.75,1.72,3.89,4.51,1.78,4.2,4.8,1.73,2.1,1.74,2.2,1.7,2.08,1.79,2.24,-0.75,1.93,1.93,1.93,1.93,1.9,1.85,2.01,1.96,2627,england,Championship
E1,29/08/2026,12:30,Wolves,Stoke,4,1,H,2,1,H,T Nield,2.64,0.88,18,10,8,3,13,15,7,1,1,4,0,0,1.45,4.33,6.5,1.53,4.33,6.0,1.5,4.2,6.5,1.51,4.33,6.0,1.5,4.33,6.0,1.5,4.33,6.0,1.53,4.5,6.5,1.5,4.3,6.11,1.57,4.5,6.8,1.73,2.1,1.73,2.1,1.69,2.09,1.77,2.2,-1.0,1.85,2.0,1.85,2.0,1.8,1.94,1.91,2.03,1.62,3.8,4.75,1.67,4.0,5.0,1.67,3.8,5.0,1.68,4.0,4.75,1.62,3.8,5.0,1.62,4.0,5.0,1.68,4.0,5.25,1.66,3.88,4.92,1.73,4.1,5.4,1.83,2.03,1.83,2.05,1.76,1.99,1.89,2.1,-0.75,1.9,1.95,1.9,2.05,1.81,1.94,1.95,2.04,2627,england,Championship
E1,29/08/2026,15:00,Blackburn,QPR,1,2,A,0,0,D,G Ward,0.92,1.34,12,19,2,6,12,6,3,3,3,2,0,0,2.5,3.3,2.65,2.4,3.4,2.88,2.5,3.3,2.8,2.45,3.3,2.85,2.63,3.2,2.7,2.6,3.2,2.7,2.63,3.4,2.88,2.48,3.29,2.78,2.64,3.45,2.9,2.0,1.8,2.05,1.8,1.99,1.76,2.1,1.86,0.0,1.85,2.0,1.85,2.0,1.79,1.96,1.87,2.13,2.82,3.4,2.32,2.8,3.4,2.5,2.88,3.4,2.4,2.8,3.4,2.45,2.8,3.3,2.4,2.8,3.4,2.4,2.88,3.4,2.54,2.8,3.37,2.43,2.98,3.55,2.56,1.95,1.9,1.95,1.91,1.9,1.84,2.04,1.95,0.0,2.08,1.73,2.08,1.78,2.02,1.73,2.16,1.85,2627,england,Championship
E1,29/08/2026,15:00,Bolton,Lincoln,0,1,A,0,0,D,B Speedie,1.61,1.08,21,8,6,2,6,15,14,2,0,3,0,0,2.45,3.25,2.75,2.4,3.4,2.88,2.45,3.3,2.88,2.4,3.3,2.9,2.4,3.3,2.88,2.4,3.3,2.8,2.48,3.4,3.0,2.42,3.3,2.87,2.6,3.4,2.98,2.05,1.8,2.05,1.8,2.0,1.76,2.08,1.84,0.0,1.8,2.05,1.8,2.05,1.74,2.02,1.83,2.11,2.4,3.4,2.7,2.4,3.5,2.8,2.4,3.4,2.88,2.45,3.4,2.8,2.4,3.3,2.8,2.4,3.4,2.8,2.48,3.5,2.9,2.42,3.37,2.81,2.56,3.55,2.98,1.83,2.03,1.9,2.03,1.85,1.89,1.96,2.02,0.0,1.8,2.05,1.8,2.05,1.75,2.01,1.83,2.16,2627,england,Championship
E1,29/08/2026,15:00,Bristol City,Portsmouth,2,1,H,1,0,H,J Bell,0.61,1.37,9,14,3,1,15,6,3,10,3,0,0,0,2.1,3.4,3.3,2.2,3.4,3.25,2.15,3.3,3.4,2.15,3.4,3.4,2.1,3.3,3.3,2.1,3.3,3.3,2.24,3.4,3.4,2.15,3.34,3.3,2.22,3.5,3.55,2.1,1.73,2.1,1.75,2.03,1.73,2.12,1.85,-0.25,1.88,1.98,1.88,1.98,1.83,1.91,1.92,2.04,2.15,3.5,3.1,2.15,3.5,3.25,2.15,3.5,3.25,2.15,3.4,3.3,2.1,3.4,3.2,2.15,3.5,3.25,2.18,3.5,3.35,2.14,3.46,3.25,2.24,3.7,3.45,1.88,1.98,1.93,1.98,1.86,1.87,1.96,2.0,-0.25,1.93,1.93,1.93,1.93,1.84,1.9,1.95,2.03,2627,england,Championship
E1,29/08/2026,15:00,Cardiff,Sheffield United,2,2,D,2,2,D,J Busby,1.84,1.53,28,6,10,4,12,11,13,2,2,2,0,0,2.55,3.5,2.5,2.5,3.6,2.6,2.6,3.5,2.55,2.55,3.6,2.6,2.5,3.6,2.6,2.5,3.6,2.6,2.65,3.6,2.62,2.55,3.53,2.57,2.7,3.7,2.7,1.73,2.1,1.73,2.12,1.7,2.07,1.81,2.16,0.0,1.93,1.93,1.93,1.93,1.88,1.85,1.98,1.98,2.65,3.6,2.32,2.75,3.75,2.38,2.8,3.75,2.3,2.8,3.6,2.37,2.7,3.6,2.3,2.7,3.75,2.3,2.88,3.75,2.38,2.74,3.67,2.34,2.88,3.9,2.48,1.57,2.38,1.62,2.4,1.56,2.35,1.62,2.56,0.25,1.8,2.05,1.8,2.05,1.75,2.01,1.84,2.16,2627,england,Championship
E1,29/08/2026,15:00,Charlton,Preston,1,0,H,0,0,D,T Reeves,0.87,0.91,15,12,2,1,11,21,7,4,1,1,0,0,2.05,3.3,3.6,2.1,3.3,3.6,2.1,3.3,3.6,2.15,3.3,3.5,2.1,3.3,3.5,2.05,3.3,3.5,2.15,3.3,3.65,2.09,3.28,3.55,2.16,3.45,3.85,2.1,1.73,2.1,1.73,2.09,1.69,2.2,1.78,-0.5,2.08,1.73,2.08,1.73,2.04,1.71,2.16,1.83,2.05,3.4,3.5,2.15,3.4,3.4,2.05,3.4,3.6,2.05,3.4,3.6,2.05,3.25,3.5,2.05,3.4,3.5,2.16,3.4,3.6,2.08,3.35,3.5,2.18,3.55,3.75,2.03,1.83,2.1,1.83,2.03,1.75,2.1,1.89,-0.5,2.08,1.73,2.1,1.75,2.03,1.72,2.19,1.83,2627,england,Championship
E1,29/08/2026,15:00,Norwich,Burnley,4,1,H,3,1,H,E Bell,1.92,0.95,20,16,6,4,14,5,3,5,4,3,0,1,2.2,3.6,3.0,2.25,3.6,3.0,2.25,3.5,3.0,2.35,3.5,2.9,2.2,3.5,3.0,2.2,3.5,3.0,2.35,3.6,3.05,2.24,3.52,3.0,2.34,3.65,3.2,1.8,2.0,1.8,2.0,1.76,1.98,1.83,2.12,-0.25,1.98,1.88,1.98,1.88,1.92,1.82,2.02,1.93,1.91,3.6,3.6,2.05,3.75,3.3,1.95,3.75,3.5,1.98,3.75,3.5,1.95,3.6,3.5,1.95,3.75,3.5,2.1,3.75,3.6,1.99,3.66,3.43,2.08,3.9,3.75,1.67,2.2,1.67,2.25,1.64,2.18,1.73,2.32,-0.5,2.0,1.85,2.0,1.85,1.95,1.78,2.06,1.91,2627,england,Championship
E1,29/08/2026,15:00,Southampton,Millwall,5,1,H,2,1,H,A Herczeg,3.21,1.1,21,15,7,5,6,10,8,11,2,1,0,0,1.91,3.6,3.6,1.95,3.75,3.6,2.0,3.6,3.6,1.95,3.6,3.7,1.95,3.6,3.6,1.95,3.6,3.5,2.02,3.75,3.75,1.96,3.58,3.62,2.04,3.85,3.85,1.83,2.03,1.83,2.03,1.79,1.96,1.87,2.08,-0.5,2.0,1.85,2.0,1.85,1.92,1.81,2.04,1.92,1.96,3.75,3.3,,,,,,,1.98,3.7,3.5,1.91,3.7,3.5,1.95,3.8,3.6,1.98,3.8,3.6,1.95,3.73,3.49,2.06,4.0,3.75,1.62,2.3,1.65,2.38,1.61,2.24,1.69,2.4,-0.5,2.03,1.83,2.03,1.85,1.91,1.81,2.06,1.94,2627,england,Championship
E1,29/08/2026,15:00,Watford,West Ham,1,1,D,1,1,D,R Madley,1.6,0.89,16,13,5,1,10,7,3,11,3,1,0,0,3.9,3.8,1.79,3.75,3.75,1.9,3.8,3.8,1.87,3.9,3.75,1.87,3.75,3.8,1.85,3.6,3.8,1.85,3.95,3.8,1.9,3.8,3.78,1.86,4.2,4.0,1.91,1.62,2.3,1.65,2.3,1.6,2.23,1.68,2.36,0.5,1.98,1.88,1.98,1.88,1.91,1.81,2.07,1.91,4.1,4.0,1.71,4.2,4.0,1.8,4.2,4.1,1.73,4.1,3.9,1.78,4.2,3.8,1.73,4.2,4.0,1.73,4.4,4.1,1.8,4.19,3.99,1.74,4.6,4.2,1.8,1.57,2.38,1.58,2.5,1.54,2.39,1.61,2.58,0.75,1.88,1.98,1.88,1.98,1.83,1.91,1.97,2.02,2627,england,Championship
E2,15/08/2026,12:30,Notts County,Leicester,1,1,D,0,0,D,E Duckworth,2.28,0.77,16,11,2,2,15,11,3,5,2,1,0,0,3.6,3.4,1.96,3.6,3.4,2.05,3.6,3.4,2.05,3.5,3.4,2.05,3.5,3.5,2.0,3.4,3.4,2.0,3.8,3.5,2.05,3.56,3.38,2.02,3.7,3.65,2.12,2.03,1.83,2.03,1.83,1.96,1.76,2.0,1.92,0.5,1.8,2.05,1.8,2.05,1.75,1.98,1.82,2.12,3.5,3.4,1.96,3.75,3.5,2.0,3.6,3.5,2.0,3.5,3.4,2.0,3.7,3.4,1.95,3.6,3.6,1.95,3.9,3.6,2.05,3.6,3.46,1.99,4.0,3.65,2.06,1.93,1.93,1.98,1.93,1.91,1.82,2.02,1.94,0.5,1.83,2.03,1.83,2.03,1.76,1.95,1.92,2.06,2627,england,League 1
E2,15/08/2026,12:30,Oxford,Milton Keynes Dons,2,2,D,1,2,A,O Yates,1.14,1.76,17,24,4,6,14,14,8,9,2,3,0,0,2.1,3.3,3.3,2.25,3.4,3.2,2.2,3.3,3.3,2.15,3.4,3.2,2.15,3.3,3.3,2.15,3.25,3.2,2.25,3.4,3.4,2.18,3.32,3.23,2.34,3.25,3.25,2.1,1.7,2.1,1.73,2.07,1.68,2.08,1.75,-0.25,1.88,1.98,1.88,1.98,1.84,1.9,1.99,1.89,2.2,3.3,3.1,2.25,3.4,3.2,2.25,3.25,3.2,2.2,3.3,3.2,2.2,3.2,3.2,2.2,3.4,3.1,2.25,3.4,3.35,2.2,3.32,3.18,2.38,3.4,3.4,2.08,1.73,2.1,1.73,2.05,1.7,2.22,1.8,-0.25,1.98,1.88,1.98,1.9,1.89,1.86,2.04,1.94,2627,england,League 1
E2,15/08/2026,12:30,Reading,Luton,3,4,A,3,1,H,L Doughty,1.77,1.6,17,12,5,5,12,11,5,2,1,2,0,0,3.3,3.4,2.05,3.2,3.5,2.2,3.13,3.4,2.2,3.1,3.4,2.15,3.2,3.5,2.15,3.1,3.4,2.15,3.3,3.55,2.25,3.15,3.41,2.16,3.5,3.45,2.24,1.93,1.93,1.93,1.93,1.83,1.89,1.88,1.95,0.25,1.95,1.9,1.95,1.9,1.89,1.85,2.02,1.93,2.85,3.4,2.25,2.88,3.5,2.38,2.88,3.4,2.38,2.95,3.4,2.25,3.0,3.4,2.2,2.88,3.6,2.25,3.25,3.6,2.38,2.93,3.44,2.28,3.15,3.65,2.44,1.85,2.0,1.85,2.0,1.81,1.92,1.93,2.02,0.25,1.83,2.03,1.9,2.03,1.79,1.95,1.89,2.1,2627,england,League 1
E2,15/08/2026,15:00,Barnsley,Bromley,0,1,A,0,0,D,R Martin,1.18,1.04,22,12,8,3,12,11,12,2,3,2,0,0,2.05,3.5,3.3,2.1,3.6,3.3,2.1,3.5,3.3,2.1,3.4,3.25,2.05,3.4,3.4,2.05,3.3,3.3,2.15,3.65,3.4,2.1,3.43,3.28,2.26,3.55,3.55,1.9,1.95,1.91,2.0,1.83,1.89,1.96,1.93,-0.25,1.85,2.0,1.85,2.0,1.81,1.93,1.94,2.03,2.15,3.4,3.0,2.25,3.6,3.0,2.25,3.4,3.1,2.25,3.5,2.95,2.2,3.4,3.0,2.2,3.6,2.9,2.25,3.65,3.2,2.22,3.45,3.02,2.34,3.7,3.15,1.85,1.95,1.85,2.0,1.78,1.93,1.87,2.08,-0.25,1.98,1.88,1.98,1.88,1.91,1.83,2.04,1.93,2627,england,League 1
E2,15/08/2026,15:00,Blackpool,Wycombe,1,1,D,0,1,A,S Stockbridge,1.97,1.56,20,11,7,4,11,15,5,4,2,3,0,0,2.45,3.3,2.65,2.63,3.5,2.6,2.55,3.4,2.63,2.5,3.4,2.65,2.6,3.4,2.6,2.5,3.3,2.5,2.65,3.5,2.7,2.54,3.35,2.62,2.66,3.35,2.78,1.93,1.93,1.93,1.93,1.88,1.83,1.96,1.89,0.0,1.88,1.98,1.88,1.98,1.83,1.9,1.88,2.01,2.57,3.3,2.5,2.75,3.4,2.5,2.7,3.4,2.55,2.65,3.4,2.5,2.75,3.3,2.45,2.7,3.4,2.45,2.75,3.4,2.65,2.67,3.35,2.51,2.94,3.55,2.62,1.9,1.9,1.93,1.91,1.87,1.85,1.99,2.0,0.0,1.98,1.88,1.98,1.88,1.9,1.84,2.11,1.88,2627,england,League 1
E2,15/08/2026,15:00,Bradford,Peterboro,2,0,H,0,0,D,T Harrington,1.47,1.1,17,7,5,2,16,13,7,3,2,3,0,1,1.62,3.8,4.75,1.67,4.0,5.0,1.65,3.9,5.0,1.68,3.8,4.75,1.62,3.8,5.0,1.62,3.75,4.75,1.73,4.0,5.0,1.66,3.84,4.75,1.73,3.95,5.4,1.83,2.03,1.83,2.03,1.79,1.94,1.81,2.04,-0.75,1.88,1.98,1.88,1.98,1.83,1.91,1.92,1.98,1.61,4.0,4.5,1.62,4.2,5.0,1.62,4.1,5.0,1.63,4.1,4.6,1.57,4.0,5.0,1.57,4.2,5.0,1.67,4.2,5.1,1.62,4.04,4.78,1.65,4.3,5.6,1.67,2.15,1.7,2.15,1.66,2.11,1.73,2.3,-0.75,1.83,2.03,1.83,2.03,1.78,1.96,1.84,2.17,2627,england,League 1
E2,15/08/2026,15:00,Burton,Stevenage,1,1,D,0,0,D,M Coy,0.94,0.52,10,5,2,3,14,17,2,0,0,1,0,0,2.25,3.2,3.1,2.38,3.2,3.1,2.38,3.1,3.1,2.35,3.1,3.0,2.3,3.1,3.25,2.25,3.0,3.1,2.4,3.25,3.25,2.33,3.09,3.11,2.56,3.2,3.25,2.4,1.53,2.45,1.62,2.35,1.54,2.5,1.6,-0.25,2.03,1.83,2.03,1.83,1.98,1.77,2.19,1.8,2.7,3.2,2.45,2.75,3.2,2.63,2.88,3.1,2.55,2.75,3.2,2.5,2.8,3.0,2.63,2.88,3.1,2.5,2.9,3.25,2.7,2.81,3.1,2.56,3.1,3.15,2.66,2.35,1.57,2.35,1.62,2.28,1.57,2.44,1.66,0.0,2.05,1.8,2.05,1.8,1.97,1.76,2.13,1.84,2627,england,League 1
E2,15/08/2026,15:00,Cambridge,Wigan,3,2,H,2,0,H,A Chilowicz,1.92,2.72,17,18,6,4,9,8,8,5,1,0,0,0,2.35,3.2,2.85,2.4,3.25,3.0,2.45,3.2,2.9,2.3,3.25,2.95,2.4,3.2,2.9,2.38,3.1,2.88,2.45,3.3,3.25,2.37,3.17,2.94,2.46,3.25,3.05,2.25,1.62,2.25,1.65,2.18,1.62,2.26,1.65,-0.25,2.1,1.7,2.1,1.8,2.01,1.73,2.09,1.8,2.1,3.3,3.25,2.2,3.4,3.3,2.15,3.25,3.4,2.15,3.3,3.2,2.15,3.1,3.4,2.1,3.3,3.3,2.25,3.4,3.5,2.16,3.26,3.33,2.26,3.3,3.7,2.15,1.67,2.15,1.73,2.1,1.67,2.32,1.72,-0.25,1.88,1.98,1.9,1.98,1.84,1.89,1.92,2.03,2627,england,League 1
E2,15/08/2026,15:00,Huddersfield,AFC Wimbledon,3,0,H,2,0,H,J Miles,1.04,0.44,10,10,3,1,9,7,4,5,1,2,1,0,1.57,3.75,5.25,1.62,4.2,5.0,1.6,4.0,5.25,1.63,4.0,4.75,1.6,4.2,5.0,1.6,4.0,4.75,1.67,4.2,5.25,1.61,4.05,4.95,1.64,4.1,5.4,1.73,2.08,1.73,2.1,1.69,2.07,1.74,2.14,-1.0,2.05,1.75,2.05,1.75,2.01,1.73,2.07,1.8,1.56,3.8,5.5,1.62,4.2,5.0,1.57,4.1,5.5,1.61,4.0,5.0,1.57,4.0,5.0,1.57,4.2,5.0,1.67,4.2,5.5,1.59,4.03,5.13,1.66,4.2,5.8,1.73,2.08,1.73,2.1,1.7,2.05,1.84,2.12,-1.0,2.05,1.8,2.05,1.8,1.98,1.76,2.15,1.85,2627,england,League 1
E2,15/08/2026,15:00,Leyton Orient,Sheffield Weds,1,2,A,1,1,D,S Allison,1.42,2.69,10,15,3,5,15,19,5,7,2,2,0,0,2.85,3.4,2.25,3.0,3.5,2.3,3.0,3.4,2.3,2.9,3.4,2.3,2.88,3.5,2.3,2.8,3.4,2.3,3.1,3.5,2.33,2.93,3.38,2.3,3.0,3.5,2.52,1.93,1.93,1.93,1.93,1.85,1.86,1.89,1.94,0.25,1.83,2.03,1.83,2.03,1.78,1.96,1.82,2.17,2.25,3.4,2.82,2.4,3.4,2.88,2.38,3.4,2.9,2.4,3.4,2.7,2.3,3.4,2.8,2.25,3.6,2.88,2.55,3.6,2.9,2.36,3.43,2.8,2.42,3.65,3.05,1.9,1.9,1.91,1.91,1.87,1.85,1.98,1.98,-0.25,2.05,1.8,2.1,1.8,2.02,1.74,2.09,1.87,2627,england,League 1
E2,15/08/2026,15:00,Mansfield,Doncaster,2,1,H,1,0,H,D Whitestone,1.12,1.11,18,9,4,4,9,10,7,1,2,1,0,0,2.05,3.4,3.3,2.1,3.5,3.4,2.15,3.4,3.25,2.1,3.4,3.3,2.1,3.5,3.3,2.05,3.4,3.25,2.2,3.55,3.4,2.1,3.43,3.28,2.24,3.45,3.4,1.95,1.9,1.95,1.91,1.87,1.85,1.89,1.93,-0.25,1.85,2.0,1.85,2.0,1.81,1.92,1.94,1.97,2.1,3.4,3.1,2.2,3.5,3.2,2.25,3.4,3.1,2.25,3.4,2.95,2.15,3.5,3.0,2.1,3.7,3.0,2.25,3.7,3.2,2.19,3.48,3.07,2.28,3.7,3.4,1.85,1.95,1.85,1.95,1.82,1.91,1.9,2.08,-0.25,1.95,1.9,1.95,1.9,1.87,1.86,1.97,2.02,2627,england,League 1
E2,15/08/2026,15:00,Plymouth,Stockport,1,3,A,0,2,A,D Rock,1.49,1.92,15,9,4,4,13,10,5,3,2,0,0,0,2.05,3.5,3.2,2.2,3.6,3.1,2.1,3.6,3.2,2.1,3.6,3.1,2.2,3.6,2.9,2.2,3.5,2.88,2.2,3.7,3.2,2.13,3.56,3.1,2.16,3.7,3.45,1.7,2.1,1.7,2.15,1.67,2.1,1.73,2.18,-0.25,1.85,2.0,1.85,2.0,1.82,1.92,1.88,2.1,2.25,3.4,2.85,2.25,3.6,3.0,2.3,3.5,2.9,2.2,3.5,2.95,2.3,3.5,2.88,2.25,3.6,2.8,2.3,3.7,3.0,2.26,3.51,2.91,2.42,3.7,3.05,1.8,2.0,1.8,2.1,1.71,2.04,1.84,2.12,-0.25,2.0,1.85,2.0,1.85,1.94,1.8,2.09,1.89,2627,england,League 1
E2,20/08/2026,20:00,Sheffield Weds,Bradford,0,1,A,0,0,D,T Parsons,1.36,0.62,13,10,3,4,13,10,8,9,1,1,0,0,2.4,3.3,2.7,2.5,3.4,2.75,2.4,3.25,2.7,2.45,3.4,2.7,2.45,3.4,2.63,2.45,3.3,2.63,2.55,3.5,2.75,2.44,3.36,2.68,2.52,3.55,2.94,1.95,1.85,1.95,1.85,1.9,1.81,1.94,1.91,0.0,1.8,2.05,1.8,2.05,1.77,1.97,1.82,2.14,2.57,3.4,2.4,2.75,3.4,2.5,2.7,3.4,2.5,2.65,3.4,2.5,2.63,3.4,2.45,2.63,3.6,2.45,2.75,3.6,2.55,2.67,3.4,2.46,2.84,3.6,2.62,1.93,1.93,1.93,1.93,1.86,1.86,1.94,2.02,0.0,2.0,1.85,2.0,1.85,1.93,1.8,2.09,1.9,2627,england,League 1
E2,22/08/2026,12:30,Doncaster,Barnsley,0,0,D,0,0,D,D Webb,1.38,0.44,12,13,3,1,13,11,4,4,1,1,0,0,1.96,3.5,3.5,2.0,3.75,3.5,2.0,3.6,3.5,2.0,3.6,3.3,1.91,3.7,3.7,1.91,3.5,3.5,2.0,3.8,3.75,1.97,3.62,3.46,2.06,3.85,3.7,1.75,2.05,1.75,2.2,1.69,2.08,1.67,1.86,-0.5,2.0,1.85,2.0,1.85,1.94,1.78,2.06,1.86,1.81,3.7,3.8,1.9,3.75,3.75,1.85,3.8,3.8,1.88,3.7,3.7,1.85,3.8,3.8,1.85,4.0,3.5,1.91,4.0,3.95,1.87,3.77,3.71,1.94,4.1,3.9,1.62,2.25,1.7,2.3,1.63,2.17,1.71,2.34,-0.5,1.88,1.98,1.88,1.98,1.82,1.89,1.94,2.02,2627,england,League 1
E2,22/08/2026,12:30,Luton,Notts County,2,2,D,1,1,D,B Speedie,1.93,0.79,14,6,4,4,15,18,8,3,5,3,0,0,1.57,3.9,5.0,1.62,4.2,5.0,1.6,4.0,5.25,1.62,4.0,4.8,1.57,4.0,5.5,1.55,3.9,5.25,1.65,4.2,5.5,1.6,4.0,5.04,1.64,4.1,5.5,1.73,2.08,1.73,2.1,1.7,2.06,1.45,2.04,-0.75,1.8,2.05,1.8,2.05,1.74,2.01,1.79,2.1,1.46,4.2,5.75,1.5,4.5,6.0,1.5,4.33,6.0,1.52,4.33,5.5,1.5,4.33,6.0,1.5,4.5,5.5,1.55,4.5,6.2,1.51,4.32,5.73,1.56,4.7,6.6,1.67,2.15,1.67,2.2,1.64,2.14,1.72,2.32,-1.0,1.88,1.98,1.88,1.98,1.83,1.91,1.91,2.06,2627,england,League 1
E2,22/08/2026,15:00,AFC Wimbledon,Reading,0,0,D,0,0,D,M Barlow,0.33,0.9,4,12,2,3,15,13,7,7,2,3,0,0,2.5,3.25,2.57,2.5,3.4,2.75,2.55,3.3,2.7,2.55,3.3,2.6,2.63,3.4,2.5,2.6,3.3,2.5,2.63,3.4,2.75,2.54,3.32,2.63,2.78,3.45,2.74,2.05,1.75,2.05,1.8,1.98,1.76,2.02,1.8,0.0,1.88,1.98,1.88,1.98,1.82,1.91,2.0,1.94,2.85,3.25,2.25,2.88,3.4,2.4,3.0,3.25,2.38,2.85,3.3,2.37,2.9,3.4,2.25,2.8,3.6,2.3,3.0,3.6,2.5,2.84,3.33,2.38,3.1,3.65,2.4,2.05,1.8,2.05,1.8,2.0,1.75,2.06,1.89,0.25,1.8,2.05,1.8,2.05,1.74,2.0,1.91,2.07,2627,england,League 1
E2,22/08/2026,15:00,Bromley,Cambridge,1,1,D,0,0,D,K Dowle,0.61,0.76,8,11,3,6,15,5,2,5,1,2,0,0,2.65,3.1,2.55,2.63,3.4,2.6,2.7,3.3,2.55,2.65,3.4,2.45,2.63,3.3,2.6,2.6,3.2,2.5,2.8,3.4,2.63,2.67,3.27,2.54,2.8,3.4,2.78,2.08,1.73,2.08,1.8,1.99,1.75,2.04,1.8,0.0,1.98,1.88,1.98,1.88,1.92,1.82,1.99,1.98,2.57,3.1,2.55,2.63,3.4,2.6,2.75,3.3,2.5,2.65,3.3,2.5,2.63,3.3,2.5,2.63,3.4,2.5,2.75,3.4,2.65,2.66,3.28,2.55,2.86,3.55,2.66,2.0,1.85,2.0,1.85,1.96,1.77,2.08,1.88,0.0,2.0,1.85,2.0,1.88,1.93,1.82,2.06,1.92,2627,england,League 1
E2,22/08/2026,15:00,Leicester,Burton,1,2,A,1,2,A,B Toner,1.09,0.71,13,13,3,6,13,19,5,3,1,3,1,0,1.49,4.2,5.5,1.53,4.33,6.0,1.53,4.2,5.75,1.55,4.33,5.25,1.5,4.33,5.5,1.53,4.2,5.25,1.55,4.33,6.0,1.53,4.23,5.47,1.59,4.5,6.0,1.67,2.15,1.67,2.2,1.64,2.15,1.72,2.22,-1.0,1.9,1.95,1.9,1.95,1.87,1.87,1.95,1.95,1.49,4.0,5.5,1.53,4.2,6.0,1.55,4.1,5.75,1.57,4.2,5.25,1.5,4.0,5.5,1.5,4.2,5.5,1.58,4.33,6.25,1.54,4.13,5.49,1.6,4.3,6.6,1.8,2.0,1.8,2.1,1.72,2.03,1.86,2.1,-1.0,2.03,1.83,2.03,1.9,1.93,1.81,2.05,1.92,2627,england,League 1
E2,22/08/2026,15:00,Milton Keynes Dons,Huddersfield,1,1,D,0,1,A,A Byrne,1.32,2.57,15,18,3,8,6,14,3,4,1,2,0,0,2.57,3.3,2.5,2.6,3.5,2.6,2.63,3.4,2.55,2.65,3.4,2.5,2.5,3.5,2.6,2.5,3.4,2.5,2.65,3.5,2.65,2.59,3.38,2.55,2.72,3.45,2.62,1.9,1.95,1.9,1.95,1.83,1.89,1.83,2.02,0.0,1.95,1.9,1.95,1.9,1.88,1.84,1.96,1.91,2.4,3.3,2.65,2.5,3.5,2.75,2.45,3.4,2.75,2.55,3.3,2.6,2.4,3.4,2.75,2.4,3.5,2.7,2.6,3.5,2.75,2.47,3.38,2.7,2.54,3.65,2.94,1.85,2.0,1.88,2.0,1.83,1.9,1.92,2.04,0.0,1.8,2.05,1.8,2.05,1.77,1.97,1.85,2.13,2627,england,League 1
E2,22/08/2026,15:00,Peterboro,Mansfield,2,1,H,0,0,D,M Woods,1.49,1.37,15,10,5,4,9,18,6,3,2,2,0,0,2.75,3.5,2.25,2.75,3.75,2.4,2.8,3.6,2.3,2.7,3.6,2.35,2.63,3.6,2.45,2.6,3.5,2.4,2.8,3.75,2.45,2.72,3.58,2.36,2.86,4.0,2.44,1.65,2.2,1.65,2.4,1.6,2.22,1.62,2.42,0.0,2.08,1.73,2.08,1.8,2.01,1.73,2.16,1.84,2.75,3.5,2.25,2.8,3.75,2.3,2.8,3.7,2.3,2.7,3.6,2.35,2.8,3.7,2.25,2.75,3.8,2.2,2.88,3.8,2.35,2.78,3.62,2.29,2.92,3.9,2.42,1.65,2.2,1.65,2.3,1.6,2.21,1.73,2.3,0.25,1.8,2.05,1.8,2.05,1.77,1.98,1.88,2.11,2627,england,League 1
E2,22/08/2026,15:00,Stevenage,Oxford,1,2,A,0,0,D,J Oldham,0.99,1.24,14,12,3,5,22,22,6,6,1,4,0,0,2.32,3.2,2.85,2.38,3.3,3.0,2.4,3.25,3.0,2.37,3.2,2.95,2.3,3.2,3.1,2.25,3.1,3.1,2.4,3.3,3.1,2.35,3.18,2.98,2.48,3.25,3.0,2.1,1.7,2.1,1.73,2.06,1.7,2.16,1.72,-0.25,2.05,1.8,2.05,1.8,2.0,1.75,2.11,1.81,2.57,3.0,2.7,2.63,3.2,2.75,2.7,3.0,2.75,2.65,3.1,2.7,2.6,3.0,2.8,2.5,3.1,2.8,2.7,3.2,2.85,2.61,3.07,2.76,2.72,3.2,3.0,2.4,1.53,2.45,1.65,2.32,1.55,2.54,1.63,0.0,1.88,1.98,1.88,1.98,1.82,1.91,1.88,2.08,2627,england,League 1
E2,22/08/2026,15:00,Stockport,Blackpool,1,2,A,0,2,A,C Brook,2.92,1.68,28,10,9,3,8,7,14,2,2,1,0,0,1.56,3.7,5.5,1.6,4.0,5.5,1.57,4.1,5.5,1.6,4.0,5.0,1.57,3.8,6.0,1.55,3.75,5.5,1.6,4.2,6.0,1.58,3.94,5.42,1.66,4.0,5.9,1.8,2.0,1.8,2.05,1.75,1.99,1.8,2.06,-1.0,2.05,1.8,2.05,1.8,1.99,1.76,2.08,1.8,1.56,3.8,5.25,1.6,4.2,5.0,1.57,4.1,5.5,1.6,4.1,5.0,1.6,3.8,5.0,1.57,4.33,5.0,1.6,4.33,5.8,1.58,4.04,5.2,1.67,4.2,5.8,1.73,2.08,1.75,2.1,1.71,2.04,1.82,2.18,-0.75,1.75,2.05,1.75,2.05,1.72,2.03,1.84,2.13,2627,england,League 1
E2,22/08/2026,15:00,Wigan,Leyton Orient,0,2,A,0,1,A,R Martin,1.36,0.94,16,9,2,3,11,17,4,3,1,3,0,0,2.15,3.1,3.25,2.25,3.3,3.25,2.2,3.25,3.25,2.25,3.25,3.0,2.25,3.3,3.2,2.25,3.2,3.1,2.25,3.3,3.4,2.21,3.22,3.23,2.26,3.4,3.5,2.1,1.7,2.15,1.7,2.1,1.67,2.2,1.74,-0.25,1.93,1.93,1.93,1.93,1.87,1.87,1.94,2.0,1.91,3.3,3.75,2.0,3.5,3.75,2.0,3.4,3.7,2.05,3.4,3.5,2.0,3.4,3.5,1.95,3.6,3.4,2.05,3.6,3.9,1.99,3.42,3.63,2.1,3.7,3.8,1.98,1.88,2.0,1.88,1.96,1.78,2.1,1.88,-0.5,2.0,1.85,2.0,1.85,1.94,1.78,2.11,1.89,2627,england,League 1
E2,22/08/2026,15:00,Wycombe,Plymouth,1,1,D,0,1,A,N Hair,1.89,0.77,14,12,5,3,10,15,5,5,1,3,0,0,2.4,3.3,2.7,2.5,3.6,2.63,2.45,3.5,2.7,2.45,3.4,2.7,2.5,3.5,2.63,2.45,3.4,2.6,2.55,3.6,2.75,2.45,3.44,2.67,2.54,3.5,2.82,1.8,2.0,1.8,2.0,1.76,1.97,1.81,2.02,0.0,1.83,2.03,1.83,2.03,1.78,1.96,1.83,2.08,2.4,3.3,2.75,2.5,3.5,2.75,2.4,3.4,2.8,2.45,3.4,2.65,2.3,3.5,2.7,2.3,3.6,2.7,2.55,3.6,2.8,2.43,3.43,2.7,2.52,3.75,2.9,1.85,2.0,1.85,2.1,1.78,1.95,1.9,2.08,0.0,1.8,2.05,1.8,2.05,1.77,1.97,1.85,2.14,2627,england,League 1
E2,29/08/2026,12:30,Blackpool,Peterboro,4,0,H,2,0,H,M Coy,2.73,1.71,17,15,11,6,12,9,3,5,0,0,0,0,1.71,3.8,4.2,1.8,4.0,4.0,1.75,3.9,4.1,1.78,3.9,3.9,1.75,4.0,4.0,1.75,3.8,3.9,1.83,4.0,4.2,1.77,3.88,3.97,1.87,3.95,4.3,1.62,2.25,1.65,2.3,1.6,2.23,1.54,2.28,-0.5,1.75,2.05,1.78,2.05,1.74,1.99,1.87,2.11,2.15,3.5,3.0,,,,,,,2.15,3.6,3.0,2.15,3.5,3.1,2.1,3.7,3.0,2.2,3.7,3.1,2.15,3.56,3.02,2.3,3.8,3.25,1.62,2.25,1.62,2.3,1.6,2.23,1.68,2.4,-0.25,1.98,1.88,1.98,1.88,1.9,1.84,1.99,1.97,2627,england,League 1
E2,29/08/2026,12:30,Milton Keynes Dons,Leicester,0,0,D,0,0,D,T Parsons,0.57,1.53,7,24,1,7,9,6,4,9,0,3,0,0,2.7,3.4,2.35,2.75,3.6,2.4,2.75,3.5,2.4,2.8,3.5,2.3,2.7,3.5,2.4,2.63,3.4,2.38,2.8,3.6,2.5,2.73,3.47,2.38,2.84,3.75,2.54,1.75,2.05,1.77,2.08,1.72,2.02,1.79,2.16,0.0,2.05,1.8,2.05,1.8,1.98,1.76,2.08,1.88,2.35,3.5,2.65,2.4,3.6,2.75,2.45,3.6,2.63,2.3,3.6,2.7,2.38,3.5,2.7,2.3,3.7,2.63,2.45,3.75,2.85,2.37,3.56,2.69,2.56,3.75,2.86,1.67,2.15,1.7,2.2,1.65,2.13,1.75,2.3,0.0,1.8,2.05,1.8,2.05,1.78,1.97,1.88,2.1,2627,england,League 1
E2,29/08/2026,15:00,Cambridge,Huddersfield,1,2,A,0,0,D,H Blair,1.22,1.12,11,6,4,4,14,13,4,3,2,0,0,0,3.0,3.3,2.3,2.8,3.6,2.4,2.63,3.4,2.4,2.8,3.4,2.35,2.75,3.5,2.38,2.7,3.4,2.3,3.0,3.6,2.4,2.81,3.4,2.35,2.98,3.55,2.42,1.8,2.0,1.8,2.0,1.76,1.98,1.9,2.08,0.25,1.8,2.05,1.8,2.07,1.72,2.04,1.85,2.08,2.65,3.2,2.55,2.75,3.5,2.5,2.7,3.4,2.5,2.75,3.3,2.45,2.7,3.3,2.5,2.63,3.4,2.45,2.75,3.5,2.6,2.71,3.32,2.49,2.88,3.5,2.64,1.93,1.93,1.93,2.0,1.83,1.91,2.0,1.98,0.0,1.98,1.88,1.98,1.88,1.94,1.8,2.08,1.89,2627,england,League 1
E2,29/08/2026,15:00,Leyton Orient,Barnsley,1,3,A,0,1,A,S Jackson,0.74,1.98,7,16,3,7,12,14,4,9,4,4,0,0,2.15,3.4,3.0,2.25,3.6,3.0,2.25,3.5,3.0,2.25,3.5,2.9,2.2,3.5,3.0,2.2,3.4,2.9,2.3,3.75,3.0,2.22,3.51,2.95,2.28,3.75,3.15,1.75,2.05,1.8,2.05,1.76,1.97,1.79,2.16,-0.25,1.98,1.88,1.98,1.88,1.92,1.82,1.97,1.95,2.01,3.6,3.3,2.1,3.75,3.25,2.0,3.7,3.4,2.05,3.7,3.2,2.05,3.6,3.1,2.05,3.8,3.1,2.16,3.8,3.4,2.05,3.66,3.21,2.08,3.95,3.55,1.62,2.25,1.7,2.25,1.63,2.18,1.73,2.32,-0.5,2.05,1.8,2.08,1.8,1.98,1.73,2.08,1.88,2627,england,League 1
E2,29/08/2026,15:00,Notts County,Burton,2,1,H,0,1,A,K Dowle,2.29,0.11,20,2,8,1,13,22,7,1,1,4,0,1,2.2,3.4,3.0,2.3,3.4,3.1,2.3,3.3,3.1,2.3,3.3,2.95,2.2,3.4,3.0,2.2,3.3,3.0,2.33,3.4,3.1,2.26,3.33,3.02,2.3,3.25,3.1,2.03,1.83,2.03,1.83,1.94,1.79,2.02,1.81,-0.25,2.0,1.85,2.0,1.85,1.93,1.8,2.01,1.84,2.15,3.4,3.2,2.15,3.4,3.4,2.2,3.3,3.25,2.15,3.25,3.3,2.1,3.25,3.4,2.1,3.4,3.3,2.25,3.5,3.4,2.15,3.33,3.28,2.22,3.5,3.65,2.08,1.73,2.08,1.83,1.98,1.76,2.1,1.88,-0.25,1.93,1.93,1.93,1.93,1.85,1.89,1.92,2.07,2627,england,League 1
E2,29/08/2026,15:00,Plymouth,Bradford,2,0,H,1,0,H,C Brook,1.16,0.9,14,4,3,0,14,15,8,6,1,2,0,0,2.15,3.3,3.2,2.2,3.6,3.1,2.2,3.5,3.13,2.15,3.5,3.0,2.15,3.6,3.0,2.15,3.5,2.9,2.25,3.6,3.2,2.17,3.48,3.06,2.24,3.6,3.15,1.8,2.0,1.8,2.0,1.75,1.99,1.81,2.06,-0.25,1.9,1.95,1.9,1.95,1.86,1.87,1.95,1.92,2.4,3.25,2.75,2.3,3.6,2.75,2.4,3.4,2.8,2.45,3.4,2.7,2.3,3.3,2.88,2.3,3.5,2.8,2.45,3.6,3.0,2.37,3.39,2.79,2.48,3.7,2.98,1.83,2.03,1.83,2.03,1.76,1.98,1.88,2.1,-0.25,2.08,1.73,2.08,1.8,2.02,1.72,2.15,1.83,2627,england,League 1
E2,29/08/2026,15:00,Sheffield Weds,Bromley,7,2,H,3,0,H,W Finnie,4.52,1.5,29,7,15,2,10,18,5,3,1,2,0,0,1.79,3.6,4.1,1.9,3.6,4.0,1.8,3.7,4.2,1.85,3.6,3.9,1.85,3.6,4.0,1.83,3.5,3.8,1.9,3.75,4.2,1.83,3.62,4.04,1.84,3.85,4.4,1.88,1.98,1.88,2.0,1.81,1.92,1.85,1.99,-0.5,1.83,2.03,1.83,2.03,1.79,1.94,1.86,2.11,1.66,3.8,4.5,1.8,3.75,4.33,1.75,3.75,4.5,1.75,3.7,4.33,1.7,3.8,4.5,1.67,4.0,4.33,1.8,4.0,4.6,1.74,3.72,4.39,1.75,4.2,4.9,1.8,2.0,1.85,2.0,1.8,1.92,1.85,2.12,-0.75,1.93,1.93,2.0,1.93,1.94,1.81,1.98,1.97,2627,england,League 1
E2,29/08/2026,15:00,Stevenage,Doncaster,2,2,D,0,0,D,O Yates,0.47,0.65,9,12,5,4,9,16,9,9,0,3,0,0,2.15,3.2,3.3,2.3,3.4,3.1,2.25,3.25,3.2,2.15,3.3,3.2,2.3,3.2,3.1,2.3,3.1,3.0,2.3,3.4,3.35,2.24,3.23,3.16,2.44,3.35,3.2,2.1,1.7,2.1,1.73,2.05,1.7,2.12,1.75,-0.25,1.93,1.93,1.93,1.93,1.89,1.86,2.1,1.86,2.35,3.1,3.0,2.38,3.3,3.0,2.38,3.2,3.0,2.35,3.3,2.9,2.38,3.2,3.0,2.3,3.3,2.9,2.4,3.3,3.1,2.35,3.21,2.98,2.52,3.4,3.15,2.25,1.62,2.25,1.7,2.14,1.65,2.32,1.74,-0.25,2.1,1.78,2.1,1.8,2.0,1.75,2.15,1.84,2627,england,League 1
E2,29/08/2026,15:00,Stockport,Wycombe,5,1,H,2,1,H,E Duckworth,1.33,0.94,17,7,7,5,6,8,6,5,0,0,0,0,1.86,3.5,3.9,1.9,3.6,4.0,1.91,3.6,3.8,1.87,3.5,3.9,1.85,3.75,3.8,1.83,3.6,3.75,1.91,3.75,4.0,1.88,3.58,3.83,1.91,3.6,4.0,1.85,2.0,1.85,2.0,1.78,1.95,1.83,1.98,-0.5,1.9,1.95,1.9,1.95,1.85,1.87,1.91,1.94,1.71,3.7,4.2,1.83,3.75,4.0,1.75,3.8,4.2,1.8,3.7,4.0,1.85,3.7,3.8,1.83,3.8,3.75,1.85,3.8,4.2,1.79,3.72,4.02,1.87,4.1,4.4,1.7,2.1,1.75,2.1,1.7,2.05,1.75,2.28,-0.5,1.78,2.03,1.81,2.03,1.75,1.96,1.87,2.12,2627,england,League 1
E2,30/08/2026,14:00,AFC Wimbledon,Wigan,1,0,H,0,0,D,A Humphries,0.71,2.99,13,16,2,5,14,11,5,9,4,4,0,0,3.2,3.2,2.2,3.1,3.4,2.3,3.1,3.2,2.2,3.0,3.3,2.25,3.0,3.3,2.25,3.0,3.25,2.25,3.2,3.4,2.33,3.08,3.25,2.24,3.2,3.25,2.4,2.08,1.73,2.1,1.75,2.04,1.71,2.08,1.74,0.25,1.88,1.98,1.88,1.98,1.82,1.92,,,2.82,3.2,2.4,2.88,3.4,2.4,2.8,3.3,2.45,2.9,3.3,2.35,2.8,3.2,2.45,2.8,3.3,2.4,3.1,3.4,2.45,2.86,3.27,2.4,3.0,3.4,2.64,2.05,1.8,2.05,1.8,1.98,1.75,2.16,1.83,0.0,2.1,1.78,2.15,1.78,2.05,1.72,2.11,1.86,2627,england,League 1
E2,30/08/2026,15:00,Mansfield,Luton,5,2,H,3,0,H,R Eley,1.37,1.34,21,12,6,4,13,13,4,7,4,2,0,0,2.85,3.4,2.25,2.8,3.75,2.3,2.7,3.6,2.25,2.8,3.6,2.3,2.75,3.8,2.25,2.7,3.6,2.25,2.9,3.8,2.35,2.77,3.58,2.27,2.82,3.65,2.34,1.65,2.2,1.65,2.3,1.59,2.23,1.52,2.14,0.25,1.8,2.05,1.8,2.05,1.76,1.99,,,3.2,3.3,2.15,3.1,3.75,2.15,3.1,3.6,2.15,3.0,3.6,2.15,3.0,3.6,2.1,2.9,3.8,2.1,3.2,3.8,2.25,3.04,3.57,2.16,3.3,3.85,2.24,1.7,2.1,1.7,2.25,1.65,2.14,1.76,2.26,0.25,1.93,1.93,1.93,1.93,1.86,1.87,2.03,1.96,2627,england,League 1
E3,15/08/2026,12:30,Newport County,Rochdale,3,0,H,2,0,H,H Blair,1.47,0.13,12,5,6,0,11,14,9,6,2,4,0,1,2.85,3.4,2.25,3.1,3.4,2.3,3.1,3.3,2.3,2.95,3.3,2.25,3.1,3.4,2.2,3.0,3.3,2.2,3.1,3.4,2.35,3.01,3.32,2.27,3.25,3.3,2.32,2.05,1.8,2.05,1.8,1.97,1.75,2.04,1.83,0.25,1.85,2.0,1.85,2.0,1.8,1.94,1.89,2.0,2.7,3.4,2.35,3.0,3.4,2.38,2.8,3.3,2.45,2.9,3.25,2.35,2.88,3.3,2.38,2.8,3.5,2.3,3.1,3.5,2.45,2.88,3.31,2.35,3.0,3.5,2.54,2.05,1.8,2.05,1.91,1.95,1.77,2.04,1.9,0.25,1.7,2.1,1.8,2.1,1.72,2.03,1.83,2.18,2627,england,League 2
E3,15/08/2026,12:30,Oldham,Port Vale,2,0,H,0,0,D,P Howard,1.68,0.62,11,13,3,2,12,16,1,6,2,4,0,0,2.5,3.2,2.65,2.63,3.4,2.63,2.6,3.25,2.7,2.55,3.25,2.65,2.63,3.3,2.6,2.6,3.25,2.5,2.64,3.4,2.7,2.58,3.25,2.63,2.64,3.25,2.86,2.1,1.7,2.1,1.73,2.04,1.71,2.12,1.75,0.0,1.88,1.98,1.88,1.98,1.84,1.89,1.87,2.04,2.25,3.2,3.0,2.38,3.4,3.0,2.3,3.25,3.1,2.35,3.3,2.87,2.3,3.1,3.1,2.3,3.3,3.0,2.6,3.4,3.1,2.33,3.25,2.96,2.42,3.35,3.3,2.1,1.7,2.1,1.73,2.05,1.7,2.22,1.79,-0.25,2.03,1.83,2.15,1.83,2.01,1.75,2.07,1.89,2627,england,League 2
E3,15/08/2026,15:00,Accrington,Colchester,2,2,D,2,1,H,E Swallow,2.13,0.72,20,7,11,5,20,10,9,4,1,0,0,0,2.35,3.2,2.85,,,,,,,2.45,3.25,2.75,2.4,3.3,2.9,2.38,3.2,2.8,2.7,3.3,2.9,2.48,3.22,2.76,,,,2.1,1.7,2.1,1.75,2.03,1.71,,,0.0,1.83,2.03,1.83,2.03,1.79,1.96,,,2.82,3.2,2.4,2.88,3.3,2.5,2.88,3.2,2.45,2.75,3.25,2.45,2.88,3.1,2.45,2.88,3.25,2.4,2.9,3.3,2.5,2.84,3.2,2.44,3.1,3.3,2.6,2.1,1.7,2.1,1.75,2.05,1.7,2.24,1.79,0.0,2.1,1.78,2.1,1.78,2.03,1.74,2.19,1.82,2627,england,League 2
E3,15/08/2026,15:00,Barnet,Salford,3,1,H,2,0,H,R Eley,1.6,0.81,20,14,7,3,20,12,6,5,2,3,0,0,2.25,3.2,3.1,,,,,,,2.3,3.3,2.95,2.3,3.4,2.88,2.3,3.3,2.8,2.35,3.4,3.1,2.29,3.29,2.97,,,,2.03,1.83,2.03,1.85,1.93,1.79,,,-0.25,2.05,1.8,2.05,1.8,1.99,1.77,,,2.2,3.6,2.85,2.3,3.5,3.0,2.25,3.4,3.1,2.3,3.4,2.9,2.3,3.4,2.88,2.25,3.6,2.88,2.3,3.6,3.1,2.26,3.47,2.93,2.4,3.7,3.05,1.9,1.9,1.91,1.91,1.86,1.85,1.94,2.04,-0.25,2.0,1.85,2.0,1.85,1.93,1.8,2.09,1.88,2627,england,League 2
E3,15/08/2026,15:00,Cheltenham,Rotherham,2,1,H,1,0,H,H Wager,0.64,1.74,6,19,4,5,10,11,5,4,3,1,0,0,2.65,3.3,2.45,2.75,3.5,2.5,2.7,3.4,2.5,2.65,3.4,2.5,2.7,3.4,2.5,2.63,3.3,2.45,2.75,3.5,2.55,2.67,3.35,2.49,2.8,3.45,2.58,1.98,1.88,1.98,1.91,1.88,1.84,1.9,1.92,0.0,2.05,1.8,2.05,1.83,1.95,1.79,2.02,1.89,2.5,3.2,2.65,2.6,3.4,2.63,2.63,3.3,2.63,2.6,3.4,2.5,2.5,3.2,2.7,2.5,3.4,2.63,2.7,3.4,2.7,2.58,3.29,2.59,2.74,3.45,2.84,2.05,1.75,2.05,1.8,1.98,1.74,2.18,1.82,0.0,1.88,1.98,1.9,1.98,1.85,1.88,1.95,2.01,2627,england,League 2
E3,15/08/2026,15:00,Chesterfield,Fleetwood Town,0,1,A,0,1,A,A Dale,1.71,0.77,15,14,3,7,8,14,5,1,1,3,0,0,1.76,3.5,4.33,1.83,3.6,4.33,1.83,3.5,4.33,1.83,3.5,4.1,1.8,3.5,4.5,1.8,3.4,4.2,1.86,3.6,4.5,1.82,3.5,4.2,1.9,3.5,4.4,2.03,1.83,2.03,1.85,1.95,1.77,1.93,1.74,-0.5,1.83,2.03,1.83,2.03,1.79,1.93,1.9,1.98,1.68,3.5,4.75,1.8,3.6,4.5,1.8,3.5,4.5,1.8,3.5,4.33,1.8,3.4,4.4,1.8,3.6,4.0,1.83,3.6,4.75,1.79,3.5,4.36,1.91,3.65,4.7,2.05,1.75,2.05,1.83,1.98,1.75,2.12,1.87,-0.5,1.73,2.08,1.8,2.08,1.76,1.96,1.91,2.08,2627,england,League 2
E3,15/08/2026,15:00,Crawley Town,Crewe,0,1,A,0,0,D,A Humphries,0.82,2.3,9,18,3,4,6,18,4,11,2,5,2,1,2.5,3.25,2.65,2.5,3.4,2.75,2.55,3.3,2.7,2.55,3.25,2.65,2.5,3.4,2.7,2.45,3.3,2.63,2.6,3.4,2.75,2.52,3.3,2.67,2.6,3.45,2.74,2.0,1.85,2.0,1.85,1.91,1.81,1.92,1.88,0.0,1.88,1.98,1.88,1.98,1.82,1.91,1.86,1.98,3.1,3.3,2.2,2.88,3.4,2.4,3.0,3.4,2.3,2.9,3.4,2.3,2.88,3.3,2.3,2.88,3.4,2.3,3.1,3.5,2.4,2.92,3.35,2.31,3.05,3.5,2.46,1.95,1.85,1.95,1.91,1.89,1.83,1.99,1.98,0.25,1.83,2.03,1.83,2.03,1.78,1.96,1.84,2.14,2627,england,League 2
E3,15/08/2026,15:00,Gillingham,Walsall,0,3,A,0,0,D,E Heaslip,1.61,2.73,17,17,7,5,12,8,6,9,4,2,0,0,2.15,3.4,3.1,2.3,3.4,3.1,2.3,3.3,3.1,2.25,3.25,3.1,2.25,3.3,3.1,2.25,3.25,3.0,2.3,3.4,3.2,2.25,3.3,3.07,2.38,3.3,3.2,2.0,1.8,2.0,1.8,1.97,1.75,2.04,1.78,-0.25,1.98,1.88,1.98,1.88,1.92,1.81,2.04,1.84,2.32,3.2,3.1,2.38,3.4,3.0,2.38,3.25,3.0,2.35,3.25,2.9,2.3,3.25,3.0,2.25,3.4,3.0,2.4,3.4,3.1,2.32,3.27,2.99,2.44,3.45,3.25,2.05,1.75,2.05,1.8,1.99,1.74,2.18,1.8,-0.25,2.05,1.8,2.05,1.8,1.98,1.76,2.08,1.9,2627,england,League 2
E3,15/08/2026,15:00,Grimsby,Exeter,1,0,H,1,0,H,A Byrne,1.83,0.72,21,8,4,2,15,8,6,3,1,1,0,0,1.76,3.6,4.2,1.8,3.75,4.33,1.75,3.7,4.5,1.8,3.6,4.2,1.75,3.75,4.33,1.75,3.6,4.2,1.81,3.8,4.5,1.77,3.68,4.24,1.83,3.85,4.7,1.85,1.95,1.85,1.95,1.82,1.89,1.87,1.98,-0.5,1.83,2.03,1.83,2.03,1.75,1.98,1.84,2.16,1.62,3.75,4.75,1.8,3.75,4.5,1.75,3.6,4.6,1.73,3.7,4.4,1.67,3.75,4.75,1.67,3.8,4.5,1.8,3.8,4.75,1.72,3.73,4.53,1.8,4.0,4.9,1.9,1.9,1.9,1.93,1.84,1.87,1.93,2.04,-0.75,1.9,1.95,1.95,1.95,1.91,1.83,1.98,1.98,2627,england,League 2
E3,15/08/2026,15:00,Northampton,Swindon,0,0,D,0,0,D,S Oldham,0.89,0.21,11,4,3,0,7,6,10,1,0,2,0,0,2.05,3.4,3.3,2.15,3.5,3.3,2.1,3.4,3.4,2.1,3.4,3.25,2.1,3.4,3.3,2.05,3.3,3.25,2.16,3.5,3.5,2.09,3.38,3.31,2.22,3.5,3.55,1.98,1.88,1.98,1.88,1.88,1.82,1.82,1.9,-0.25,1.85,2.0,1.85,2.0,1.8,1.94,1.91,2.06,2.2,3.4,3.1,2.2,3.5,3.2,2.2,3.4,3.13,2.2,3.3,3.1,2.2,3.3,3.1,2.15,3.4,3.1,2.25,3.5,3.2,2.19,3.38,3.1,2.32,3.5,3.35,1.95,1.85,1.95,1.91,1.89,1.82,1.96,2.0,-0.25,1.98,1.88,1.98,1.88,1.89,1.84,2.01,1.96,2627,england,League 2
E3,15/08/2026,15:00,Tranmere,Shrewsbury,2,0,H,1,0,H,J O'Connor,1.0,1.78,7,15,4,5,15,11,3,5,3,2,0,0,2.15,3.3,3.2,2.3,3.4,3.1,2.3,3.25,3.1,2.25,3.3,3.1,2.3,3.3,3.0,2.3,3.25,2.9,2.38,3.4,3.2,2.27,3.3,3.04,2.4,3.3,3.05,2.1,1.7,2.1,1.73,2.05,1.69,2.14,1.72,-0.25,1.98,1.88,1.98,1.88,1.94,1.8,2.06,1.8,2.1,3.3,3.3,2.2,3.4,3.3,2.15,3.25,3.4,2.2,3.3,3.1,2.1,3.3,3.4,2.1,3.5,3.3,2.25,3.5,3.4,2.13,3.35,3.28,2.24,3.5,3.6,2.15,1.67,2.15,1.73,2.08,1.67,2.24,1.78,-0.25,1.88,1.98,1.88,1.98,1.82,1.92,1.92,2.05,2627,england,League 2
E3,15/08/2026,15:00,York,Bristol Rvs,3,2,H,0,1,A,T Nield,1.83,1.89,16,13,5,3,9,10,7,6,2,0,0,0,2.15,3.2,3.3,,,,,,,2.2,3.25,3.2,2.25,3.2,3.2,2.25,3.1,3.1,2.25,3.4,3.3,2.19,3.23,3.19,,,,2.08,1.73,2.1,1.75,2.03,1.71,,,-0.25,1.95,1.9,1.95,1.9,1.89,1.87,,,2.2,3.2,3.25,2.3,3.4,3.1,2.25,3.3,3.2,2.25,3.3,3.1,2.2,3.3,3.0,2.2,3.5,3.0,2.3,3.5,3.25,2.23,3.31,3.09,2.38,3.65,3.2,2.08,1.73,2.1,1.75,2.03,1.71,2.12,1.86,-0.25,1.95,1.9,1.95,1.9,1.9,1.84,2.05,1.94,2627,england,League 2
E3,22/08/2026,12:30,Bristol Rvs,Newport County,5,3,H,1,1,D,S Mather,4.28,0.47,26,8,9,3,6,8,11,1,2,1,0,0,1.61,3.6,5.25,1.67,4.0,5.0,1.65,3.9,5.0,1.65,4.0,4.6,1.62,3.8,5.5,1.6,3.75,5.0,1.67,4.2,5.5,1.63,3.85,4.96,1.69,4.1,5.4,1.8,2.0,1.83,2.1,1.77,1.96,1.87,2.08,-0.75,1.85,2.0,1.85,2.0,1.8,1.94,1.88,2.11,1.62,3.6,5.25,1.7,4.0,4.6,1.67,3.75,5.0,1.7,3.8,4.6,1.67,3.75,4.75,1.67,3.8,4.5,1.71,4.0,5.25,1.68,3.77,4.72,1.74,4.1,5.3,1.88,1.98,1.88,2.0,1.8,1.92,1.93,2.02,-0.75,1.88,1.98,1.88,1.98,1.85,1.89,1.96,2.0,2627,england,League 2
E3,22/08/2026,12:30,Salford,Chesterfield,0,1,A,0,1,A,S Oldham,0.53,1.89,10,14,3,3,12,17,5,1,2,3,0,0,1.96,3.1,3.8,2.05,3.4,3.6,2.05,3.3,3.6,2.05,3.4,3.5,2.05,3.3,3.6,2.05,3.2,3.5,2.05,3.5,3.8,2.03,3.31,3.55,2.12,3.5,3.75,2.1,1.7,2.1,1.8,2.01,1.73,1.97,1.71,-0.5,2.05,1.8,2.05,1.8,1.99,1.74,2.13,1.83,1.86,3.3,4.0,2.0,3.5,3.75,2.0,3.5,3.6,2.0,3.4,3.4,2.0,3.5,3.6,1.95,3.6,3.5,2.05,3.6,4.0,1.99,3.44,3.59,2.08,3.7,3.85,1.93,1.93,1.95,1.93,1.89,1.82,1.93,2.04,-0.5,1.98,1.88,1.98,1.88,1.93,1.77,2.08,1.89,2627,england,League 2
E3,22/08/2026,12:30,Walsall,Grimsby,0,0,D,0,0,D,M Russell,1.33,0.85,16,13,2,1,12,15,8,7,1,1,0,0,2.75,3.2,2.4,2.75,3.4,2.5,2.75,3.25,2.55,2.75,3.3,2.45,2.75,3.25,2.5,2.7,3.1,2.5,2.8,3.4,2.6,2.73,3.26,2.49,3.0,3.4,2.52,2.1,1.7,2.1,1.8,2.03,1.71,2.1,1.8,0.0,2.03,1.83,2.03,1.85,1.94,1.8,2.12,1.8,2.85,3.3,2.25,3.0,3.5,2.3,3.0,3.4,2.3,2.95,3.4,2.25,3.0,3.3,2.25,2.9,3.5,2.2,3.0,3.5,2.38,2.95,3.38,2.28,3.25,3.6,2.34,1.98,1.88,2.05,1.88,1.93,1.8,2.02,1.95,0.25,1.83,2.03,1.83,2.03,1.77,1.97,1.96,2.01,2627,england,League 2
E3,22/08/2026,15:00,Colchester,Oldham,2,1,H,0,1,A,J Durkin,2.19,0.19,17,6,5,2,14,17,8,2,2,5,0,1,2.4,3.4,2.65,2.5,3.5,2.75,2.5,3.4,2.7,2.45,3.4,2.7,2.5,3.4,2.7,2.45,3.3,2.63,2.6,3.5,2.75,2.47,3.38,2.68,2.7,3.55,2.66,1.93,1.93,1.93,1.93,1.86,1.85,1.94,1.92,0.0,1.83,2.03,1.83,2.03,1.8,1.94,1.97,1.93,2.55,3.4,2.55,2.63,3.5,2.6,2.63,3.3,2.63,2.65,3.3,2.5,2.7,3.3,2.45,2.7,3.5,2.4,2.75,3.5,2.63,2.64,3.38,2.52,2.92,3.55,2.6,1.95,1.9,1.95,1.91,1.87,1.85,1.99,1.97,0.0,1.93,1.93,1.98,1.93,1.89,1.84,2.12,1.89,2627,england,League 2
E3,22/08/2026,15:00,Crewe,Northampton,1,0,H,0,0,D,L Sandoe,0.5,0.68,6,15,3,6,14,12,7,6,1,1,0,0,2.1,3.4,3.2,2.0,3.5,3.2,2.15,3.4,3.25,2.2,3.4,3.1,2.1,3.4,3.3,2.1,3.3,3.2,2.2,3.5,3.3,2.13,3.41,3.17,2.18,1.1,3.35,2.03,1.83,2.03,1.83,1.95,1.77,2.0,1.83,-0.25,1.9,1.95,1.9,1.95,1.85,1.89,1.88,1.92,2.1,3.4,3.2,2.0,3.5,3.2,2.2,3.3,3.25,2.2,3.25,3.2,2.1,3.4,3.25,2.1,3.6,3.2,2.2,3.6,3.25,2.13,3.4,3.18,2.3,3.55,3.45,2.03,1.83,2.03,1.83,1.95,1.78,2.06,1.92,-0.25,1.9,1.95,1.9,1.95,1.85,1.88,1.97,2.0,2627,england,League 2
E3,22/08/2026,15:00,Exeter,Accrington,2,0,H,2,0,H,S Jackson,2.09,0.93,19,14,5,2,13,12,9,1,3,2,0,0,1.91,3.4,3.75,2.0,3.5,3.75,1.95,3.5,3.75,1.93,3.4,3.75,1.95,3.5,3.75,1.91,3.4,3.6,2.0,3.5,3.8,1.95,3.44,3.69,2.1,3.5,3.85,1.95,1.85,1.95,1.85,1.89,1.82,1.97,1.88,-0.5,1.98,1.88,1.98,1.88,1.91,1.8,2.1,1.86,1.96,3.3,3.7,2.0,3.5,3.75,2.0,3.5,3.6,2.05,3.3,3.6,2.0,3.3,3.6,2.0,3.5,3.5,2.05,3.5,3.8,1.99,3.39,3.63,2.14,3.6,3.85,2.0,1.85,2.0,1.85,1.92,1.81,2.06,1.91,-0.5,2.05,1.75,2.05,1.8,1.95,1.76,2.14,1.87,2627,england,League 2
E3,22/08/2026,15:00,Fleetwood Town,Gillingham,0,0,D,0,0,D,D Baines,0.8,1.07,17,9,0,3,13,15,10,2,1,2,0,0,1.81,3.4,4.2,1.95,3.5,4.0,1.87,3.6,4.0,1.95,3.4,3.7,1.9,3.6,3.8,1.85,3.4,3.8,1.95,3.8,4.2,1.88,3.52,3.87,1.95,3.75,4.1,1.95,1.85,1.95,1.91,1.89,1.83,1.92,1.92,-0.5,1.9,1.95,1.91,1.95,1.86,1.86,1.95,1.98,1.81,3.5,4.0,1.95,3.5,4.0,1.87,3.5,4.1,1.9,3.4,3.9,1.85,3.5,4.0,1.85,3.7,3.8,1.95,3.7,4.1,1.88,3.52,3.9,1.91,3.85,4.5,2.0,1.85,2.0,1.85,1.92,1.81,1.99,1.98,-0.5,1.85,2.0,1.91,2.0,1.85,1.87,1.91,2.08,2627,england,League 2
E3,22/08/2026,15:00,Port Vale,Tranmere,1,1,D,1,0,H,D Brown,1.64,0.73,9,6,4,4,19,17,4,3,2,3,0,0,1.68,3.5,4.75,1.8,3.6,4.6,1.73,3.6,4.8,1.77,3.6,4.4,1.73,3.5,5.0,1.73,3.4,4.75,1.8,3.6,5.0,1.74,3.53,4.67,1.8,3.65,5.1,2.1,1.7,2.1,1.75,2.03,1.71,2.1,1.75,-0.75,2.0,1.85,2.0,1.85,1.94,1.79,2.03,1.89,1.86,3.3,4.1,1.95,3.4,4.0,1.95,3.3,4.0,1.95,3.4,3.75,1.91,3.3,4.0,1.9,3.5,3.8,1.98,3.6,4.1,1.93,3.36,3.87,2.0,3.55,4.3,2.15,1.67,2.15,1.73,2.09,1.68,2.24,1.77,-0.5,1.93,1.93,1.93,1.93,1.91,1.81,2.0,1.96,2627,england,League 2
E3,22/08/2026,15:00,Rochdale,Crawley Town,1,2,A,0,1,A,Z Kennard-Kettle,0.79,2.01,7,12,3,2,12,14,5,3,4,4,0,0,1.86,3.3,4.0,2.0,3.6,3.6,2.0,3.5,3.6,2.0,3.5,3.5,1.91,3.7,3.75,1.91,3.6,3.6,2.0,3.7,4.0,1.95,3.5,3.63,1.99,3.55,3.95,1.85,1.95,1.85,2.0,1.81,1.91,1.86,1.95,-0.5,1.98,1.88,1.98,1.88,1.93,1.8,1.99,1.86,1.71,3.6,4.33,1.83,3.75,4.2,1.8,3.75,4.1,1.87,3.5,3.9,1.75,3.75,4.2,1.75,3.8,4.0,1.89,3.8,4.33,1.8,3.68,4.03,1.88,4.0,4.4,1.75,2.05,1.8,2.05,1.73,2.01,1.79,2.22,-0.5,1.78,2.03,1.85,2.03,1.78,1.93,1.88,2.11,2627,england,League 2
E3,22/08/2026,15:00,Rotherham,York,1,1,D,1,1,D,D Bourne,0.82,2.58,10,17,2,5,11,5,5,9,2,0,0,0,2.45,3.2,2.7,2.4,3.5,2.8,2.45,3.4,2.75,2.45,3.4,2.7,2.3,3.4,2.9,2.3,3.25,2.88,2.5,3.5,2.9,2.41,3.34,2.77,2.62,3.4,2.9,1.95,1.85,1.95,2.0,1.86,1.85,1.92,1.94,0.0,1.83,2.03,1.83,2.03,1.77,1.98,1.87,2.11,2.85,3.25,2.3,2.8,3.5,2.4,2.88,3.4,2.38,2.75,3.3,2.4,2.7,3.5,2.4,2.63,3.6,2.4,2.88,3.6,2.54,2.74,3.37,2.42,2.88,3.7,2.56,1.85,2.0,1.88,2.0,1.84,1.87,1.9,2.04,0.0,2.1,1.7,2.1,1.8,2.01,1.73,2.1,1.86,2627,england,League 2
E3,22/08/2026,15:00,Shrewsbury,Barnet,1,3,A,1,1,D,W Davis,1.31,0.97,10,15,1,3,14,14,7,9,1,0,0,0,4.0,3.4,1.86,4.0,3.5,1.95,3.8,3.5,1.93,3.9,3.4,1.9,3.8,3.5,1.91,3.75,3.4,1.91,4.0,3.5,1.95,3.83,3.45,1.91,4.0,3.5,2.0,1.95,1.85,1.95,1.88,1.9,1.81,1.94,1.92,0.5,1.93,1.93,1.93,1.93,1.84,1.88,1.96,2.0,3.9,3.3,1.91,3.75,3.5,2.0,3.75,3.4,2.0,3.8,3.3,1.95,3.7,3.4,1.95,3.6,3.5,1.95,3.9,3.5,2.0,3.71,3.4,1.96,3.9,3.6,2.1,2.03,1.83,2.03,1.85,1.93,1.8,2.04,1.94,0.5,1.85,2.0,1.9,2.0,1.81,1.91,1.87,2.1,2627,england,League 2
E3,22/08/2026,15:00,Swindon,Cheltenham,2,1,H,1,0,H,C Hicks,1.01,1.02,5,14,3,6,7,12,2,5,1,1,0,0,1.76,3.7,4.2,1.83,3.75,4.2,1.83,3.6,4.1,1.78,3.7,4.1,1.8,3.75,4.2,1.75,3.6,4.0,1.88,3.75,4.5,1.8,3.63,4.11,1.96,3.65,4.2,1.8,2.0,1.83,2.1,1.77,1.95,1.86,1.99,-0.5,1.8,2.05,1.8,2.05,1.77,1.95,1.96,1.96,1.96,3.5,3.6,2.0,3.6,3.6,1.95,3.5,3.7,1.98,3.4,3.6,1.95,3.4,3.8,1.91,3.6,3.75,2.0,3.6,3.8,1.95,3.48,3.66,2.06,3.7,4.0,1.88,1.98,1.88,2.0,1.83,1.9,1.97,2.0,-0.5,2.03,1.83,2.03,1.83,1.93,1.79,2.06,1.92,2627,england,League 2
E3,29/08/2026,12:30,Barnet,Cheltenham,2,2,D,1,0,H,A Byrne,1.92,1.55,14,9,3,5,7,19,11,4,1,3,0,0,1.57,3.8,5.25,1.62,4.0,5.5,1.62,4.0,5.25,1.62,3.8,5.25,1.53,4.0,5.5,1.53,3.9,5.5,1.62,4.0,6.0,1.59,3.85,5.42,1.6,4.2,6.2,1.85,2.0,1.85,2.05,1.78,1.96,1.79,2.02,-1.0,2.08,1.73,2.08,1.8,2.02,1.72,2.02,1.84,1.49,4.0,5.75,1.53,4.33,6.0,1.53,4.2,5.75,1.57,4.2,5.25,1.5,3.8,6.5,1.57,4.0,5.5,1.57,4.33,6.5,1.52,4.08,5.84,1.65,4.2,6.2,1.65,2.2,1.7,2.2,1.66,2.11,1.79,2.24,-1.0,1.95,1.9,1.95,1.91,1.86,1.87,1.99,1.92,2627,england,League 2
E3,29/08/2026,12:30,Port Vale,Crewe,0,0,D,0,0,D,B Toner,1.03,0.96,11,14,4,3,15,15,3,1,0,1,0,0,2.15,3.3,3.2,2.2,3.5,3.2,2.2,3.4,3.13,2.2,3.4,3.1,2.15,3.4,3.2,2.15,3.3,3.1,2.2,3.5,3.2,2.18,3.4,3.11,2.22,3.5,3.15,1.85,1.95,1.91,1.95,1.85,1.86,1.9,1.92,-0.25,1.93,1.93,1.93,1.93,1.88,1.85,1.93,1.89,2.2,3.25,3.2,2.3,3.5,3.0,2.25,3.4,3.1,2.3,3.3,2.95,2.2,3.25,3.1,2.15,3.4,3.1,2.3,3.5,3.2,2.23,3.35,3.07,2.3,3.5,3.4,1.98,1.88,1.98,1.95,1.87,1.84,2.04,1.93,-0.25,1.95,1.9,1.95,1.9,1.9,1.84,1.97,2.0,2627,england,League 2
E3,29/08/2026,13:00,Rotherham,Chesterfield,2,1,H,1,0,H,S Stockbridge,2.75,1.06,13,7,4,2,14,11,2,0,2,1,0,0,3.0,3.3,2.25,3.0,3.5,2.3,2.9,3.3,2.38,2.87,3.3,2.35,2.9,3.4,2.3,2.88,3.3,2.3,3.0,3.5,2.38,2.88,3.36,2.32,3.05,3.5,2.42,1.95,1.85,1.95,1.85,1.91,1.81,1.96,1.89,0.25,1.8,2.05,1.8,2.05,1.76,1.99,1.87,2.08,3.25,3.4,2.1,3.2,3.5,2.2,3.3,3.4,2.15,3.2,3.4,2.1,3.3,3.4,2.1,3.25,3.5,2.05,3.3,3.5,2.2,3.22,3.4,2.13,3.55,3.65,2.24,1.9,1.9,1.93,1.9,1.89,1.83,2.02,1.93,0.25,1.98,1.88,1.98,1.88,1.92,1.82,2.06,1.93,2627,england,League 2
E3,29/08/2026,15:00,Colchester,Rochdale,1,0,H,0,0,D,D Bourne,1.31,0.66,11,11,5,4,10,15,5,3,1,2,0,0,2.2,3.3,3.0,2.3,3.4,3.1,2.25,3.4,3.1,2.3,3.3,3.0,2.2,3.4,3.1,2.2,3.3,3.0,2.3,3.5,3.1,2.23,3.36,3.05,2.3,3.45,3.35,2.0,1.85,2.0,1.85,1.93,1.8,1.99,1.9,-0.25,2.0,1.85,2.0,1.85,1.92,1.82,1.97,1.94,1.81,3.5,3.9,1.95,3.5,4.0,1.9,3.5,4.0,1.95,3.4,3.7,1.9,3.5,3.8,1.87,3.6,3.75,1.96,3.6,4.0,1.91,3.47,3.8,1.93,3.75,4.4,2.0,1.85,2.0,1.85,1.93,1.8,2.04,1.93,-0.5,1.9,1.95,1.92,1.95,1.88,1.83,1.93,2.05,2627,england,League 2
E3,29/08/2026,15:00,Crawley Town,Bristol Rvs,0,2,A,0,2,A,L Doughty,0.74,2.63,8,27,1,5,6,16,2,4,3,4,0,0,3.4,3.25,2.05,3.3,3.5,2.15,3.25,3.4,2.15,3.2,3.4,2.15,3.3,3.5,2.1,3.2,3.4,2.1,3.4,3.5,2.2,3.26,3.37,2.13,3.2,3.45,2.18,1.98,1.88,1.98,1.91,1.87,1.84,1.86,2.08,0.25,1.98,1.88,1.98,1.88,1.91,1.83,1.99,1.9,4.5,3.8,1.66,4.2,3.75,1.8,4.4,3.9,1.73,4.1,3.9,1.75,4.0,4.0,1.73,4.0,4.2,1.73,4.5,4.2,1.8,4.22,3.88,1.73,4.4,4.2,1.83,1.67,2.15,1.67,2.2,1.65,2.12,1.74,2.34,0.75,1.9,1.95,1.9,1.95,1.83,1.9,1.91,2.05,2627,england,League 2
E3,29/08/2026,15:00,Gillingham,Northampton,1,1,D,1,1,D,E Swallow,0.88,0.3,11,5,3,1,10,16,4,4,2,4,0,0,2.45,3.3,2.65,2.6,3.4,2.63,2.63,3.3,2.63,2.6,3.25,2.6,2.5,3.4,2.63,2.5,3.3,2.6,2.63,3.4,2.66,2.56,3.28,2.62,2.78,3.3,2.68,2.03,1.83,2.03,1.83,1.97,1.75,2.1,1.84,0.0,1.88,1.98,1.88,1.98,1.85,1.88,2.0,1.9,3.0,3.3,2.25,2.88,3.4,2.4,3.0,3.25,2.38,2.87,3.25,2.4,3.1,3.2,2.25,3.0,3.3,2.25,3.15,3.4,2.4,2.99,3.28,2.31,3.35,3.4,2.4,2.05,1.75,2.05,1.8,2.0,1.74,2.18,1.8,0.25,1.83,2.03,1.85,2.03,1.77,1.98,1.93,2.05,2627,england,League 2
E3,29/08/2026,15:00,Grimsby,Fleetwood Town,2,2,D,1,1,D,R Massey-Ellis,2.96,1.2,15,11,5,4,15,11,7,5,2,4,0,0,1.81,3.5,4.1,1.9,3.5,4.2,1.85,3.5,4.2,1.87,3.5,4.0,1.91,3.5,4.0,1.91,3.4,3.9,1.91,3.5,4.2,1.86,3.46,4.07,1.92,3.45,4.3,1.95,1.85,2.0,1.85,1.95,1.77,1.99,1.81,-0.5,1.88,1.98,1.88,1.98,1.82,1.9,1.92,2.05,1.86,3.5,3.9,1.95,3.6,3.75,1.91,3.6,3.8,1.9,3.5,3.75,1.83,3.5,4.2,1.8,3.7,4.0,1.95,3.7,4.2,1.88,3.54,3.87,2.02,3.7,4.0,1.83,2.03,1.83,2.03,1.79,1.93,1.91,2.04,-0.5,1.93,1.93,1.93,1.93,1.86,1.85,2.02,1.96,2627,england,League 2
E3,29/08/2026,15:00,Newport County,Tranmere,2,2,D,1,0,H,E Heaslip,1.06,0.93,11,15,4,5,14,11,4,6,2,2,0,0,2.5,3.2,2.65,2.6,3.3,2.75,2.6,3.2,2.7,2.5,3.2,2.7,2.6,3.3,2.63,2.5,3.25,2.6,2.64,3.3,2.8,2.56,3.18,2.69,2.62,3.4,2.92,2.15,1.67,2.15,1.73,2.06,1.69,2.16,1.76,0.0,1.88,1.98,1.88,1.98,1.83,1.9,1.87,2.09,3.0,3.25,2.3,2.88,3.3,2.5,3.0,3.25,2.38,2.95,3.25,2.35,3.0,3.2,2.3,2.9,3.3,2.3,3.05,3.3,2.5,2.94,3.2,2.35,3.2,3.4,2.46,2.08,1.73,2.1,1.73,2.05,1.68,2.16,1.84,0.25,1.8,2.05,1.8,2.1,1.74,2.02,1.88,2.1,2627,england,League 2
E3,29/08/2026,15:00,Oldham,Swindon,3,0,H,1,0,H,D Whitestone,2.66,0.15,26,3,9,1,6,12,14,4,0,3,0,0,1.91,3.5,3.6,1.95,3.6,3.75,1.95,3.5,3.7,1.95,3.5,3.6,1.87,3.7,3.8,1.85,3.5,3.75,1.95,3.7,3.9,1.91,3.54,3.72,1.96,3.85,4.0,1.9,1.9,1.91,1.91,1.86,1.85,1.93,1.97,-0.5,2.0,1.85,2.0,1.88,1.89,1.82,1.96,2.01,1.76,3.7,4.2,1.83,3.75,4.2,1.8,3.6,4.33,1.85,3.5,4.1,1.75,3.6,4.33,1.75,3.8,4.2,1.85,3.8,4.33,1.8,3.6,4.2,1.86,3.95,4.7,1.9,1.95,1.91,1.95,1.85,1.86,1.94,2.0,-0.5,1.8,2.05,1.8,2.05,1.77,1.95,1.86,2.14,2627,england,League 2
E3,29/08/2026,15:00,Shrewsbury,Salford,1,0,H,0,0,D,I Searle,0.87,0.77,9,13,2,1,13,11,5,3,1,0,0,0,3.8,3.5,1.86,3.75,3.5,2.0,3.9,3.5,1.91,3.7,3.4,1.95,3.75,3.5,1.95,3.6,3.4,1.91,3.9,3.6,2.0,3.73,3.48,1.93,3.95,3.65,2.06,2.0,1.8,2.0,1.8,1.95,1.77,2.02,1.94,0.5,1.93,1.93,1.93,1.93,1.83,1.89,1.9,2.06,3.6,3.4,1.91,3.6,3.5,2.05,3.7,3.4,2.0,3.5,3.3,2.05,3.7,3.4,1.95,3.6,3.6,1.95,3.7,3.6,2.05,3.57,3.44,1.98,4.0,3.75,2.02,2.03,1.83,2.03,1.83,1.96,1.77,2.08,1.9,0.5,1.88,1.98,1.88,1.98,1.77,1.94,1.95,2.02,2627,england,League 2
E3,29/08/2026,15:00,Walsall,Accrington,3,2,H,2,1,H,W Davis,1.99,2.33,16,22,5,6,8,18,4,4,4,3,0,0,1.81,3.4,4.1,1.9,3.5,4.2,1.85,3.5,4.2,1.87,3.6,3.9,1.85,3.5,4.0,1.83,3.4,3.9,1.9,3.6,4.2,1.85,3.47,4.05,1.9,3.6,4.6,2.05,1.75,2.05,1.8,1.99,1.74,2.06,1.8,-0.5,1.88,1.98,1.88,1.98,1.83,1.89,1.9,2.03,2.1,3.3,3.3,2.05,3.4,3.6,2.1,3.4,3.4,2.05,3.25,3.5,2.05,3.3,3.5,2.05,3.4,3.5,2.1,3.5,3.7,2.04,3.37,3.49,2.18,3.5,3.7,2.05,1.8,2.05,1.8,1.98,1.76,2.08,1.89,-0.5,2.15,1.68,2.15,1.8,2.0,1.72,2.18,1.81,2627,england,League 2
E3,29/08/2026,15:00,York,Exeter,2,1,H,1,0,H,O Langford,1.35,0.92,11,8,8,2,12,10,7,5,2,3,0,0,1.62,3.75,4.75,1.7,4.0,4.6,1.7,3.8,4.8,1.7,3.8,4.5,1.67,3.8,4.75,1.67,3.75,4.6,1.7,4.0,4.8,1.68,3.83,4.63,1.68,3.95,4.9,1.85,1.95,1.85,2.0,1.79,1.93,1.81,2.02,-0.75,1.9,1.95,1.9,1.95,1.85,1.89,1.94,1.95,1.51,4.1,5.5,1.57,4.2,5.5,1.6,4.1,5.25,1.62,4.0,4.8,1.57,4.0,5.0,1.57,4.2,5.0,1.63,4.33,5.5,1.58,4.08,5.1,1.64,4.3,5.9,1.67,2.15,1.73,2.15,1.7,2.05,1.74,2.28,-1.0,1.98,1.88,2.0,1.88,1.97,1.77,2.06,1.86,2627,england,League 2
SP1,15/08/2026,18:30,Alaves,Getafe,3,0,H,0,0,D,,1.93,0.24,18,6,8,2,16,13,5,3,4,3,0,1,2.35,2.8,3.75,2.38,2.8,3.6,2.3,2.88,3.6,2.3,2.9,3.5,2.3,2.75,3.75,2.3,2.75,3.75,2.4,2.9,3.8,2.33,2.82,3.62,2.42,2.92,4.0,3.2,1.36,3.2,1.4,3.08,1.35,3.4,1.4,-0.25,1.98,1.88,1.98,1.88,1.92,1.83,2.0,1.96,2.35,2.7,3.8,2.3,2.8,3.75,2.38,2.8,3.6,2.25,2.75,3.9,2.25,2.7,3.8,2.25,2.8,3.8,2.4,2.88,4.0,2.32,2.76,3.75,2.38,2.88,4.2,3.75,1.29,3.75,1.4,3.32,1.32,3.6,1.37,-0.25,1.98,1.88,1.98,1.9,1.91,1.83,1.96,2.01,2627,spain,La Liga Primera Division
SP1,15/08/2026,20:30,Sevilla,Vallecano,2,1,H,0,1,A,,2.19,1.89,13,6,4,3,18,18,1,2,4,4,1,0,2.3,3.1,3.4,2.3,3.25,3.2,2.3,3.2,3.25,2.25,3.2,3.25,2.3,3.0,3.3,2.3,3.0,3.3,2.38,3.25,3.4,2.29,3.17,3.26,2.42,3.25,3.5,2.3,1.62,2.3,1.64,2.24,1.61,2.38,1.7,-0.25,1.98,1.88,1.98,1.88,1.92,1.83,2.04,1.92,2.4,2.9,3.4,2.5,2.88,3.2,2.4,3.1,3.2,2.45,2.95,3.25,2.5,2.8,3.2,2.5,2.88,3.2,2.66,3.1,3.4,2.49,2.92,3.19,2.66,3.05,3.3,2.75,1.44,2.75,1.54,2.53,1.5,2.74,1.57,0.0,1.6,2.3,1.73,2.3,1.65,2.15,1.84,2.18,2627,spain,La Liga Primera Division
SP1,16/08/2026,16:00,Santander,Villarreal,2,2,D,2,2,D,,1.87,0.66,17,12,3,7,14,14,6,10,2,4,0,0,3.2,3.6,2.15,3.2,3.6,2.15,3.1,3.4,2.1,3.1,3.5,2.2,3.1,3.4,2.15,3.1,3.4,2.2,3.25,3.6,2.25,3.14,3.5,2.16,3.4,3.6,2.28,1.8,2.0,1.8,2.05,1.77,1.98,1.84,2.16,0.25,1.98,1.88,1.98,1.88,1.9,1.84,1.99,1.96,3.9,3.75,1.9,3.5,4.0,1.95,3.75,3.7,1.93,3.6,3.8,1.9,3.7,3.6,1.91,3.75,3.75,1.91,3.9,4.0,2.0,3.69,3.77,1.92,3.9,3.85,2.04,1.57,2.38,1.6,2.63,1.52,2.47,1.58,2.68,0.5,1.93,1.93,1.93,1.93,1.86,1.88,,,2627,spain,La Liga Primera Division
SP1,16/08/2026,18:00,Espanol,Levante,3,0,H,2,0,H,,1.56,0.28,16,4,6,0,17,7,0,1,3,0,0,0,2.0,3.25,4.0,2.1,3.3,3.6,2.0,3.2,3.6,2.1,3.25,3.6,2.05,3.25,3.6,2.05,3.25,3.6,2.1,3.35,4.0,2.06,3.25,3.68,2.14,3.3,4.0,2.2,1.67,2.2,1.67,2.18,1.64,2.34,1.7,-0.25,1.7,2.1,1.78,2.1,1.72,2.03,1.82,2.16,2.1,3.2,3.8,2.1,3.3,3.6,2.1,3.2,3.8,2.1,3.25,3.6,2.05,3.2,3.75,2.05,3.3,3.75,2.16,3.3,3.8,2.1,3.23,3.71,2.18,3.4,4.0,2.2,1.67,2.2,1.73,2.13,1.68,2.24,1.79,-0.5,2.08,1.73,2.08,1.73,2.04,1.71,2.18,1.83,2627,spain,La Liga Primera Division
SP1,17/08/2026,20:00,La Coruna,Elche,1,1,D,1,0,H,,0.34,1.41,8,11,3,6,17,12,2,6,2,2,0,0,2.3,3.0,3.5,2.3,3.1,3.3,2.25,3.0,3.1,2.37,3.1,3.1,2.25,2.9,3.4,2.3,2.9,3.4,2.38,3.1,3.5,2.31,3.01,3.28,2.42,3.1,3.6,2.3,1.62,2.3,1.62,2.27,1.59,2.44,1.65,-0.25,2.03,1.83,2.03,1.83,1.94,1.8,2.03,1.93,2.15,3.2,3.6,2.25,3.2,3.4,2.15,3.25,3.5,2.2,3.1,3.7,2.15,3.0,3.7,2.15,3.1,3.7,2.26,3.25,3.7,2.19,3.15,3.53,2.28,3.2,3.95,2.3,1.62,2.3,1.67,2.25,1.61,2.4,1.7,-0.25,2.03,1.83,2.03,1.93,1.86,1.89,1.92,2.07,2627,spain,La Liga Primera Division
SP1,19/08/2026,20:00,Ath Madrid,Malaga,2,0,H,0,0,D,,0.93,0.15,15,5,6,1,17,11,6,1,2,3,0,0,1.33,5.25,9.5,1.29,5.5,11.0,1.29,5.25,11.0,1.31,5.25,10.5,1.29,5.0,10.0,1.29,5.25,10.0,1.33,5.5,11.5,1.3,5.27,10.19,1.35,5.6,11.5,1.73,2.1,1.75,2.15,1.71,2.06,1.84,2.16,-1.5,1.98,1.88,1.98,1.91,1.87,1.87,2.0,1.94,1.45,4.6,7.0,1.5,4.5,6.5,1.44,4.6,7.0,1.46,4.6,6.5,1.44,4.4,6.5,1.44,4.5,6.5,1.5,4.6,7.0,1.46,4.51,6.53,1.51,4.8,7.4,1.67,2.2,1.67,2.3,1.63,2.22,1.72,2.38,-1.25,2.03,1.83,2.03,1.83,1.96,1.79,2.1,1.9,2627,spain,La Liga Primera Division
SP1,20/08/2026,20:00,Vallecano,Alaves,1,1,D,0,0,D,,0.42,2.0,8,15,3,3,14,13,9,7,1,2,0,0,2.25,3.0,3.6,2.25,3.1,3.5,2.2,2.9,3.4,2.25,3.0,3.5,2.15,2.88,3.7,2.2,2.9,3.75,2.3,3.15,3.75,2.23,2.99,3.52,2.3,3.1,3.95,2.75,1.44,2.75,1.5,2.63,1.45,2.76,1.52,-0.25,1.93,1.93,1.93,1.93,1.87,1.88,1.93,2.05,2.45,3.2,3.1,2.4,3.1,3.1,2.38,3.2,3.1,2.45,2.95,3.1,2.4,2.9,3.1,2.4,3.0,3.1,2.5,3.2,3.25,2.42,3.07,3.07,2.56,3.15,3.35,2.3,1.62,2.5,1.65,2.3,1.59,2.56,1.63,-0.25,2.1,1.78,2.1,1.78,2.02,1.74,2.17,1.84,2627,spain,La Liga Primera Division
SP1,21/08/2026,20:00,Betis,Sociedad,1,0,H,0,0,D,,1.24,1.36,18,9,7,3,9,12,4,5,3,3,0,0,2.05,3.5,3.5,2.1,3.6,3.3,2.05,3.6,3.5,2.05,3.6,3.5,2.0,3.4,3.6,2.0,3.5,3.6,2.12,3.6,3.6,2.05,3.51,3.48,2.14,3.6,3.9,1.8,2.0,1.85,2.0,1.79,1.96,1.88,2.1,-0.5,2.05,1.75,2.1,1.78,2.01,1.73,2.14,1.87,2.1,3.4,3.5,2.15,3.5,3.3,2.1,3.4,3.5,2.1,3.4,3.4,2.1,3.3,3.4,2.1,3.4,3.4,2.15,3.55,3.5,2.11,3.43,3.38,2.22,3.55,3.6,1.8,2.0,1.83,2.0,1.78,1.97,1.89,2.1,-0.25,1.85,2.0,1.85,2.0,1.79,1.95,1.91,2.07,2627,spain,La Liga Primera Division
SP1,22/08/2026,16:00,Ath Bilbao,Sevilla,1,3,A,0,1,A,,1.25,0.41,18,7,8,4,11,16,10,3,2,5,1,0,1.7,3.6,5.25,1.73,3.5,5.5,1.7,3.6,5.25,1.71,3.6,5.25,1.67,3.5,5.0,1.67,3.4,5.25,1.73,3.7,5.5,1.7,3.56,5.13,1.78,3.7,5.7,2.2,1.67,2.2,1.67,2.2,1.63,2.38,1.7,-0.75,1.98,1.88,1.98,1.88,1.91,1.84,2.02,1.94,1.75,3.6,5.0,1.8,3.6,4.6,1.73,3.6,5.0,1.75,3.6,4.8,1.73,3.4,5.0,1.73,3.6,5.0,1.8,3.6,5.0,1.75,3.57,4.79,1.82,3.65,5.4,2.1,1.73,2.15,1.73,2.1,1.69,2.3,1.75,-0.75,1.98,1.88,2.0,1.88,1.95,1.8,2.07,1.91,2627,spain,La Liga Primera Division
SP1,22/08/2026,18:30,Valencia,Celta,0,0,D,0,0,D,,0.58,0.66,8,7,2,3,17,17,1,2,2,3,0,0,2.35,3.2,3.2,2.3,3.3,3.2,2.38,3.2,3.1,2.35,3.2,3.1,2.25,3.3,3.2,2.25,3.25,3.1,2.38,3.3,3.25,2.33,3.21,3.13,2.46,3.35,3.35,2.2,1.67,2.2,1.67,2.2,1.63,2.34,1.71,-0.25,2.03,1.83,2.03,1.83,1.96,1.79,2.09,1.89,2.45,3.1,3.0,2.4,3.2,3.0,2.45,3.2,3.0,2.4,3.1,3.1,2.4,3.0,3.1,2.4,3.1,3.1,2.45,3.2,3.2,2.42,3.12,3.04,2.62,3.15,3.25,2.38,1.57,2.38,1.65,2.26,1.6,2.44,1.67,-0.25,2.1,1.78,2.1,1.8,2.03,1.74,2.19,1.83,2627,spain,La Liga Primera Division
SP1,22/08/2026,20:30,Espanol,Real Madrid,1,2,A,1,1,D,,1.05,2.7,8,21,3,8,19,7,0,8,5,1,0,0,7.0,4.5,1.44,7.5,4.6,1.4,7.5,4.75,1.4,7.0,4.75,1.43,7.5,4.5,1.4,7.5,4.5,1.4,8.2,4.8,1.44,7.36,4.59,1.41,8.4,4.9,1.46,1.73,2.1,1.73,2.2,1.68,2.11,1.78,2.24,1.25,1.88,1.98,1.9,1.98,1.84,1.91,1.92,2.02,7.5,5.0,1.4,7.5,5.0,1.4,8.0,5.0,1.36,7.25,4.8,1.41,7.5,4.5,1.36,7.5,5.0,1.36,8.0,5.0,1.41,7.35,4.88,1.39,8.6,5.3,1.43,1.53,2.5,1.57,2.63,1.52,2.45,1.61,2.6,1.25,2.03,1.83,2.03,1.83,1.98,1.77,2.05,1.92,2627,spain,La Liga Primera Division
SP1,23/08/2026,16:00,Ath Madrid,Villarreal,2,2,D,0,0,D,,0.78,3.6,19,13,4,6,12,13,5,3,3,2,1,0,1.85,3.6,4.1,1.9,3.6,4.0,1.8,3.5,3.9,1.9,3.5,4.0,1.83,3.6,4.0,1.83,3.6,4.0,1.91,3.6,4.1,1.85,3.57,3.98,1.93,3.85,4.3,1.88,1.98,1.88,1.98,1.82,1.91,1.9,2.08,-0.5,1.88,1.98,1.88,1.98,1.82,1.9,1.93,2.06,1.8,3.9,4.1,1.8,3.75,4.2,1.75,3.75,4.6,1.78,3.9,4.1,1.75,3.7,4.2,1.75,3.8,4.2,1.84,3.9,4.6,1.78,3.83,4.15,1.87,3.9,4.7,1.62,2.3,1.67,2.3,1.62,2.22,1.73,2.34,-0.5,1.83,2.03,1.83,2.1,1.76,2.01,1.87,2.13,2627,spain,La Liga Primera Division
SP1,23/08/2026,18:30,Getafe,Santander,1,0,H,0,0,D,,1.24,1.3,12,6,1,3,14,17,8,6,1,3,0,0,2.2,2.9,3.9,2.15,3.1,3.75,2.1,2.9,3.6,2.15,3.0,3.8,2.15,2.88,3.8,2.15,2.88,3.9,2.22,3.1,3.95,2.16,2.92,3.77,2.3,3.05,4.1,2.75,1.44,2.75,1.48,2.7,1.43,2.94,1.5,-0.25,1.85,2.0,1.85,2.0,1.81,1.94,1.92,2.06,2.25,3.1,3.5,2.38,3.1,3.25,2.3,3.13,3.4,2.3,3.1,3.4,2.25,3.0,3.4,2.25,3.1,3.4,2.38,3.13,3.5,2.27,3.07,3.42,2.38,3.25,3.6,2.2,1.67,2.25,1.67,2.2,1.64,2.32,1.75,-0.25,1.93,1.93,1.93,1.93,1.89,1.85,2.02,1.95,2627,spain,La Liga Primera Division
SP1,23/08/2026,20:30,Elche,Barcelona,0,5,A,0,2,A,,0.7,4.38,7,11,2,7,13,12,3,1,1,0,0,0,9.0,5.75,1.3,9.0,5.5,1.3,8.0,5.25,1.29,8.25,5.75,1.32,8.5,5.5,1.29,8.5,5.5,1.3,10.25,5.75,1.33,8.42,5.49,1.31,9.4,6.2,1.35,1.44,2.75,1.48,2.8,1.43,2.67,1.5,2.88,1.5,1.98,1.88,1.98,1.88,1.9,1.82,2.04,1.92,8.5,5.5,1.33,8.5,5.5,1.33,9.0,5.75,1.3,7.5,5.5,1.36,8.0,5.5,1.3,8.5,5.5,1.3,9.0,5.75,1.36,8.35,5.52,1.32,9.2,5.9,1.38,1.5,2.63,1.5,2.75,1.47,2.62,1.52,2.88,1.5,1.93,1.93,1.95,1.93,1.88,1.86,1.98,2.01,2627,spain,La Liga Primera Division
SP1,24/08/2026,18:30,Osasuna,Levante,0,0,D,0,0,D,,0.67,1.31,12,11,7,1,9,12,9,4,2,1,0,0,1.83,3.6,4.33,1.83,3.6,4.33,1.75,3.5,4.2,1.83,3.5,4.4,1.8,3.5,4.33,1.8,3.5,4.2,1.84,3.6,4.5,1.81,3.52,4.3,1.86,3.7,4.8,2.0,1.8,2.0,1.8,1.97,1.77,2.06,1.83,-0.5,1.8,2.05,1.8,2.05,1.78,1.95,,,1.85,3.4,4.33,1.91,3.4,4.2,1.87,3.5,4.2,1.93,3.4,4.1,1.91,3.25,4.2,1.91,3.3,4.2,1.94,3.5,4.33,1.9,3.38,4.21,1.99,3.5,4.6,2.2,1.67,2.2,1.73,2.14,1.67,2.28,1.76,-0.5,1.9,1.95,1.9,1.95,1.85,1.88,1.99,2.0,2627,spain,La Liga Primera Division
SP1,24/08/2026,20:30,Malaga,La Coruna,1,1,D,1,1,D,,1.97,1.11,13,6,2,4,12,12,7,4,1,4,0,0,2.5,3.1,3.1,2.5,3.1,3.0,2.4,2.9,3.0,2.6,3.1,2.87,2.45,2.88,3.1,2.5,2.88,3.1,2.6,3.1,3.1,2.48,2.99,3.01,2.64,3.05,3.3,2.63,1.5,2.63,1.54,2.48,1.5,2.68,1.57,-0.25,2.1,1.7,2.1,1.73,2.05,1.7,2.21,1.81,2.4,3.1,3.25,2.4,3.1,3.1,2.38,3.2,3.1,2.35,3.0,3.25,2.3,2.9,3.2,2.3,3.0,3.25,2.42,3.2,3.3,2.36,3.05,3.2,2.5,3.15,3.5,2.3,1.62,2.3,1.67,2.23,1.63,2.42,1.69,-0.25,2.1,1.7,2.1,1.8,1.98,1.76,2.09,1.9,2627,spain,La Liga Primera Division
SP1,25/08/2026,20:00,Valencia,Betis,0,1,A,0,0,D,,1.12,0.71,16,15,3,3,10,11,8,2,2,1,0,0,2.8,3.3,2.55,2.75,3.25,2.5,2.8,3.25,2.55,2.75,3.25,2.6,2.75,3.1,2.6,2.75,3.25,2.6,2.83,3.3,2.65,2.77,3.24,2.56,2.94,3.35,2.72,2.1,1.73,2.1,1.75,2.05,1.73,2.2,1.82,0.0,2.05,1.8,2.05,1.83,1.95,1.79,2.07,1.91,2.55,3.3,2.8,2.63,3.25,2.75,2.6,3.3,2.75,2.55,3.2,2.8,2.6,3.2,2.7,2.6,3.3,2.7,2.7,3.3,2.8,2.61,3.23,2.72,2.74,3.4,2.9,2.1,1.73,2.15,1.75,2.09,1.7,2.22,1.8,0.0,1.83,2.03,1.85,2.03,1.82,1.92,1.93,2.05,2627,spain,La Liga Primera Division
SP1,26/08/2026,20:00,Real Madrid,Sociedad,4,1,H,1,1,D,,3.14,0.56,20,10,11,3,10,8,4,7,3,3,0,0,1.3,6.25,8.0,1.33,5.5,8.5,1.3,5.75,9.0,1.34,5.5,8.0,1.29,5.5,8.5,1.29,5.5,8.0,1.34,6.25,9.3,1.31,5.65,8.33,1.35,6.2,10.0,1.44,2.75,1.45,2.8,1.42,2.73,1.5,2.96,-1.5,1.88,1.98,1.88,1.98,1.82,1.9,1.94,2.0,1.17,8.0,13.0,1.18,7.5,13.0,1.17,7.5,15.0,1.21,7.5,11.5,1.14,7.5,14.0,1.17,8.0,13.0,1.21,8.0,15.0,1.18,7.37,12.96,1.22,8.6,15.0,1.3,3.5,1.33,3.6,1.31,3.37,1.35,3.8,-2.0,1.83,2.03,1.83,2.03,1.79,1.97,1.9,2.07,2627,spain,La Liga Primera Division
SP1,27/08/2026,19:30,Celta,Osasuna,1,2,A,1,0,H,,0.13,2.68,4,13,2,5,7,16,5,3,0,1,1,0,2.0,3.3,4.0,1.95,3.4,4.0,1.93,3.25,3.75,2.0,3.1,4.2,1.91,3.3,4.0,1.95,3.3,4.0,2.0,3.5,4.3,1.95,3.31,3.94,2.02,3.5,4.3,2.2,1.67,2.2,1.7,2.12,1.67,2.28,1.73,-0.5,2.03,1.83,2.03,1.85,1.91,1.81,2.02,1.94,1.85,3.3,4.5,1.9,3.4,4.33,1.83,3.25,5.0,1.83,3.3,4.75,1.85,3.2,4.5,1.85,3.3,4.75,1.9,3.4,5.0,1.85,3.29,4.63,1.96,3.4,5.0,2.3,1.62,2.35,1.62,2.27,1.6,2.46,1.68,-0.5,1.85,2.0,1.85,2.0,1.79,1.94,1.96,2.03,2627,spain,La Liga Primera Division
SP1,27/08/2026,20:00,Barcelona,Ath Bilbao,2,0,H,1,0,H,,3.91,0.25,22,5,10,0,13,6,12,5,1,2,0,0,1.33,5.25,8.0,1.3,5.5,9.0,1.29,5.25,8.0,1.34,5.5,8.0,1.29,5.5,8.5,1.3,5.5,8.5,1.34,5.75,9.3,1.31,5.42,8.18,1.35,6.0,9.6,1.44,2.75,1.45,2.75,1.42,2.71,1.49,2.9,-1.5,1.88,1.98,1.88,1.98,1.82,1.9,1.95,2.0,1.22,6.5,12.0,1.22,6.5,11.0,1.22,7.0,11.0,1.25,7.0,9.5,1.18,6.5,12.0,1.2,7.0,12.0,1.25,7.0,12.0,1.22,6.64,10.81,1.25,7.4,14.5,1.33,3.4,1.33,3.6,1.31,3.34,1.37,3.65,-1.75,1.78,2.03,1.78,2.05,1.75,2.0,1.86,2.12,2627,spain,La Liga Primera Division
SP1,28/08/2026,18:00,Santander,Elche,3,2,H,3,0,H,,1.72,1.04,13,18,6,7,17,19,5,10,2,1,0,0,2.0,3.6,3.6,2.05,3.6,3.5,2.05,3.5,3.6,2.1,3.5,3.4,2.0,3.4,3.6,2.0,3.6,3.5,2.12,3.6,3.6,2.04,3.54,3.51,2.12,3.7,3.8,1.67,2.2,1.67,2.2,1.66,2.16,1.77,2.28,-0.5,2.05,1.8,2.05,1.8,1.98,1.76,2.12,1.88,1.91,3.7,3.9,2.0,3.6,3.6,1.87,3.6,4.1,1.95,3.6,3.75,1.95,3.4,3.7,1.95,3.6,3.75,2.0,3.7,4.1,1.95,3.58,3.75,2.04,3.75,4.0,1.73,2.1,1.73,2.15,1.69,2.1,1.81,2.2,-0.5,1.95,1.9,1.95,1.9,1.9,1.84,2.04,1.94,2627,spain,La Liga Primera Division
SP1,28/08/2026,20:30,Alaves,Villarreal,1,0,H,1,0,H,,0.81,1.4,9,19,2,6,15,8,5,9,3,1,0,0,3.2,3.5,2.2,3.0,3.5,2.3,3.13,3.6,2.2,3.1,3.5,2.25,3.2,3.4,2.2,3.2,3.5,2.15,3.2,3.6,2.3,3.1,3.49,2.23,3.35,3.65,2.32,1.8,2.0,1.8,2.0,1.78,1.97,1.87,2.12,0.25,1.93,1.93,1.93,1.93,1.86,1.88,1.98,2.0,3.1,3.5,2.25,3.0,3.6,2.25,3.1,3.5,2.25,3.0,3.4,2.3,3.0,3.3,2.25,3.0,3.4,2.25,3.1,3.6,2.3,3.03,3.44,2.26,3.25,3.55,2.4,1.8,2.0,1.83,2.0,1.78,1.96,1.88,2.1,0.25,1.85,2.0,1.85,2.0,1.81,1.93,1.92,2.06,2627,spain,La Liga Primera Division
SP1,29/08/2026,16:00,Levante,Betis,5,2,H,2,2,D,,2.76,1.92,19,20,10,6,9,7,5,8,1,1,0,0,3.4,3.3,2.2,3.2,3.5,2.2,3.3,3.4,2.15,3.25,3.4,2.2,3.3,3.3,2.15,3.25,3.3,2.15,3.4,3.5,2.25,3.28,3.33,2.19,3.55,3.5,2.28,1.98,1.88,1.98,1.88,1.91,1.83,2.06,1.91,0.25,1.98,1.88,1.98,1.9,1.9,1.85,2.01,1.95,3.2,3.3,2.3,3.1,3.5,2.25,3.25,3.3,2.25,3.0,3.4,2.3,3.1,3.2,2.25,3.1,3.3,2.25,3.25,3.5,2.32,3.1,3.34,2.27,3.4,3.45,2.38,1.9,1.95,1.9,2.0,1.83,1.93,1.95,2.04,0.25,1.85,2.0,1.85,2.0,1.82,1.92,1.95,2.04,2627,spain,La Liga Primera Division
SP1,29/08/2026,18:00,Sociedad,Espanol,2,1,H,1,1,D,,1.66,0.76,17,11,10,3,19,14,7,3,2,4,0,0,1.91,3.6,4.0,1.9,3.75,3.75,1.87,3.7,4.0,1.9,3.6,3.9,1.87,3.6,4.0,1.85,3.6,3.9,1.91,3.75,4.0,1.88,3.64,3.92,1.96,3.85,4.3,1.88,1.98,1.88,2.0,1.8,1.94,1.92,2.04,-0.5,1.9,1.95,1.9,1.95,1.83,1.9,1.96,2.03,1.9,3.7,4.0,1.83,3.75,4.0,1.87,3.75,4.0,1.85,3.75,4.0,1.83,3.5,4.2,1.83,3.6,4.2,1.9,3.75,4.2,1.85,3.68,4.02,1.94,3.75,4.5,1.73,2.1,1.75,2.1,1.72,2.05,1.82,2.2,-0.5,1.88,1.98,1.88,1.98,1.81,1.92,,,2627,spain,La Liga Primera Division
SP1,29/08/2026,20:30,Sevilla,Ath Madrid,1,3,A,0,3,A,,0.89,0.93,20,12,5,5,20,16,4,2,2,2,0,0,3.6,3.3,2.1,3.4,3.5,2.1,3.4,3.5,2.1,3.6,3.4,2.05,3.5,3.3,2.1,3.4,3.3,2.05,3.6,3.5,2.15,3.46,3.39,2.09,3.8,3.55,2.18,1.98,1.88,1.98,1.88,1.91,1.83,2.0,1.98,0.25,2.03,1.83,2.03,1.83,1.97,1.78,2.12,1.87,4.1,3.5,1.91,4.0,3.5,1.95,4.1,3.5,1.9,4.0,3.4,1.95,4.0,3.3,1.91,4.0,3.5,1.91,4.2,3.5,1.95,3.99,3.43,1.93,4.4,3.55,2.02,2.1,1.73,2.1,1.8,2.03,1.75,2.16,1.84,0.5,1.93,1.93,1.93,1.93,1.85,1.88,1.96,2.02,2627,spain,La Liga Primera Division
SP1,30/08/2026,16:00,Real Madrid,Malaga,4,0,H,3,0,H,,2.4,0.72,19,14,8,1,6,9,9,6,0,2,0,0,1.11,9.0,21.0,1.13,9.0,19.0,1.08,8.5,18.0,1.14,9.0,17.0,1.1,9.5,19.0,1.1,9.0,17.0,1.14,10.0,21.0,1.11,8.86,18.31,1.14,11.0,26.0,1.33,3.4,1.33,3.4,1.31,3.31,1.36,3.55,-2.5,1.95,1.9,1.95,1.9,1.9,1.83,2.01,1.94,1.09,11.0,21.0,1.1,10.0,21.0,1.06,12.0,31.0,1.12,10.5,18.0,1.07,12.0,21.0,1.06,13.0,23.0,1.12,13.0,31.0,1.09,10.72,21.88,1.11,13.5,32.0,1.22,4.33,1.23,4.5,1.21,4.21,1.24,5.0,-2.75,1.88,1.98,1.88,1.98,1.84,1.91,1.96,2.02,2627,spain,La Liga Primera Division
SP1,30/08/2026,18:30,La Coruna,Valencia,3,1,H,2,1,H,,1.42,1.33,11,12,4,4,14,5,5,5,2,1,1,0,2.55,3.0,3.1,2.6,3.1,2.88,2.45,3.0,2.8,2.55,3.1,2.9,2.5,3.0,2.8,2.5,3.1,2.8,2.66,3.1,3.1,2.53,3.02,2.91,2.64,3.1,3.2,2.38,1.57,2.38,1.58,2.29,1.57,2.5,1.63,-0.25,2.1,1.7,2.15,1.7,2.09,1.68,2.2,1.81,2.75,2.9,2.88,2.75,3.0,2.8,2.75,3.13,2.7,2.65,3.0,2.87,2.7,2.88,2.88,2.7,2.9,2.88,2.78,3.13,2.88,2.72,2.98,2.82,2.88,3.05,3.05,2.5,1.53,2.5,1.57,2.36,1.56,2.54,1.64,0.0,1.7,2.1,1.85,2.1,1.82,1.91,1.93,2.05,2627,spain,La Liga Primera Division
SP1,30/08/2026,20:30,Celta,Ath Bilbao,0,2,A,0,2,A,,0.57,2.64,8,17,2,7,8,17,4,7,0,3,0,0,2.38,3.2,3.1,2.38,3.3,3.0,2.3,3.2,2.9,2.37,3.3,3.0,2.3,3.3,2.9,2.3,3.3,2.9,2.45,3.3,3.15,2.36,3.23,2.97,2.54,3.35,3.15,2.1,1.73,2.1,1.75,2.04,1.71,2.18,1.81,-0.25,2.05,1.8,2.05,1.8,1.99,1.76,2.18,1.82,2.88,3.0,2.7,2.75,3.2,2.63,2.8,3.2,2.6,2.75,3.1,2.7,2.8,3.0,2.6,2.8,3.1,2.6,2.88,3.2,2.76,2.77,3.1,2.65,3.0,3.25,2.76,2.38,1.57,2.38,1.62,2.27,1.6,2.46,1.67,0.0,2.03,1.83,2.03,1.85,1.93,1.81,2.07,1.92,2627,spain,La Liga Primera Division
SP1,31/08/2026,18:30,Osasuna,Getafe,1,0,H,1,0,H,,1.67,0.65,10,11,2,1,17,14,1,3,5,4,0,0,2.2,3.0,3.75,2.25,3.0,3.6,2.15,2.88,3.6,2.2,3.0,3.6,2.2,2.88,3.7,2.2,2.88,3.6,2.26,3.0,3.75,2.2,2.94,3.64,2.28,3.1,4.0,3.0,1.4,3.0,1.42,2.86,1.39,3.2,1.44,-0.25,1.88,1.98,1.88,1.98,1.83,1.91,1.91,2.05,2.15,2.9,4.1,2.2,2.75,3.75,2.15,2.88,4.2,2.15,2.85,4.0,2.1,2.8,4.2,2.1,2.88,4.2,2.2,2.9,4.2,2.15,2.85,4.08,2.24,2.98,4.5,3.2,1.36,3.2,1.42,3.01,1.37,,,-0.25,1.8,2.05,1.8,2.05,1.76,1.99,1.86,2.14,2627,spain,La Liga Primera Division
SP1,31/08/2026,20:30,Barcelona,Vallecano,5,2,H,2,1,H,,2.83,1.09,26,11,9,5,4,11,9,5,0,1,0,0,1.17,8.0,13.0,1.17,7.5,15.0,1.13,7.0,15.0,1.2,7.25,13.0,1.14,8.0,15.0,1.14,8.0,15.0,1.2,8.0,15.0,1.16,7.46,14.04,1.19,9.2,18.5,1.36,3.2,1.36,3.25,1.33,3.16,1.38,3.4,-2.25,2.0,1.85,2.0,1.85,1.95,1.79,2.02,1.74,1.1,10.0,19.0,1.09,11.0,23.0,1.08,11.0,20.0,1.13,10.0,16.5,1.07,11.0,23.0,1.07,12.0,23.0,1.13,12.0,24.0,1.1,10.44,19.91,1.12,12.5,30.0,1.2,4.5,1.22,5.25,1.19,4.49,1.23,5.2,-2.75,1.93,1.93,1.93,1.93,1.86,1.88,1.98,2.0,2627,spain,La Liga Primera Division
SP2,14/08/2026,19:30,Sociedad B,Castellon,0,1,A,0,1,A,,0.22,1.45,4,13,1,5,22,21,5,8,2,4,0,0,4.1,3.9,1.76,3.6,3.75,1.83,3.7,3.7,1.8,3.6,3.6,1.83,3.7,3.7,1.8,3.6,3.6,1.8,4.1,4.0,1.85,3.69,3.73,1.81,4.0,4.0,1.92,1.67,2.15,1.67,2.3,1.62,2.19,1.7,2.34,0.5,2.03,1.78,2.03,1.83,1.92,1.79,2.05,1.92,4.5,3.9,1.68,4.0,3.75,1.73,4.2,3.75,1.7,4.0,3.75,1.73,4.2,3.75,1.67,3.8,3.5,1.73,4.5,4.0,1.8,4.1,3.77,1.72,4.6,4.1,1.82,1.67,2.15,1.67,2.3,1.62,2.18,1.73,2.34,0.75,1.9,1.9,1.9,1.98,1.82,1.91,1.91,2.06,2627,spain,La Liga Segunda Division
SP2,15/08/2026,16:00,Andorra,Ceuta,5,1,H,1,0,H,,4.26,1.3,25,5,11,1,22,8,2,2,3,1,0,0,1.68,3.7,4.75,1.67,3.75,4.5,1.67,3.7,4.5,1.68,3.7,4.33,1.62,3.75,4.5,1.62,3.6,4.33,1.73,3.9,4.75,1.67,3.72,4.4,1.75,3.9,4.8,1.8,2.0,1.8,2.0,1.75,1.98,1.86,2.04,-0.75,1.93,1.88,1.93,1.88,1.88,1.85,1.98,1.92,1.51,4.0,5.75,1.53,4.0,5.5,1.53,3.8,5.5,1.53,4.1,5.25,1.53,3.75,5.0,1.53,3.6,5.0,1.58,4.1,5.75,1.55,3.89,5.39,1.65,4.2,6.0,1.8,2.0,1.8,2.0,1.76,1.97,1.9,2.08,-1.0,1.95,1.85,1.98,1.85,1.94,1.79,2.1,1.88,2627,spain,La Liga Segunda Division
SP2,15/08/2026,18:00,Cadiz,Celta B,0,0,D,0,0,D,,1.91,0.44,17,5,3,5,14,21,6,2,4,3,0,0,1.96,3.5,3.6,1.95,3.3,3.6,1.95,3.4,3.5,2.0,3.25,3.5,1.9,3.3,3.6,1.85,3.25,3.5,2.05,3.5,3.75,1.96,3.32,3.55,2.06,3.5,3.9,1.98,1.83,1.98,1.83,1.92,1.8,1.92,1.78,-0.5,2.0,1.8,2.0,1.8,1.95,1.76,2.06,1.86,2.1,3.5,3.25,2.05,3.4,3.2,2.1,3.3,3.2,2.1,3.25,3.2,2.05,3.1,3.2,2.05,3.1,3.2,2.12,3.5,3.5,2.08,3.31,3.25,2.24,3.5,3.55,1.9,1.9,1.9,1.91,1.86,1.86,2.0,1.98,-0.25,1.85,1.95,1.85,2.0,1.8,1.93,1.92,2.04,2627,spain,La Liga Segunda Division
SP2,15/08/2026,18:00,Oviedo,Granada,0,0,D,0,0,D,,0.41,0.36,9,10,3,3,17,13,3,2,2,2,0,0,1.68,3.5,5.0,1.7,3.6,4.5,1.7,3.5,4.6,1.71,3.6,4.33,1.67,3.6,4.5,1.67,3.5,4.33,1.75,3.8,5.0,1.7,3.57,4.47,1.75,3.75,5.2,2.0,1.8,2.0,1.83,1.93,1.79,2.06,1.83,-0.75,1.95,1.85,1.95,1.85,1.91,1.81,1.99,1.9,1.96,2.85,4.5,1.95,3.1,4.0,1.95,3.0,4.0,2.0,3.0,3.75,1.91,2.9,4.0,1.95,2.9,3.8,2.08,3.14,4.5,1.97,3.02,3.96,2.08,3.25,4.5,2.7,1.44,2.7,1.53,2.47,1.49,2.72,1.57,-0.5,2.0,1.8,2.0,1.8,1.94,1.76,2.1,1.88,2627,spain,La Liga Segunda Division
SP2,15/08/2026,20:30,Mallorca,Valladolid,2,0,H,0,0,D,,0.51,1.01,7,12,3,1,14,12,3,3,2,2,0,0,1.66,3.5,5.25,1.67,3.6,4.6,1.65,3.6,4.75,1.68,3.5,4.6,1.65,3.6,4.5,1.67,3.5,4.33,1.73,3.65,5.25,1.67,3.55,4.77,1.72,3.7,5.5,1.95,1.85,2.0,1.88,1.91,1.82,2.0,1.87,-0.75,1.9,1.9,1.93,1.9,1.86,1.86,1.94,1.96,1.66,3.5,5.25,1.7,3.6,4.5,,,,1.68,3.5,4.6,1.62,3.5,5.0,1.62,3.4,4.75,1.74,3.65,5.25,1.67,3.55,4.78,,,,1.95,1.85,1.95,1.85,1.92,1.82,,,-0.75,1.9,1.9,1.93,1.9,1.88,1.85,,,2627,spain,La Liga Segunda Division
SP2,16/08/2026,16:00,Eibar,Tenerife,1,3,A,1,2,A,,0.96,0.55,16,7,5,4,12,14,7,3,0,1,0,0,1.86,3.3,4.2,1.9,3.25,4.0,1.9,3.2,3.9,1.9,3.2,3.9,1.85,3.25,3.8,1.83,3.1,3.75,1.95,3.3,4.2,1.89,3.21,3.97,1.96,3.1,4.2,2.25,1.62,2.25,1.62,2.24,1.59,2.12,1.52,-0.5,1.95,1.85,1.95,1.9,1.88,1.83,,,1.79,3.4,4.5,1.83,3.25,4.2,1.8,3.25,4.33,1.82,3.25,4.2,1.75,3.1,4.33,1.8,3.1,4.2,1.88,3.4,4.5,1.81,3.26,4.29,1.9,3.45,5.0,2.3,1.6,2.3,1.67,2.22,1.6,2.4,1.7,-0.5,1.83,1.98,1.84,1.98,1.8,1.91,1.9,2.07,2627,spain,La Liga Segunda Division
SP2,16/08/2026,18:00,Burgos,Cordoba,3,2,H,2,2,D,,2.21,1.96,13,20,5,8,14,11,1,7,1,3,0,0,2.35,3.2,3.0,2.4,3.2,2.8,2.38,3.1,2.88,2.3,3.1,2.9,2.38,3.1,2.75,2.38,3.1,2.7,2.45,3.2,3.0,2.38,3.11,2.87,2.52,2.98,3.1,2.25,1.62,2.25,1.65,2.2,1.62,2.28,1.25,-0.25,2.05,1.75,2.05,1.75,2.02,1.73,,,2.2,3.25,3.2,2.25,3.2,3.0,2.2,3.13,3.13,2.2,3.1,3.1,2.15,3.0,3.1,2.15,2.9,3.1,2.25,3.25,3.25,2.22,3.1,3.13,2.4,3.3,3.45,2.15,1.67,2.2,1.7,2.12,1.65,2.3,1.75,-0.25,1.98,1.83,1.98,1.85,1.9,1.83,2.03,1.93,2627,spain,La Liga Segunda Division
SP2,16/08/2026,18:00,Girona,Leganes,1,1,D,0,0,D,,2.09,0.58,27,5,7,3,6,16,9,0,2,3,0,0,1.57,3.5,6.25,1.62,3.6,5.0,1.6,3.6,5.25,1.6,3.6,5.25,1.57,3.6,5.0,1.57,3.5,4.8,1.65,3.75,6.25,1.6,3.61,5.23,1.65,2.14,5.3,2.1,1.7,2.1,1.8,2.03,1.72,2.04,1.63,-0.75,1.8,2.0,1.8,2.0,1.78,1.95,,,1.49,3.75,7.0,1.53,4.0,5.5,1.53,3.7,5.75,1.53,3.9,5.5,1.5,3.8,5.5,1.53,3.6,5.5,1.57,4.0,7.0,1.53,3.81,5.7,1.63,4.1,6.6,2.05,1.75,2.05,1.9,1.92,1.8,2.0,1.96,-1.0,1.95,1.85,1.95,1.85,1.94,1.79,2.1,1.88,2627,spain,La Liga Segunda Division
SP2,16/08/2026,20:30,Las Palmas,Albacete,2,1,H,1,0,H,,1.48,1.19,12,12,4,4,6,16,3,6,1,2,0,0,1.57,3.8,5.5,1.62,3.75,5.0,1.62,3.6,5.0,1.66,3.6,4.75,1.6,3.75,4.75,1.6,3.6,4.6,1.67,3.8,5.5,1.63,3.67,4.95,1.44,3.1,5.2,1.95,1.85,1.95,1.88,1.88,1.83,1.94,1.25,-0.75,1.83,1.98,1.84,1.98,1.81,1.92,,,2.01,3.4,3.6,1.95,3.4,3.5,1.95,3.3,3.5,1.95,3.3,3.6,1.91,3.1,3.7,1.91,3.1,3.6,2.01,3.5,3.9,1.94,3.31,3.64,2.04,3.55,4.2,2.0,1.8,2.0,1.83,1.92,1.8,2.06,1.92,-0.5,2.03,1.78,2.03,1.9,1.91,1.79,2.04,1.92,2627,spain,La Liga Segunda Division
SP2,17/08/2026,18:00,Sp Gijon,Sabadell,0,0,D,0,0,D,,0.37,1.78,8,15,5,2,7,20,1,8,1,3,0,0,1.71,3.4,5.0,1.8,3.3,4.33,1.8,3.3,4.4,1.78,3.25,4.33,1.75,3.3,4.4,1.73,3.1,4.0,1.8,3.4,5.0,1.78,3.3,4.42,1.53,2.04,1.73,2.25,1.62,2.25,1.65,2.18,1.63,1.1,1.25,-0.5,1.78,2.03,1.78,2.03,1.76,1.96,,,2.1,3.1,3.6,2.0,3.2,3.6,2.1,3.1,3.4,2.05,3.1,3.5,1.91,3.0,3.8,1.91,3.0,3.75,2.12,3.2,3.9,2.04,3.06,3.63,2.2,3.2,4.1,2.35,1.57,2.35,1.62,2.23,1.59,2.42,1.69,-0.25,1.85,1.95,1.85,2.1,1.76,1.97,1.86,2.12,2627,spain,La Liga Segunda Division
SP2,17/08/2026,20:30,Almeria,Eldense,3,0,H,3,0,H,,2.52,0.63,15,11,5,3,7,12,7,8,1,3,0,0,1.3,4.75,10.0,1.29,5.0,9.0,1.29,4.8,9.0,1.32,4.8,8.25,1.25,5.0,8.5,1.25,4.6,7.0,1.33,5.5,10.0,1.29,4.9,8.44,1.32,5.1,10.5,1.67,2.15,1.67,2.2,1.63,2.17,1.56,2.28,-1.5,1.95,1.85,1.95,1.85,1.89,1.82,,,1.42,4.5,6.5,1.4,4.33,6.5,1.44,4.4,6.0,1.46,4.4,5.75,1.36,4.33,6.5,1.4,4.2,6.0,1.46,4.75,6.5,1.43,4.44,6.09,1.49,4.9,7.6,1.57,2.35,1.6,2.4,1.56,2.28,1.66,2.5,-1.25,2.0,1.8,2.0,1.8,1.94,1.78,2.07,1.9,2627,spain,La Liga Segunda Division
SP2,21/08/2026,20:00,Cordoba,Girona,2,1,H,2,0,H,,1.86,0.49,11,10,3,3,23,10,2,3,4,5,0,0,2.57,3.5,2.45,2.6,3.4,2.4,2.6,3.4,2.4,2.7,3.3,2.35,2.63,3.25,2.4,2.6,3.2,2.38,2.71,3.5,2.48,2.65,3.38,2.42,2.86,3.6,2.64,1.75,2.05,1.77,2.1,1.72,2.03,1.82,2.18,0.0,1.95,1.85,1.95,1.85,1.93,1.8,2.07,1.91,2.65,3.5,2.4,2.5,3.4,2.5,2.6,3.4,2.4,2.5,3.4,2.5,2.5,3.3,2.45,2.45,3.25,2.45,2.65,3.5,2.6,2.56,3.41,2.47,2.74,3.7,2.7,1.7,2.1,1.73,2.1,1.69,2.07,1.8,2.2,0.0,1.98,1.83,1.98,1.88,1.9,1.82,2.0,1.97,2627,spain,La Liga Segunda Division
SP2,22/08/2026,16:00,Oviedo,Leganes,0,1,A,0,1,A,,1.65,0.21,24,5,5,2,16,7,9,2,3,0,0,1,1.81,3.3,4.5,1.9,3.25,4.0,1.83,3.2,4.2,1.85,3.1,4.2,1.85,3.25,4.0,1.83,3.1,3.9,1.91,3.3,4.5,1.86,3.21,4.23,1.99,3.3,4.8,2.35,1.57,2.35,1.62,2.26,1.58,2.38,1.65,-0.5,1.88,1.93,1.9,1.93,1.84,1.87,1.99,1.99,1.76,3.3,4.75,1.8,3.2,4.5,1.75,3.2,4.75,1.77,3.2,4.6,1.75,3.0,4.75,1.75,3.0,4.6,1.84,3.3,5.33,1.77,3.18,4.7,1.89,3.4,5.4,2.5,1.5,2.5,1.57,2.39,1.52,2.62,1.6,-0.5,1.8,2.0,1.8,2.0,1.76,1.95,1.89,2.08,2627,spain,La Liga Segunda Division
SP2,22/08/2026,18:00,Albacete,Sociedad B,1,2,A,0,2,A,,1.27,1.27,17,12,7,6,7,11,5,6,2,1,0,0,1.76,3.4,4.5,1.83,3.5,3.75,1.8,3.5,4.0,1.8,3.5,3.9,1.8,3.5,3.8,1.8,3.4,3.75,1.85,3.75,4.5,1.81,3.5,4.01,1.86,3.7,4.7,1.85,1.95,1.85,2.0,1.81,1.92,1.92,1.88,-0.5,1.8,2.0,1.83,2.0,1.79,1.93,1.86,2.09,1.62,3.6,5.25,1.7,3.6,4.5,1.62,3.6,5.0,1.66,3.6,4.6,1.62,3.6,4.75,1.62,3.5,4.6,1.71,4.0,5.25,1.66,3.65,4.79,1.75,4.0,5.5,1.85,1.95,1.87,2.1,1.8,1.92,1.92,2.04,-0.75,1.83,1.98,1.9,1.98,1.83,1.9,1.96,2.01,2627,spain,La Liga Segunda Division
SP2,22/08/2026,18:00,Ceuta,Las Palmas,0,2,A,0,1,A,,1.14,1.28,19,9,4,4,18,15,6,4,2,0,0,0,2.85,3.2,2.45,2.75,3.25,2.4,2.8,3.2,2.38,2.85,3.1,2.35,2.7,3.25,2.3,2.7,3.1,2.3,3.0,3.25,2.5,2.82,3.18,2.39,3.0,3.5,2.54,2.05,1.75,2.1,1.8,2.02,1.73,2.1,1.84,0.25,1.7,2.1,1.8,2.1,1.72,2.01,1.82,2.18,2.65,3.4,2.45,2.75,3.4,2.3,2.63,3.5,2.3,2.7,3.3,2.35,2.7,3.2,2.3,2.63,3.1,2.3,2.85,3.5,2.45,2.73,3.36,2.34,2.92,3.6,2.58,1.62,2.25,1.67,2.25,1.64,2.14,1.77,2.28,0.0,1.98,1.83,2.05,1.83,2.0,1.74,2.13,1.87,2627,spain,La Liga Segunda Division
SP2,22/08/2026,20:30,Eldense,Cadiz,2,2,D,0,0,D,,1.31,0.69,10,8,6,6,11,16,7,3,2,3,0,0,2.25,3.0,3.4,2.25,3.2,3.0,2.25,3.13,3.0,2.3,3.1,2.9,2.2,3.1,3.0,2.15,3.1,3.0,2.32,3.2,3.4,2.26,3.09,3.11,2.38,3.2,3.35,2.15,1.67,2.2,1.7,2.11,1.66,2.24,1.74,-0.25,1.98,1.83,1.98,1.83,1.93,1.8,2.02,1.9,2.1,3.1,3.7,2.2,3.1,3.2,2.1,3.2,3.3,2.15,3.1,3.25,2.05,3.0,3.4,2.05,2.9,3.4,2.22,3.2,3.7,2.13,3.07,3.38,2.22,3.35,3.9,2.15,1.67,2.15,1.73,2.1,1.67,2.26,1.78,-0.25,1.83,1.98,1.9,1.98,1.82,1.91,1.9,2.09,2627,spain,La Liga Segunda Division
SP2,23/08/2026,16:00,Eibar,Valladolid,1,0,H,0,0,D,,1.15,0.46,12,11,3,4,8,13,5,5,3,4,0,0,2.1,3.1,3.4,2.2,3.1,3.25,2.15,3.1,3.3,2.15,3.0,3.25,2.15,3.0,3.25,2.15,3.0,3.1,2.22,3.1,3.66,2.16,3.03,3.37,2.24,2.92,3.65,2.3,1.6,2.3,1.62,2.24,1.59,1.01,1.61,-0.25,1.85,1.95,1.9,1.95,1.84,1.89,,,1.96,3.0,4.33,2.05,3.0,3.75,2.0,3.0,3.8,2.05,2.95,3.75,1.91,2.88,4.0,1.91,2.8,4.0,2.12,3.05,4.33,2.01,2.95,3.94,2.1,3.15,4.6,2.5,1.5,2.5,1.53,2.44,1.5,2.64,1.6,-0.5,2.0,1.8,2.05,1.8,1.98,1.74,2.08,1.89,2627,spain,La Liga Segunda Division
SP2,23/08/2026,18:00,Castellon,Sabadell,0,0,D,0,0,D,,0.47,1.15,8,11,1,0,9,13,5,3,2,5,0,0,1.53,3.75,6.0,1.53,4.0,5.5,1.5,4.1,5.5,1.52,4.1,5.25,1.5,4.0,5.5,1.5,3.9,5.25,1.55,4.2,6.0,1.52,4.02,5.49,1.56,4.0,5.7,1.7,2.1,1.73,2.15,1.68,2.08,1.01,2.14,-1.0,1.93,1.88,1.93,1.88,1.89,1.84,,,1.62,3.4,5.5,1.7,3.6,4.5,1.67,3.5,4.75,1.68,3.6,4.5,1.67,3.4,4.75,1.67,3.3,4.5,1.7,3.65,5.5,1.68,3.53,4.81,1.8,3.8,5.4,1.95,1.85,1.95,1.91,1.89,1.84,2.0,1.96,-0.75,1.9,1.9,1.9,1.9,1.88,1.85,2.03,1.94,2627,spain,La Liga Segunda Division
SP2,23/08/2026,18:00,Sp Gijon,Burgos,1,0,H,1,0,H,,1.05,0.21,10,7,5,1,15,12,4,4,0,2,0,0,2.55,2.82,3.0,2.5,3.0,2.8,2.5,3.0,2.75,2.45,2.95,2.8,2.45,3.0,2.75,2.45,2.9,2.7,2.6,3.2,3.0,2.52,2.98,2.8,2.6,2.94,3.15,2.4,1.53,2.4,1.57,2.36,1.53,2.5,1.59,0.0,1.8,2.0,1.8,2.0,1.77,1.97,,,1.91,3.1,4.1,1.95,3.2,3.75,1.93,3.2,3.8,2.05,3.1,3.5,1.87,3.1,3.8,1.91,3.0,3.75,2.05,3.3,4.2,1.96,3.15,3.83,2.06,3.45,4.3,2.25,1.62,2.25,1.62,2.23,1.6,2.38,1.69,-0.5,1.98,1.83,2.0,1.83,1.94,1.77,2.06,1.92,2627,spain,La Liga Segunda Division
SP2,23/08/2026,20:30,Tenerife,Almeria,1,0,H,1,0,H,,0.71,0.72,15,9,2,1,14,8,5,7,2,0,0,0,3.2,3.2,2.2,3.0,3.25,2.25,3.0,3.2,2.25,3.1,3.1,2.2,2.88,3.25,2.2,2.8,3.1,2.2,3.2,3.25,2.3,3.05,3.19,2.24,3.25,3.15,2.3,2.08,1.73,2.1,1.75,2.02,1.72,1.01,1.76,0.25,1.85,1.95,1.85,1.95,1.8,1.92,,,2.65,3.1,2.65,2.6,3.1,2.6,2.63,3.13,2.55,2.65,3.1,2.5,2.63,2.9,2.5,2.63,2.9,2.5,2.8,3.2,2.7,2.67,3.07,2.58,2.9,3.25,2.84,2.15,1.67,2.15,1.75,2.04,1.71,2.2,1.81,0.0,1.93,1.88,1.93,1.88,1.89,1.83,2.02,1.96,2627,spain,La Liga Segunda Division
SP2,24/08/2026,18:00,Celta B,Andorra,4,2,H,0,0,D,,2.33,1.7,10,17,7,5,13,18,4,4,4,3,0,0,3.3,3.25,2.15,3.1,3.3,2.15,3.1,3.3,2.15,3.0,3.3,2.15,3.0,3.3,2.1,2.9,3.1,2.05,3.3,3.4,2.2,3.12,3.29,2.15,,,,1.88,1.93,1.88,2.0,1.81,1.91,,,0.25,1.9,1.9,1.9,1.9,1.86,1.86,,,3.5,3.0,2.2,3.1,3.3,2.15,3.2,3.25,2.1,3.2,3.2,2.1,3.2,3.1,2.1,3.1,3.1,2.1,3.5,3.4,2.2,3.21,3.24,2.14,3.5,3.45,2.28,2.08,1.73,2.08,1.83,1.96,1.77,2.06,1.92,0.25,1.9,1.9,1.9,1.9,1.89,1.84,2.01,1.95,2627,spain,La Liga Segunda Division
SP2,24/08/2026,20:30,Granada,Mallorca,2,0,H,1,0,H,,0.78,0.84,14,18,6,4,8,14,7,1,1,3,0,0,3.0,3.0,2.5,2.8,3.1,2.4,2.8,3.0,2.45,2.85,3.0,2.37,2.8,3.0,2.4,2.7,2.8,2.3,3.0,3.1,2.55,2.85,2.99,2.45,1.96,1.72,1.2,2.4,1.53,2.4,1.57,2.34,1.54,,,0.0,2.05,1.75,2.05,1.8,2.0,1.74,,,3.1,3.0,2.55,2.88,3.0,2.4,2.88,3.0,2.4,2.85,3.0,2.4,2.88,2.8,2.4,2.88,2.8,2.4,3.1,3.0,2.55,2.95,2.96,2.43,3.25,3.1,2.66,2.4,1.53,2.4,1.57,2.34,1.54,2.5,1.65,0.0,2.05,1.75,2.15,1.75,2.06,1.7,2.21,1.81,2627,spain,La Liga Segunda Division
SP2,28/08/2026,20:00,Tenerife,Sp Gijon,0,1,A,0,0,D,,0.93,1.03,11,5,4,1,14,13,4,1,1,5,0,0,2.2,3.2,3.3,2.25,3.1,3.1,2.2,3.1,3.13,2.25,3.0,3.1,2.2,3.0,3.0,2.2,3.0,3.0,2.25,3.2,3.3,2.23,3.1,3.15,2.36,3.25,3.55,2.3,1.6,2.3,1.65,2.24,1.6,2.44,1.67,-0.25,1.93,1.88,1.93,1.88,1.9,1.83,2.0,1.96,2.25,3.1,3.25,2.3,3.0,3.1,2.25,3.0,3.2,2.25,2.9,3.2,2.2,2.8,3.3,2.2,2.8,3.2,2.3,3.1,3.4,2.25,2.96,3.23,2.38,3.15,3.7,2.35,1.57,2.38,1.62,2.3,1.55,2.48,1.65,-0.25,1.95,1.85,1.95,1.85,1.91,1.82,2.0,1.97,2627,spain,La Liga Segunda Division
SP2,29/08/2026,16:00,Sabadell,Almeria,1,0,H,0,0,D,,1.43,0.52,14,11,4,2,17,8,4,3,5,2,0,0,2.65,3.2,2.55,2.63,3.2,2.5,2.63,3.1,2.55,2.65,3.1,2.55,2.6,3.1,2.5,2.5,3.1,2.45,2.74,3.3,2.6,2.64,3.14,2.53,2.82,3.25,2.76,2.15,1.67,2.2,1.67,2.14,1.64,2.26,1.71,0.0,1.95,1.85,1.95,1.85,1.91,1.81,1.99,1.94,2.57,3.1,2.7,2.5,3.1,2.75,2.55,3.0,2.7,2.55,3.0,2.65,2.5,2.88,2.7,2.5,2.88,2.7,2.63,3.1,2.8,2.56,3.02,2.72,2.8,3.2,2.96,2.3,1.6,2.3,1.62,2.24,1.59,2.5,1.66,0.0,1.83,1.98,1.83,1.98,1.8,1.92,1.92,2.05,2627,spain,La Liga Segunda Division
SP2,29/08/2026,18:00,Albacete,Oviedo,0,1,A,0,1,A,,0.54,0.76,9,9,2,5,10,14,8,5,3,3,0,0,2.45,3.2,2.85,2.38,3.0,3.0,2.4,3.0,2.9,2.37,2.95,3.0,2.3,3.0,2.9,2.3,2.9,2.88,2.45,3.2,3.15,2.39,3.03,2.95,2.5,3.0,3.2,2.4,1.53,2.45,1.57,2.37,1.53,2.4,1.58,-0.25,2.1,1.7,2.1,1.8,2.02,1.72,2.12,1.78,2.35,3.2,3.0,2.38,3.0,3.0,2.3,3.0,3.0,2.37,2.95,2.95,2.3,2.9,2.88,2.3,2.9,2.88,2.42,3.2,3.15,2.35,3.0,2.99,2.52,3.15,3.35,2.4,1.53,2.45,1.57,2.37,1.53,2.56,1.62,-0.25,2.05,1.75,2.05,1.77,2.0,1.74,2.12,1.85,2627,spain,La Liga Segunda Division
SP2,29/08/2026,18:00,Leganes,Eldense,1,0,H,0,0,D,,1.58,0.64,11,16,6,4,13,10,0,8,1,0,0,0,1.91,3.5,3.8,1.91,3.3,3.75,1.9,3.3,3.8,1.88,3.3,3.75,1.85,3.3,3.75,1.83,3.25,3.6,1.95,3.5,3.95,1.9,3.37,3.77,1.96,3.6,4.2,2.05,1.75,2.05,1.8,1.99,1.75,2.1,1.83,-0.5,1.93,1.88,1.93,1.9,1.88,1.83,1.96,1.98,1.86,3.5,3.9,1.83,3.4,4.0,1.83,3.3,4.1,1.82,3.25,4.1,1.75,3.2,4.2,1.8,3.1,4.0,1.88,3.5,4.2,1.84,3.33,4.07,1.92,3.6,4.8,2.1,1.7,2.1,1.73,2.05,1.7,2.22,1.8,-0.5,1.9,1.9,1.9,1.93,1.81,1.89,1.94,2.05,2627,spain,La Liga Segunda Division
SP2,29/08/2026,20:30,Girona,Las Palmas,5,2,H,1,0,H,,2.81,0.54,17,5,8,5,17,13,4,1,2,2,0,1,1.68,3.5,5.0,1.73,3.6,4.2,1.67,3.7,4.5,1.66,3.7,4.4,1.67,3.6,4.2,1.67,3.5,4.0,1.73,3.75,5.0,1.69,3.63,4.52,1.78,3.85,5.0,1.8,2.0,1.8,2.0,1.75,1.99,1.85,2.08,-0.75,1.9,1.9,1.9,1.9,1.87,1.85,1.99,1.93,1.66,3.7,5.0,1.67,3.75,4.5,1.67,3.8,4.33,1.68,3.6,4.33,1.62,3.6,4.5,1.62,3.5,4.33,1.7,3.8,5.0,1.67,3.69,4.57,1.76,4.0,5.1,1.67,2.15,1.7,2.15,1.66,2.1,1.74,2.3,-0.75,1.9,1.9,1.9,1.9,1.86,1.86,1.99,1.99,2627,spain,La Liga Segunda Division
SP2,30/08/2026,16:00,Andorra,Eibar,0,1,A,0,0,D,,0.87,0.53,28,4,5,1,11,5,6,2,1,0,0,1,2.05,3.1,3.6,2.05,3.2,3.5,2.05,3.2,3.4,2.1,3.2,3.25,1.95,3.25,3.5,1.95,3.1,3.4,2.15,3.3,3.6,2.05,3.19,3.47,2.16,3.25,3.75,2.15,1.67,2.2,1.7,2.1,1.67,1.9,1.6,-0.5,2.1,1.7,2.1,1.8,2.04,1.7,2.16,1.77,1.96,3.3,3.75,2.1,3.3,3.25,2.0,3.3,3.4,2.1,3.2,3.25,1.95,3.1,3.5,2.0,3.0,3.4,2.14,3.4,3.75,2.03,3.23,3.44,2.14,3.45,3.95,1.95,1.85,1.95,1.85,1.91,1.8,2.04,1.93,-0.5,2.05,1.75,2.05,1.77,1.98,1.73,2.14,1.84,2627,spain,La Liga Segunda Division
SP2,30/08/2026,18:00,Cadiz,Valladolid,1,1,D,1,1,D,,1.13,1.07,10,14,2,6,16,12,4,6,4,4,0,0,2.5,3.0,3.0,2.4,3.0,2.88,2.45,3.0,2.8,2.45,3.0,2.8,2.4,3.0,2.8,2.38,2.9,2.75,2.52,3.14,3.0,2.45,3.01,2.86,2.64,3.1,3.05,2.4,1.53,2.4,1.62,2.28,1.57,2.42,1.6,0.0,1.75,2.05,1.75,2.08,1.72,2.02,1.82,2.08,2.65,3.0,2.7,2.5,3.0,2.8,2.6,3.0,2.63,2.55,3.0,2.6,2.6,2.8,2.7,2.5,2.8,2.7,2.65,3.1,2.85,2.56,2.99,2.72,2.82,3.15,3.0,2.25,1.62,2.3,1.62,2.23,1.59,2.4,1.69,0.0,1.9,1.9,1.9,1.95,1.82,1.9,1.92,2.06,2627,spain,La Liga Segunda Division
SP2,30/08/2026,18:00,Mallorca,Ceuta,3,0,H,1,0,H,,1.81,0.16,13,5,4,0,11,14,3,3,2,3,0,0,1.39,4.2,8.0,1.4,4.33,7.0,1.36,4.4,7.0,1.43,4.4,6.25,1.36,4.4,6.5,1.36,4.2,6.25,1.43,4.75,8.0,1.39,4.44,6.76,1.44,4.7,7.6,1.7,2.1,1.7,2.2,1.64,2.14,1.69,2.2,-1.25,1.93,1.88,1.93,1.88,1.9,1.83,1.98,1.81,1.35,4.5,9.0,1.36,4.5,7.0,1.33,4.75,7.5,1.37,4.6,7.0,1.3,4.5,7.0,1.33,4.33,7.0,1.4,4.75,9.0,1.36,4.59,7.28,1.42,5.2,8.8,1.62,2.25,1.65,2.3,1.61,2.19,1.7,2.36,-1.25,1.8,2.0,1.8,2.0,1.79,1.94,1.91,2.06,2627,spain,La Liga Segunda Division
SP2,30/08/2026,20:30,Cordoba,Granada,1,3,A,1,0,H,,1.4,1.57,15,17,3,5,21,18,6,3,1,1,0,0,1.76,3.6,4.33,1.8,3.5,4.0,1.8,3.5,4.1,1.78,3.3,4.2,1.75,3.5,4.0,1.75,3.4,3.8,1.84,3.6,4.75,1.79,3.44,4.2,1.88,3.5,5.1,1.9,1.9,1.9,1.95,1.83,1.9,1.94,1.79,-0.5,1.8,2.0,1.8,2.0,1.77,1.94,,,1.76,3.5,4.5,1.8,3.5,4.2,1.75,3.6,4.1,1.77,3.5,4.1,1.73,3.3,4.33,1.73,3.25,4.2,1.81,3.6,4.75,1.77,3.46,4.3,1.87,3.7,4.9,1.88,1.93,1.88,2.0,1.8,1.92,1.94,2.02,-0.5,1.78,2.03,1.8,2.03,1.76,1.96,1.87,2.13,2627,spain,La Liga Segunda Division
SP2,31/08/2026,18:00,Burgos,Sociedad B,2,2,D,1,1,D,,1.84,2.05,12,15,4,5,13,18,6,4,1,2,0,0,1.76,3.4,4.75,1.8,3.4,4.2,1.8,3.3,4.33,1.83,3.2,4.2,1.75,3.3,4.2,1.73,3.1,3.9,1.84,3.5,4.75,1.79,3.33,4.34,1.73,3.3,5.0,2.15,1.67,2.15,1.7,2.11,1.66,,,-0.5,1.83,1.98,1.83,2.0,1.78,1.95,,,1.91,3.2,4.33,1.91,3.25,3.75,1.9,3.2,3.9,1.93,3.2,3.8,1.85,3.1,3.8,1.91,3.0,3.8,1.95,3.3,4.33,1.91,3.19,3.93,2.04,3.4,4.4,2.25,1.62,2.25,1.67,2.16,1.63,2.36,1.73,-0.5,1.95,1.85,1.95,1.86,1.89,1.83,2.05,1.94,2627,spain,La Liga Segunda Division
SP2,31/08/2026,20:30,Celta B,Castellon,1,2,A,0,1,A,,0.88,1.52,12,13,4,5,11,10,3,3,1,3,0,0,4.2,3.7,1.76,4.0,3.6,1.8,4.0,3.6,1.75,3.9,3.6,1.78,4.0,3.6,1.73,3.6,3.4,1.7,4.2,3.75,1.83,4.0,3.61,1.77,,,,1.8,2.0,1.8,2.1,1.74,1.99,,,0.5,2.0,1.8,2.0,1.8,1.95,1.76,,,4.33,3.8,1.71,4.0,3.6,1.8,4.0,3.7,1.75,3.9,3.7,1.75,4.0,3.8,1.67,3.9,3.75,1.67,4.33,4.0,1.81,3.95,3.73,1.76,4.4,4.3,1.85,1.7,2.1,1.7,2.2,1.67,2.09,1.77,2.26,0.75,1.83,1.98,1.83,2.0,1.77,1.97,1.89,2.08,2627,spain,La Liga Segunda Division
I1,22/08/2026,17:30,Inter,Monza,4,1,H,1,1,D,,1.05,1.23,13,7,5,3,5,14,3,3,2,2,0,0,1.2,7.0,13.0,1.2,6.5,15.0,1.18,7.0,15.0,1.22,6.75,12.5,1.18,6.5,14.0,1.2,6.5,13.0,1.22,7.0,15.0,1.19,6.66,13.73,1.22,7.6,17.0,1.62,2.3,1.62,2.38,1.58,2.3,1.67,2.46,-2.0,2.03,1.78,2.05,1.78,2.01,1.74,2.12,1.85,1.14,8.5,17.0,1.17,7.5,17.0,1.12,8.5,21.0,1.17,8.0,15.5,1.14,7.5,16.0,1.14,8.0,17.0,1.17,8.5,21.0,1.15,7.82,17.22,1.18,9.0,21.0,1.5,2.63,1.5,2.7,1.48,2.55,1.54,2.8,-2.0,1.73,2.08,1.75,2.08,1.71,2.05,1.85,2.12,2627,italy,Serie A
I1,22/08/2026,17:30,Udinese,Como,1,1,D,1,0,H,,2.14,1.51,17,20,3,6,13,11,1,10,3,0,0,0,4.5,3.6,1.83,4.5,3.5,1.83,4.6,3.5,1.8,4.5,3.4,1.85,4.5,3.4,1.8,4.5,3.4,1.8,4.6,3.6,1.85,4.5,3.48,1.81,5.0,3.7,1.87,2.2,1.67,2.2,1.7,2.13,1.68,2.22,1.77,0.5,2.03,1.83,2.03,1.83,1.97,1.77,2.11,1.89,5.25,3.7,1.7,5.0,3.6,1.73,5.0,3.7,1.7,5.0,3.6,1.73,5.0,3.4,1.73,5.0,3.5,1.73,5.33,3.7,1.75,5.0,3.59,1.72,5.5,3.7,1.81,2.03,1.83,2.05,1.83,2.0,1.77,2.14,1.86,0.75,1.93,1.93,1.93,1.93,1.87,1.88,1.95,2.02,2627,italy,Serie A
I1,22/08/2026,19:45,Genoa,Napoli,0,2,A,0,0,D,,0.67,0.77,11,13,2,4,10,8,5,5,2,1,0,0,4.5,3.4,1.9,4.33,3.4,1.9,4.5,3.3,1.85,4.5,3.3,1.87,4.75,3.2,1.85,4.6,3.2,1.85,4.75,3.4,1.91,4.51,3.28,1.87,4.9,3.45,1.95,2.3,1.62,2.3,1.65,2.25,1.6,2.44,1.67,0.5,1.98,1.88,1.98,1.88,1.91,1.82,2.04,1.94,4.0,3.1,2.05,4.0,3.2,2.05,3.9,3.2,2.05,3.8,3.0,2.15,4.0,2.88,2.05,4.0,3.0,2.05,4.33,3.2,2.15,3.94,3.06,2.07,4.4,3.15,2.18,2.63,1.5,2.63,1.53,2.48,1.51,2.64,1.59,0.5,1.78,2.1,1.78,2.1,1.72,2.03,1.84,2.18,2627,italy,Serie A
I1,22/08/2026,19:45,Parma,Cagliari,0,1,A,0,0,D,,0.75,0.94,13,14,2,5,6,20,3,2,0,2,0,0,2.5,3.0,3.1,2.5,3.1,3.0,2.5,3.1,3.0,2.45,2.95,3.0,2.5,2.9,3.0,2.5,2.9,3.0,2.55,3.1,3.1,2.5,3.0,3.01,2.7,3.1,3.25,2.5,1.53,2.5,1.58,2.41,1.54,2.6,1.61,0.0,1.78,2.1,1.78,2.1,1.72,2.05,1.82,2.2,2.9,2.88,2.7,2.8,2.88,2.8,2.9,2.9,2.7,2.9,2.75,2.75,2.88,2.8,2.7,2.88,2.88,2.7,2.9,2.9,2.85,2.86,2.86,2.74,3.05,3.0,2.88,3.0,1.4,3.0,1.5,2.71,1.44,2.94,1.5,0.0,2.0,1.85,2.0,1.85,1.91,1.82,2.04,1.93,2627,italy,Serie A
I1,23/08/2026,17:30,Frosinone,Juventus,0,1,A,0,1,A,,0.41,2.18,11,20,2,5,15,18,3,12,2,2,0,0,8.0,4.2,1.45,7.0,4.5,1.44,7.5,4.4,1.4,7.0,4.5,1.44,7.0,4.4,1.4,7.0,4.33,1.44,8.6,4.5,1.47,7.2,4.39,1.43,7.8,4.9,1.49,1.83,2.03,1.83,2.03,1.76,2.0,1.87,2.06,1.25,1.8,2.05,1.8,2.05,1.77,1.97,1.86,2.08,6.25,4.75,1.45,7.0,5.0,1.4,6.5,4.75,1.44,6.5,4.75,1.44,7.0,4.5,1.36,7.0,5.0,1.4,7.4,5.0,1.45,6.67,4.69,1.43,8.0,4.9,1.48,1.57,2.38,1.6,2.45,1.57,2.33,1.65,2.5,1.25,1.85,2.0,1.9,2.0,1.83,1.91,1.95,2.01,2627,italy,Serie A
I1,23/08/2026,17:30,Venezia,Lecce,0,2,A,0,0,D,,2.05,2.7,19,12,7,5,8,12,5,3,1,3,0,0,2.25,3.1,3.6,2.25,3.2,3.4,2.2,3.2,3.3,2.25,3.2,3.3,2.2,3.0,3.4,2.25,3.0,3.4,2.3,3.2,3.6,2.23,3.13,3.38,2.32,3.25,3.7,2.3,1.62,2.3,1.65,2.21,1.63,2.34,1.7,-0.25,1.9,1.95,1.9,1.95,1.86,1.89,1.97,2.0,1.8,3.5,4.5,1.83,3.6,4.33,1.75,3.5,5.0,1.82,3.6,4.33,1.8,3.3,4.5,1.8,3.5,4.5,1.83,3.6,5.0,1.79,3.51,4.54,1.89,3.65,5.0,1.91,1.91,2.0,2.0,1.93,1.82,2.06,1.94,-0.5,1.75,2.05,1.8,2.05,1.74,2.0,1.88,2.12,2627,italy,Serie A
I1,23/08/2026,19:45,Atalanta,Sassuolo,2,1,H,1,0,H,,0.89,2.71,14,22,7,8,9,10,4,4,0,0,0,0,1.53,4.1,6.5,1.5,4.33,6.5,1.5,4.2,6.0,1.51,4.5,5.75,1.5,4.0,5.5,1.53,4.0,5.75,1.54,4.5,6.5,1.51,4.23,5.94,1.58,4.4,6.6,1.67,2.2,1.67,2.2,1.66,2.15,1.74,2.26,-1.0,1.88,1.98,1.88,1.98,1.83,1.91,1.98,1.98,1.55,4.2,5.75,1.53,4.33,6.0,1.53,4.33,5.75,1.51,4.5,6.0,1.44,4.33,6.0,1.44,4.5,6.0,1.55,4.5,6.0,1.51,4.34,5.88,1.58,4.6,6.6,1.67,2.2,1.67,2.25,1.64,2.2,1.71,2.34,-1.0,1.9,1.95,1.9,1.95,1.83,1.91,1.86,2.12,2627,italy,Serie A
I1,23/08/2026,19:45,Torino,Milan,1,2,A,0,0,D,,1.29,2.15,8,19,1,4,10,9,2,4,0,1,0,0,4.75,3.6,1.75,4.5,3.75,1.8,4.4,3.6,1.75,4.4,3.6,1.8,4.5,3.5,1.75,4.5,3.5,1.75,4.75,3.75,1.8,4.49,3.59,1.76,4.9,3.85,1.84,1.93,1.93,2.4,1.93,1.92,1.83,1.99,1.96,0.75,1.85,2.0,1.85,2.0,1.79,1.96,1.88,2.09,4.33,3.4,1.85,4.2,3.5,1.9,4.6,3.25,1.87,4.5,3.3,1.87,4.4,3.3,1.83,4.4,3.5,1.83,4.6,3.5,1.91,4.39,3.35,1.87,4.7,3.55,1.95,2.2,1.67,2.25,1.73,2.17,1.66,2.32,1.75,0.5,1.98,1.88,1.98,1.88,1.91,1.81,2.04,1.95,2627,italy,Serie A
I1,24/08/2026,17:30,Bologna,Lazio,0,1,A,0,0,D,,1.78,0.63,14,10,5,3,18,19,8,6,4,4,0,0,2.2,3.2,3.5,2.25,3.3,3.3,2.15,3.2,3.4,2.2,3.2,3.4,2.2,3.25,3.25,2.2,3.25,3.25,2.26,3.3,3.5,2.2,3.21,3.35,2.28,3.3,3.7,2.2,1.67,2.2,1.7,2.17,1.65,2.26,1.71,-0.25,1.88,1.98,1.9,1.98,1.85,1.89,1.94,2.01,2.6,3.0,3.0,2.4,3.2,3.1,2.5,3.2,2.9,2.45,2.9,3.2,2.45,2.88,3.1,2.45,3.0,3.1,2.6,3.2,3.25,2.46,3.03,3.07,2.64,3.05,3.35,2.38,1.57,2.38,1.6,2.33,1.57,2.52,1.65,-0.25,2.15,1.68,2.15,1.78,2.05,1.71,2.21,1.82,2627,italy,Serie A
I1,24/08/2026,19:45,Roma,Fiorentina,4,0,H,1,0,H,,2.83,0.28,17,9,8,4,15,11,2,3,2,2,0,0,1.57,4.1,5.75,1.57,4.0,6.0,1.55,3.9,5.75,1.58,4.0,5.75,1.57,4.0,5.5,1.57,3.9,5.75,1.58,4.1,6.4,1.57,3.95,5.76,1.65,4.2,6.0,1.88,1.98,1.88,1.98,1.85,1.89,1.95,1.98,-1.0,2.0,1.85,2.0,1.85,1.94,1.79,,,1.73,3.75,4.75,1.73,3.8,4.6,1.7,3.8,4.8,1.72,3.75,4.8,1.7,3.6,5.0,1.7,3.75,5.0,1.73,3.8,5.2,1.71,3.73,4.81,1.8,3.85,5.3,1.91,1.91,1.93,1.93,1.88,1.87,2.02,1.96,-0.75,1.98,1.88,1.98,1.9,1.89,1.85,2.02,1.94,2627,italy,Serie A
I1,28/08/2026,19:45,Milan,Venezia,2,0,H,0,0,D,,2.21,0.8,16,9,5,2,8,11,2,3,1,3,0,0,1.45,4.5,7.0,1.5,4.5,6.5,1.44,4.4,7.0,1.49,4.5,6.25,1.44,4.33,7.0,1.44,4.5,7.0,1.5,4.6,7.2,1.46,4.42,6.7,1.51,4.7,7.6,1.73,2.1,1.75,2.1,1.7,2.09,1.79,2.24,-1.25,2.05,1.8,2.05,1.8,2.0,1.75,2.12,1.86,1.5,4.5,6.25,1.5,4.5,6.5,1.44,4.5,7.0,1.49,4.6,6.0,1.44,4.33,6.5,1.44,4.5,6.5,1.5,4.6,7.0,1.48,4.44,6.36,1.53,4.7,7.2,1.67,2.2,1.73,2.2,1.68,2.12,1.78,2.28,-1.0,1.8,2.05,1.8,2.1,1.73,2.03,1.86,2.12,2627,italy,Serie A
I1,29/08/2026,17:30,Fiorentina,Frosinone,0,3,A,0,2,A,,1.9,1.09,25,12,4,6,14,21,8,5,3,3,0,0,1.62,4.1,5.25,1.62,4.0,5.5,1.62,4.0,5.25,1.63,4.0,5.0,1.6,4.0,5.0,1.6,3.9,5.0,1.66,4.1,5.5,1.62,4.0,5.1,1.68,4.2,5.7,1.8,2.0,1.8,2.05,1.76,2.01,1.85,2.12,-0.75,1.8,2.05,1.8,2.05,1.77,1.99,1.86,2.13,1.73,4.0,4.33,,,,,,,1.75,3.8,4.4,1.7,3.75,4.5,1.7,3.8,4.5,1.75,4.0,4.5,1.72,3.89,4.38,1.8,4.0,5.0,1.62,2.3,1.68,2.3,1.65,2.18,1.72,2.34,-0.75,1.98,1.88,1.98,1.9,1.9,1.85,2.02,1.95,2627,italy,Serie A
I1,29/08/2026,17:30,Monza,Udinese,2,3,A,1,3,A,,1.65,0.89,15,12,5,5,10,12,3,3,1,0,0,0,3.1,3.2,2.4,3.1,3.25,2.38,3.1,3.13,2.38,3.1,3.2,2.35,3.2,3.0,2.38,3.2,3.0,2.38,3.2,3.25,2.4,3.12,3.12,2.38,3.35,3.25,2.5,2.2,1.67,2.25,1.67,2.21,1.64,2.38,1.7,0.25,1.8,2.05,1.8,2.05,1.77,1.98,1.88,2.11,2.88,3.2,2.6,2.8,3.2,2.6,2.9,3.0,2.6,2.85,3.1,2.6,2.88,3.0,2.5,2.9,3.1,2.6,3.0,3.2,2.65,2.89,3.06,2.57,3.1,3.25,2.68,2.2,1.67,2.4,1.67,2.24,1.61,,,0.0,2.05,1.8,2.05,1.8,1.99,1.76,2.15,1.85,2627,italy,Serie A
I1,29/08/2026,17:30,Sassuolo,Torino,2,1,H,1,1,D,,1.84,1.26,19,10,7,4,12,9,4,3,3,1,0,0,2.25,3.25,3.3,2.3,3.4,3.1,2.25,3.3,3.2,2.3,3.3,3.1,2.2,3.2,3.3,2.25,3.2,3.25,2.3,3.4,3.33,2.25,3.28,3.21,2.36,3.4,3.45,2.03,1.83,2.03,1.83,1.99,1.77,2.1,1.85,-0.25,1.95,1.9,1.95,1.9,1.89,1.85,2.01,1.98,2.25,3.25,3.3,2.3,3.4,3.1,2.25,3.2,3.3,2.25,3.3,3.2,2.2,3.1,3.25,2.2,3.3,3.3,2.3,3.4,3.4,2.24,3.26,3.24,2.32,3.4,3.55,2.0,1.8,2.05,1.83,1.99,1.77,,,-0.25,1.93,1.93,1.93,1.93,1.89,1.86,1.98,2.0,2627,italy,Serie A
I1,29/08/2026,19:45,Juventus,Parma,2,0,H,0,0,D,,1.69,0.22,21,4,6,3,23,12,10,2,2,3,0,0,1.22,6.5,11.0,1.22,6.0,15.0,1.2,6.5,15.0,1.23,6.25,13.0,1.2,6.0,13.0,1.22,6.0,12.0,1.24,6.5,15.0,1.22,6.17,13.19,1.26,6.6,15.0,1.67,2.2,1.67,2.25,1.63,2.21,1.71,2.34,-1.75,1.9,1.95,1.9,1.95,1.83,1.9,1.95,1.97,1.2,6.5,15.0,1.2,6.5,15.0,1.18,7.0,15.0,1.21,6.75,14.0,1.18,5.5,15.0,1.2,6.0,13.0,1.24,7.0,16.0,1.2,6.34,14.38,1.26,6.6,16.5,1.62,2.3,1.7,2.3,1.65,2.19,1.72,2.38,-1.75,1.8,2.05,1.9,2.05,1.78,1.97,1.93,2.04,2627,italy,Serie A
I1,30/08/2026,17:30,Napoli,Como,1,2,A,1,2,A,,1.35,1.03,13,21,2,6,9,5,2,7,1,0,0,0,2.5,3.0,3.1,2.6,3.2,3.0,2.4,3.1,3.0,2.4,3.2,3.0,2.45,2.9,3.0,2.45,2.9,3.0,2.7,3.2,3.1,2.47,3.08,2.96,2.64,3.15,3.25,2.3,1.62,2.38,1.62,2.27,1.58,2.46,1.65,-0.25,2.1,1.78,2.15,1.78,2.07,1.71,2.2,1.8,2.25,3.1,3.4,2.3,3.2,3.0,2.25,2.9,3.7,2.3,3.1,3.4,2.25,3.0,3.4,2.3,3.1,3.3,2.35,3.2,3.7,2.29,3.06,3.36,2.4,3.2,3.6,2.3,1.62,2.3,1.67,2.2,1.64,,,-0.25,1.93,1.93,1.95,1.93,1.89,1.85,2.03,1.95,2627,italy,Serie A
I1,30/08/2026,19:45,Cagliari,Inter,0,1,A,0,1,A,,0.45,3.91,10,31,0,7,6,5,8,6,2,1,0,0,7.0,4.5,1.44,7.5,4.33,1.44,7.5,4.33,1.4,7.25,4.33,1.46,7.5,4.4,1.4,7.5,4.33,1.4,8.2,4.5,1.46,7.42,4.35,1.42,8.6,4.7,1.48,1.93,1.93,1.93,1.93,1.87,1.87,1.97,1.96,1.25,1.85,2.0,1.85,2.0,1.8,1.94,1.88,2.04,7.5,4.75,1.4,8.0,5.0,1.36,8.0,5.0,1.36,7.5,4.6,1.42,7.5,4.5,1.36,7.5,4.75,1.4,8.0,5.0,1.43,7.58,4.73,1.39,8.6,4.9,1.46,1.67,2.2,1.7,2.3,1.65,2.18,1.76,2.28,1.25,1.98,1.88,1.98,1.88,1.92,1.83,1.98,1.98,2627,italy,Serie A
I1,30/08/2026,19:45,Lazio,Genoa,1,0,H,1,0,H,,1.55,0.58,15,8,2,1,18,6,4,2,1,2,0,0,2.0,3.1,4.33,2.0,3.25,4.0,1.95,3.2,3.9,1.98,3.2,4.1,1.95,3.0,4.33,2.0,3.0,4.33,2.0,3.25,4.33,1.97,3.13,4.15,2.06,3.2,4.7,2.38,1.57,2.38,1.62,2.3,1.58,2.46,1.64,-0.5,2.0,1.85,2.0,1.85,1.93,1.79,2.08,1.9,2.3,2.9,3.7,2.3,3.1,3.5,2.2,3.0,3.7,2.25,2.9,3.7,2.2,2.88,3.7,2.3,2.9,3.5,2.3,3.1,3.7,2.25,2.94,3.61,2.38,3.05,3.85,2.63,1.5,2.63,1.6,2.48,1.51,2.68,1.58,-0.25,1.9,1.95,1.9,1.95,1.85,1.89,1.99,1.99,2627,italy,Serie A
I1,31/08/2026,17:30,Lecce,Roma,0,4,A,0,3,A,,0.8,3.26,7,15,3,8,9,8,2,1,1,1,0,0,8.0,4.0,1.48,7.0,4.2,1.5,7.5,4.0,1.44,7.0,4.2,1.49,7.5,4.0,1.44,7.5,4.0,1.44,8.0,4.2,1.5,7.28,4.05,1.46,8.8,4.2,1.52,2.1,1.73,2.1,1.78,2.04,1.73,2.16,1.81,1.0,2.05,1.8,2.05,1.8,1.97,1.77,2.09,1.87,7.5,4.33,1.44,7.0,4.33,1.44,7.0,4.4,1.45,6.5,4.2,1.51,7.0,4.2,1.44,7.0,4.5,1.44,7.5,4.5,1.51,6.86,4.29,1.46,8.2,4.5,1.51,1.88,1.98,1.95,2.0,1.84,1.91,,,1.25,1.7,2.1,1.78,2.1,1.71,2.04,1.86,2.14,2627,italy,Serie A
I1,31/08/2026,19:45,Atalanta,Bologna,1,0,H,0,0,D,,0.16,1.35,6,16,2,3,10,13,1,2,1,0,0,0,1.85,3.75,4.0,1.9,3.6,4.0,1.87,3.5,3.9,1.9,3.6,3.9,1.85,3.5,4.0,1.85,3.5,4.0,1.91,3.75,4.1,1.88,3.55,3.95,1.96,3.7,4.3,1.95,1.9,1.95,1.91,1.87,1.86,2.02,1.95,-0.5,1.9,1.95,1.9,1.95,1.83,1.88,1.96,2.03,1.9,3.5,4.1,1.83,3.75,4.2,1.83,3.4,4.5,1.87,3.6,4.1,1.87,3.4,4.2,1.83,3.6,4.2,1.9,3.75,4.5,1.85,3.56,4.16,1.97,3.65,4.5,1.91,1.91,1.95,1.91,1.88,1.87,2.04,1.95,-0.5,1.9,1.95,1.9,1.95,1.81,1.92,,,2627,italy,Serie A
I2,21/08/2026,19:30,Vicenza,Catanzaro,3,2,H,1,1,D,,1.84,1.77,23,13,9,6,15,16,10,6,2,3,0,0,2.57,3.0,2.82,2.5,3.1,2.75,2.45,3.13,2.75,2.6,3.1,2.7,2.4,2.9,2.88,2.38,2.88,2.8,2.6,3.2,2.9,2.49,3.08,2.79,2.64,3.2,3.1,2.08,1.73,2.2,1.73,2.08,1.68,2.18,1.8,0.0,1.8,2.0,1.8,2.0,1.77,1.95,1.83,2.17,2.25,3.1,3.25,2.25,3.1,3.1,2.25,3.2,3.0,2.3,3.2,3.1,2.2,2.9,3.2,2.2,2.9,3.1,2.3,3.2,3.25,2.25,3.09,3.16,2.42,3.25,3.55,2.05,1.75,2.2,1.75,2.05,1.7,2.18,1.83,-0.25,1.98,1.83,1.98,1.83,1.93,1.8,2.04,1.94,2627,italy,Serie B
I2,22/08/2026,18:00,Carrarese,Mantova,1,2,A,0,1,A,,0.86,1.17,10,12,2,4,19,17,2,3,1,1,0,0,2.25,3.25,3.1,2.3,3.2,2.88,2.3,3.2,2.88,2.35,3.2,3.0,2.2,3.0,3.25,2.15,2.9,3.1,2.38,3.25,3.25,2.29,3.16,3.01,2.48,3.2,3.15,2.0,1.8,2.0,1.8,1.95,1.77,2.06,1.82,-0.25,2.0,1.8,2.0,1.8,1.97,1.76,2.1,1.81,3.1,3.2,2.3,2.88,3.1,2.38,2.88,3.13,2.38,2.95,3.1,2.4,3.0,2.88,2.3,2.9,2.88,2.3,3.1,3.2,2.42,2.96,3.07,2.37,3.25,3.2,2.56,2.1,1.7,2.1,1.85,1.99,1.75,2.16,1.82,0.25,1.8,2.0,1.8,2.05,1.73,2.01,1.83,2.17,2627,italy,Serie B
I2,22/08/2026,18:00,Sudtirol,Virtus Entella,1,0,H,0,0,D,,0.97,0.56,8,15,2,3,15,18,1,5,3,1,1,0,2.01,3.1,3.9,2.05,3.1,3.6,2.0,3.0,3.8,2.1,3.0,3.75,2.0,3.0,3.8,2.0,2.9,3.6,2.1,3.2,4.0,2.04,3.03,3.77,2.16,3.05,4.1,2.6,1.48,2.6,1.53,2.49,1.49,2.58,1.49,-0.25,1.75,2.05,1.8,2.05,1.73,2.01,1.85,2.12,2.1,3.1,3.5,2.1,3.0,3.5,2.1,3.0,3.5,2.15,3.0,3.6,2.1,2.8,3.75,2.1,2.75,3.6,2.16,3.1,3.8,2.12,2.98,3.6,2.3,3.05,4.1,2.4,1.53,2.55,1.54,2.44,1.5,2.74,1.56,-0.25,1.8,2.0,1.8,2.0,1.78,1.95,1.92,2.06,2627,italy,Serie B
I2,22/08/2026,20:00,Avellino,Arezzo,1,2,A,1,0,H,,0.69,1.51,11,16,3,3,11,16,4,2,2,2,0,0,2.15,3.25,3.25,2.15,3.2,3.2,2.15,3.13,3.25,2.2,3.2,3.25,2.1,3.2,3.3,2.05,3.1,3.2,2.2,3.25,3.3,2.16,3.18,3.25,2.2,2.84,3.55,2.2,1.65,2.2,1.67,2.17,1.63,2.2,1.66,-0.25,1.88,1.93,1.9,1.93,1.86,1.87,,,2.05,3.3,3.4,2.1,3.1,3.4,2.1,3.13,3.4,2.2,3.1,3.4,2.05,2.88,3.5,2.05,2.88,3.4,2.2,3.3,3.5,2.11,3.09,3.45,2.2,3.2,4.0,2.25,1.62,2.25,1.67,2.18,1.62,2.34,1.73,-0.25,1.83,1.98,1.83,1.98,1.79,1.94,,,2627,italy,Serie B
I2,22/08/2026,20:00,Benevento,Modena,1,2,A,1,0,H,,1.0,1.44,16,13,3,4,11,11,8,4,1,2,0,0,2.25,3.25,3.1,2.25,3.25,3.0,2.25,3.25,2.9,2.4,3.25,2.87,2.25,3.1,3.0,2.25,3.0,2.88,2.4,3.35,3.1,2.28,3.22,2.97,2.52,3.3,3.15,2.0,1.8,2.0,1.83,1.94,1.79,2.0,1.85,-0.25,2.03,1.78,2.03,1.8,1.96,1.77,2.14,1.84,2.35,3.25,2.85,2.38,3.1,2.88,2.3,3.2,2.88,2.45,3.25,2.75,2.3,3.0,2.88,2.3,2.9,2.8,2.45,3.25,3.0,2.37,3.17,2.86,2.56,3.3,3.15,2.0,1.8,2.0,1.83,1.93,1.79,2.04,1.91,-0.25,2.03,1.78,2.03,1.78,1.99,1.75,2.18,1.82,2627,italy,Serie B
I2,22/08/2026,20:00,Empoli,Cremonese,1,0,H,1,0,H,,1.04,0.82,10,15,5,2,17,11,2,5,1,3,1,0,2.7,3.2,2.55,2.63,3.0,2.63,2.63,3.2,2.5,2.8,3.1,2.5,2.8,2.88,2.5,2.75,2.8,2.5,2.8,3.2,2.7,2.71,3.04,2.58,2.98,3.15,2.74,2.08,1.73,2.1,1.75,2.04,1.71,2.1,1.76,0.0,1.98,1.83,1.98,1.85,1.9,1.81,2.06,1.88,3.2,3.2,2.25,3.0,3.1,2.3,3.0,3.13,2.25,3.1,3.1,2.3,3.25,2.88,2.2,3.2,2.8,2.2,3.33,3.2,2.38,3.13,3.06,2.28,3.6,3.15,2.42,2.1,1.7,2.1,1.73,2.07,1.69,2.22,1.79,0.25,1.83,1.98,1.83,1.98,1.8,1.93,1.94,2.03,2627,italy,Serie B
I2,23/08/2026,18:00,Pisa,Padova,0,1,A,0,0,D,,1.64,1.09,22,11,7,2,7,18,4,6,1,2,0,0,1.66,3.5,5.25,1.73,3.4,4.5,1.73,3.4,4.6,1.75,3.5,4.75,1.7,3.2,5.0,1.67,3.1,4.8,1.76,3.5,5.25,1.73,3.39,4.72,1.8,3.45,5.2,2.15,1.67,2.15,1.7,2.12,1.66,2.2,1.73,-0.75,1.98,1.83,2.0,1.83,1.96,1.78,2.04,1.82,1.71,3.5,4.75,1.73,3.4,4.5,1.73,3.4,4.5,1.75,3.5,4.6,1.73,3.25,4.5,1.73,3.2,4.33,1.78,3.5,4.75,1.74,3.39,4.59,1.87,3.6,5.1,2.08,1.73,2.1,1.73,2.04,1.71,2.2,1.8,-0.5,1.78,2.03,1.78,2.03,1.72,2.0,1.87,2.12,2627,italy,Serie B
I2,23/08/2026,18:00,Verona,Ascoli,1,2,A,1,0,H,,3.07,1.26,24,10,7,3,14,16,5,4,2,3,0,0,1.61,3.6,5.5,1.62,3.75,5.0,1.6,3.7,5.0,1.6,3.8,5.5,1.5,3.5,6.5,1.5,3.4,6.0,1.65,3.8,6.5,1.6,3.65,5.39,1.63,3.7,5.5,1.95,1.85,1.95,1.88,1.87,1.83,1.89,1.74,-0.75,1.83,1.98,1.83,1.98,1.79,1.94,1.77,1.94,1.76,3.4,4.75,1.73,3.5,4.5,1.73,3.5,4.4,1.75,3.5,4.5,1.67,3.3,5.0,1.67,3.2,4.8,1.78,3.5,5.5,1.72,3.41,4.75,1.84,3.7,5.3,2.0,1.8,2.0,1.91,1.93,1.8,2.06,1.9,-0.5,1.78,2.03,1.78,2.12,1.7,2.03,1.84,2.17,2627,italy,Serie B
I2,23/08/2026,20:00,Cesena,Sampdoria,1,1,D,1,0,H,,1.25,1.08,7,21,2,9,18,8,0,12,3,1,1,0,2.35,3.25,2.85,2.4,3.2,2.75,2.38,3.2,2.75,2.45,3.25,2.8,2.3,3.0,2.9,2.3,2.9,2.88,2.48,3.25,2.9,2.39,3.15,2.82,2.74,3.15,3.0,2.05,1.75,2.05,1.8,1.98,1.75,2.12,1.78,0.0,1.78,2.03,1.78,2.03,1.74,2.0,1.86,2.08,2.45,3.2,2.75,2.5,3.1,2.75,2.4,3.2,2.75,2.5,3.2,2.7,2.5,2.9,2.7,2.45,2.9,2.7,2.62,3.3,2.8,2.51,3.13,2.73,2.74,3.15,3.05,2.05,1.75,2.05,1.8,1.98,1.75,2.16,1.83,0.0,1.78,2.03,1.8,2.03,1.76,1.97,1.89,2.11,2627,italy,Serie B
I2,23/08/2026,20:00,Palermo,Juve Stabia,1,0,H,1,0,H,,1.17,1.03,16,13,5,4,21,11,6,6,4,1,0,0,1.62,3.5,5.5,1.62,3.6,5.0,1.62,3.6,5.0,1.66,3.6,5.0,1.5,3.6,6.5,1.5,3.5,6.25,1.67,3.7,6.5,1.62,3.59,5.31,1.68,3.55,6.4,2.05,1.75,2.05,1.8,1.98,1.75,2.06,1.79,-0.75,1.85,1.95,1.85,1.95,1.81,1.91,1.88,2.02,1.46,3.9,7.0,1.44,4.0,6.5,1.45,4.0,6.5,1.5,4.1,6.25,1.4,4.2,6.5,1.4,3.9,6.25,1.5,4.2,7.1,1.46,4.04,6.58,1.49,4.7,7.8,1.9,1.9,1.95,1.91,1.88,1.84,1.96,1.99,-1.0,1.83,1.98,1.83,1.98,1.79,1.93,1.87,2.11,2627,italy,Serie B
I2,28/08/2026,19:30,Cremonese,Modena,0,3,A,0,2,A,,0.38,0.68,8,10,2,3,14,13,8,2,2,1,0,0,2.15,3.0,3.3,2.1,3.1,3.4,2.1,3.1,3.4,2.15,3.1,3.5,2.2,2.88,3.5,2.15,2.75,3.3,2.2,3.15,3.6,2.15,3.03,3.44,2.38,3.1,3.8,2.3,1.6,2.38,1.6,2.3,1.56,2.48,1.66,-0.25,1.9,1.9,1.9,1.93,1.82,1.9,1.99,1.98,2.35,3.2,2.75,2.4,3.1,2.8,2.38,3.2,2.75,2.55,3.1,2.8,2.4,2.88,2.88,2.38,2.88,2.88,2.55,3.2,2.9,2.43,3.08,2.81,2.64,3.2,3.15,2.05,1.75,2.1,1.75,2.03,1.72,2.18,1.82,0.0,1.78,2.03,1.8,2.03,1.75,1.99,1.81,2.2,2627,italy,Serie B
I2,29/08/2026,18:00,Sampdoria,Juve Stabia,1,2,A,1,0,H,,1.25,1.06,17,17,6,5,8,10,2,7,2,2,0,0,1.81,3.1,4.33,1.9,3.2,4.0,1.85,3.2,4.1,1.95,3.2,4.1,1.91,3.0,4.0,1.91,2.9,3.9,1.95,3.3,4.33,1.89,3.15,4.14,1.92,3.3,4.8,2.35,1.57,2.38,1.58,2.31,1.55,2.44,1.63,-0.5,1.9,1.9,1.9,1.9,1.86,1.85,1.92,1.98,1.71,3.25,4.75,1.73,3.3,4.6,1.73,3.3,4.6,1.8,3.4,4.5,1.73,3.2,4.75,1.7,3.1,4.6,1.8,3.45,5.0,1.75,3.31,4.63,1.85,3.5,5.5,2.2,1.65,2.25,1.67,2.19,1.62,2.32,1.73,-0.5,1.75,2.05,1.75,2.05,1.73,1.99,1.84,2.16,2627,italy,Serie B
I2,29/08/2026,18:00,Virtus Entella,Cesena,1,2,A,1,2,A,,0.62,0.48,14,7,3,3,7,18,6,2,1,2,0,0,2.15,3.1,3.3,2.15,3.25,3.2,2.15,3.2,3.2,2.2,3.3,3.1,2.1,3.1,3.4,2.05,3.0,3.3,2.2,3.3,3.4,2.15,3.19,3.25,2.22,3.25,3.5,2.1,1.7,2.1,1.73,2.03,1.71,2.12,1.76,-0.25,1.9,1.9,1.9,1.93,1.84,1.89,1.89,1.96,1.79,3.25,4.33,1.83,3.3,4.0,1.8,3.3,4.2,1.88,3.3,4.2,1.8,3.2,4.2,1.8,3.1,4.0,1.9,3.4,4.33,1.85,3.27,4.11,1.94,3.55,4.8,2.1,1.7,2.1,1.8,2.05,1.7,2.2,1.8,-0.5,1.85,1.95,1.9,1.95,1.83,1.88,1.94,2.04,2627,italy,Serie B
I2,29/08/2026,20:00,Ascoli,Carrarese,1,1,D,0,0,D,,1.6,1.82,20,18,6,4,10,13,10,9,4,3,0,0,1.86,3.2,4.1,1.95,3.2,3.75,1.9,3.13,4.0,1.95,3.2,4.0,1.91,3.1,4.0,1.91,3.0,3.8,2.0,3.3,4.2,1.92,3.17,3.98,1.93,3.2,4.5,2.35,1.57,2.38,1.58,2.32,1.55,2.42,1.58,-0.5,1.95,1.85,1.95,1.85,1.9,1.81,1.93,1.94,1.79,3.5,4.1,1.83,3.4,4.0,1.8,3.4,4.1,1.85,3.5,4.1,1.75,3.25,4.2,1.75,3.2,4.0,1.9,3.5,4.33,1.82,3.41,4.08,1.91,3.6,4.7,1.9,1.9,1.95,1.9,1.89,1.82,2.0,1.95,-0.5,1.8,2.0,1.9,2.0,1.8,1.9,1.91,2.06,2627,italy,Serie B
I2,29/08/2026,20:00,Avellino,Vicenza,3,0,H,2,0,H,,1.41,1.13,10,18,8,3,14,16,2,7,4,3,0,0,2.35,3.1,2.75,2.4,3.1,2.8,2.4,3.1,2.8,2.5,3.1,2.85,2.4,2.9,3.0,2.38,2.8,2.9,2.52,3.2,3.0,2.43,3.06,2.85,2.48,3.1,2.94,2.25,1.62,2.25,1.67,2.17,1.63,2.06,1.55,0.0,1.7,2.1,1.8,2.1,1.72,2.02,1.71,2.05,2.25,3.1,3.0,2.3,3.0,3.1,2.2,3.1,3.1,2.3,3.1,3.1,2.3,2.8,3.2,2.25,2.75,3.1,2.4,3.1,3.2,2.3,3.0,3.13,2.48,3.1,3.5,2.25,1.62,2.25,1.67,2.19,1.62,2.36,1.71,-0.25,1.98,1.83,2.0,1.83,1.94,1.79,2.08,1.89,2627,italy,Serie B
I2,29/08/2026,20:00,Padova,Verona,1,1,D,1,0,H,,0.92,1.71,7,14,2,3,12,18,2,6,4,1,0,0,2.82,3.0,2.4,2.8,3.1,2.4,2.8,3.0,2.45,2.8,3.1,2.5,2.8,3.0,2.45,2.75,2.9,2.4,2.9,3.15,2.54,2.82,3.02,2.46,2.98,3.1,2.68,2.35,1.57,2.38,1.57,2.31,1.55,2.46,1.6,0.0,2.03,1.78,2.03,1.78,1.99,1.75,2.04,1.85,2.7,3.2,2.4,2.75,3.2,2.4,2.75,3.2,2.4,2.8,3.2,2.45,2.8,2.9,2.45,2.75,2.88,2.45,2.88,3.25,2.54,2.78,3.11,2.46,3.05,3.15,2.72,2.05,1.75,2.1,1.75,2.03,1.71,2.18,1.81,0.0,2.03,1.78,2.03,1.78,1.99,1.75,2.12,1.87,2627,italy,Serie B
I2,30/08/2026,18:00,Arezzo,Palermo,2,3,A,0,1,A,,1.18,2.01,15,17,5,7,13,13,9,4,1,2,0,0,3.5,3.2,2.05,3.4,3.1,2.1,3.5,3.1,2.05,3.4,3.2,2.15,3.3,3.2,2.1,3.25,3.1,2.05,3.75,3.2,2.15,3.44,3.12,2.09,,,,2.35,1.57,2.35,1.62,2.26,1.57,,,0.25,2.0,1.8,2.0,1.8,1.96,1.77,,,3.5,3.25,2.01,3.5,3.2,2.05,3.5,3.25,2.0,3.75,3.1,2.05,3.7,3.0,2.0,3.6,2.9,2.0,4.0,3.3,2.08,3.62,3.12,2.03,4.2,3.3,2.16,2.1,1.7,2.15,1.73,2.1,1.67,,,0.5,1.75,2.05,1.77,2.05,1.73,1.98,1.84,2.16,2627,italy,Serie B
I2,30/08/2026,18:00,Mantova,Empoli,3,1,H,0,0,D,,1.28,0.42,16,6,9,2,13,20,3,6,2,6,0,0,2.05,3.1,3.5,2.05,3.25,3.4,2.05,3.2,3.4,2.05,3.3,3.5,2.1,3.1,3.3,2.05,3.0,3.25,2.1,3.35,3.65,2.06,3.2,3.43,2.14,3.3,3.65,2.1,1.7,2.1,1.73,2.02,1.71,2.12,1.72,-0.5,2.08,1.73,2.08,1.8,2.01,1.72,,,1.81,3.4,3.9,1.91,3.4,3.75,1.9,3.2,3.9,1.93,3.4,3.9,1.87,3.2,3.8,1.85,3.0,3.9,1.93,3.45,4.0,1.89,3.3,3.86,2.0,3.45,4.5,1.93,1.88,1.93,1.91,1.86,1.85,,,-0.5,1.93,1.88,1.93,1.9,1.87,1.83,2.0,1.96,2627,italy,Serie B
I2,30/08/2026,20:00,Benevento,Sudtirol,1,1,D,0,0,D,,2.18,0.66,24,9,5,2,16,12,11,1,1,1,0,0,2.05,3.1,3.6,2.05,3.1,3.6,2.05,3.1,3.5,2.1,3.1,3.6,2.1,3.1,3.4,2.05,3.0,3.25,2.15,3.15,3.9,2.07,3.08,3.56,2.12,3.15,3.85,2.35,1.57,2.38,1.58,2.3,1.55,2.36,1.59,-0.5,2.08,1.73,2.08,1.77,2.02,1.71,,,1.81,3.5,4.0,1.91,3.3,3.75,1.83,3.3,4.0,1.93,3.3,3.9,1.8,3.2,4.2,1.8,3.1,4.0,1.93,3.5,4.33,1.87,3.3,4.01,1.94,3.5,4.8,1.98,1.83,2.0,1.83,1.97,1.76,2.08,1.88,-0.5,1.83,1.98,1.9,1.98,1.83,1.87,1.94,2.04,2627,italy,Serie B
I2,30/08/2026,20:00,Pisa,Catanzaro,2,1,H,2,1,H,,2.04,1.11,19,14,9,7,15,12,6,8,3,2,0,0,1.79,3.1,4.5,1.83,3.25,4.2,1.8,3.25,4.33,1.85,3.3,4.33,1.87,3.1,4.2,1.83,3.0,4.0,1.88,3.4,4.5,1.83,3.23,4.32,1.81,3.2,4.7,2.3,1.6,2.3,1.62,2.23,1.59,2.14,1.52,-0.5,1.83,1.98,1.83,1.98,1.8,1.92,,,1.76,3.2,4.33,1.83,3.4,4.0,1.8,3.4,4.1,1.85,3.4,4.2,1.75,3.3,4.2,1.75,3.25,4.0,1.88,3.5,4.35,1.82,3.34,4.19,1.91,3.65,4.7,2.05,1.75,2.1,1.75,2.06,1.69,2.18,1.83,-0.5,1.83,1.98,1.83,1.98,1.79,1.9,1.9,2.08,2627,italy,Serie B
F1,21/08/2026,19:45,Marseille,Strasbourg,4,0,H,0,0,D,,1.86,0.19,14,5,8,2,6,12,3,4,1,2,0,1,1.73,4.1,4.33,1.73,4.0,4.33,1.7,4.1,4.33,1.73,4.1,4.33,1.7,4.0,4.33,1.7,4.2,4.33,1.75,4.2,4.33,1.72,4.05,4.28,1.78,4.3,4.7,1.57,2.38,1.58,2.6,1.51,2.46,1.59,2.66,-0.75,1.93,1.93,1.93,1.93,1.87,1.87,1.97,2.0,1.75,4.1,4.2,1.73,4.0,4.33,1.75,4.1,4.1,1.72,4.1,4.33,1.73,3.8,4.33,1.67,4.2,4.4,1.75,4.2,4.4,1.73,4.02,4.25,1.79,4.2,4.7,1.57,2.38,1.58,2.63,1.51,2.46,1.57,2.72,-0.75,1.98,1.88,1.98,1.9,1.9,1.84,1.99,2.0,2627,france,Le Championnat
F1,22/08/2026,16:15,Lens,Auxerre,5,2,H,1,0,H,,4.42,1.85,12,10,9,4,6,21,4,7,1,1,0,1,1.55,4.5,5.25,1.57,4.33,5.5,1.53,4.0,5.25,1.58,4.33,5.25,1.5,4.2,5.5,1.53,4.2,5.5,1.58,4.5,6.0,1.55,4.23,5.37,1.59,4.5,6.0,1.67,2.2,1.67,2.25,1.63,2.21,1.7,2.32,-1.0,1.95,1.9,1.95,1.9,1.9,1.84,1.98,1.96,1.42,4.5,7.5,1.5,4.5,7.0,1.4,4.75,7.5,1.44,4.75,6.75,1.44,4.33,7.0,1.44,4.5,7.0,1.5,4.8,7.5,1.44,4.56,6.9,1.49,4.7,8.0,1.67,2.2,1.67,2.25,1.65,2.17,1.75,2.28,-1.25,1.93,1.93,1.93,1.93,1.9,1.84,2.05,1.9,2627,france,Le Championnat
F1,22/08/2026,19:45,Le Mans,Brest,2,2,D,1,1,D,,0.67,2.73,8,26,5,7,14,12,1,10,1,1,0,0,2.55,3.4,2.7,2.5,3.5,2.75,2.45,3.3,2.63,2.55,3.4,2.65,2.5,3.5,2.63,2.5,3.5,2.63,2.58,3.5,2.75,2.51,3.39,2.69,2.64,3.55,2.86,1.88,1.98,1.88,1.98,1.84,1.9,1.96,1.99,0.0,1.88,1.98,1.88,1.98,1.8,1.94,1.9,2.06,2.5,3.3,2.8,2.5,3.4,2.75,2.5,3.4,2.75,2.45,3.3,2.8,2.5,3.2,2.75,2.5,3.3,2.75,2.58,3.4,2.8,2.5,3.32,2.76,2.66,3.5,2.94,1.98,1.88,1.98,1.91,1.9,1.84,2.02,1.95,0.0,1.8,2.05,1.8,2.05,1.78,1.97,1.9,2.1,2627,france,Le Championnat
F1,22/08/2026,19:45,Nice,Lorient,0,0,D,0,0,D,,1.05,1.27,14,10,1,2,15,8,9,3,1,0,0,0,2.1,3.5,3.4,2.15,3.6,3.25,2.05,3.4,3.25,2.1,3.6,3.3,2.1,3.6,3.3,2.05,3.6,3.25,2.15,3.6,3.4,2.1,3.49,3.29,2.2,3.6,3.6,1.85,2.0,1.85,2.0,1.8,1.94,1.91,2.02,-0.25,1.83,2.03,1.83,2.03,1.8,1.95,1.9,2.08,2.3,3.3,3.2,2.4,3.3,3.0,2.3,3.3,3.1,2.3,3.2,3.2,2.38,3.1,3.0,2.3,3.25,3.1,2.4,3.3,3.2,2.33,3.23,3.1,2.5,3.35,3.25,2.1,1.73,2.15,1.73,2.06,1.71,2.18,1.82,-0.25,2.0,1.85,2.0,1.85,1.97,1.78,2.12,1.87,2627,france,Le Championnat
F1,22/08/2026,19:45,Toulouse,Lyon,0,2,A,0,0,D,,2.76,0.7,17,11,2,3,15,15,6,5,1,2,0,0,2.8,3.4,2.5,2.8,3.6,2.38,2.7,3.3,2.38,2.7,3.5,2.45,2.75,3.3,2.5,2.75,3.25,2.5,2.98,3.6,2.5,2.78,3.39,2.42,2.9,3.5,2.64,1.83,2.03,1.83,2.03,1.77,1.98,1.88,2.06,0.0,2.03,1.83,2.1,1.83,2.01,1.75,2.09,1.89,2.2,3.5,3.2,2.3,3.5,3.0,2.2,3.5,3.2,2.25,3.4,3.1,2.25,3.25,3.1,2.25,3.4,3.1,2.3,3.5,3.2,2.25,3.42,3.09,2.36,3.5,3.4,1.88,1.98,1.88,2.0,1.83,1.91,1.98,2.0,-0.25,1.93,1.93,1.93,1.93,1.88,1.86,2.01,1.97,2627,france,Le Championnat
F1,22/08/2026,19:45,Troyes,Paris FC,0,0,D,0,0,D,,0.41,1.8,9,10,2,1,8,14,6,2,2,1,0,0,3.1,3.4,2.3,2.88,3.6,2.3,2.9,3.5,2.2,2.9,3.5,2.3,3.0,3.4,2.25,3.0,3.4,2.25,3.1,3.6,2.32,2.96,3.46,2.27,3.25,3.65,2.34,1.73,2.1,1.73,2.15,1.68,2.1,1.78,2.18,0.25,1.88,1.98,1.88,1.98,1.82,1.93,1.94,2.03,3.5,3.4,2.1,3.2,3.6,2.15,3.3,3.6,2.1,3.3,3.5,2.1,3.3,3.4,2.1,3.3,3.5,2.1,3.5,3.6,2.15,3.3,3.52,2.11,3.6,3.65,2.2,1.8,2.0,1.8,2.1,1.73,2.03,1.85,2.14,0.5,1.75,2.05,1.75,2.1,1.71,2.05,,,2627,france,Le Championnat
F1,23/08/2026,14:00,Angers,Lille,0,2,A,0,2,A,,1.99,1.24,20,11,2,8,11,13,8,3,2,2,0,0,5.0,3.7,1.7,5.0,3.75,1.7,4.75,3.6,1.67,5.0,3.6,1.71,5.0,3.8,1.67,5.0,3.75,1.67,5.1,3.8,1.73,4.88,3.69,1.69,5.1,3.9,1.79,2.03,1.83,2.03,1.85,1.94,1.8,2.04,1.89,0.75,1.93,1.93,1.93,1.93,1.87,1.87,1.92,2.03,5.0,3.6,1.73,4.5,3.6,1.8,4.8,3.6,1.75,4.75,3.6,1.77,4.5,3.4,1.75,4.75,3.6,1.75,5.0,3.6,1.81,4.67,3.58,1.76,5.2,3.8,1.83,2.1,1.73,2.1,1.8,2.04,1.73,2.16,1.86,0.75,1.88,1.98,1.88,2.0,1.8,1.96,1.92,2.08,2627,france,Le Championnat
F1,23/08/2026,16:15,Le Havre,Monaco,0,1,A,0,1,A,,0.6,1.39,15,15,4,7,13,12,7,4,3,2,0,0,3.6,4.0,1.91,3.75,3.75,1.9,3.6,3.75,1.83,3.7,3.9,1.88,3.6,3.8,1.87,3.6,3.8,1.85,3.75,4.0,1.97,3.64,3.82,1.87,3.85,4.0,1.96,1.57,2.38,1.58,2.38,1.56,2.3,1.64,2.44,0.5,1.98,1.88,1.98,1.9,1.9,1.83,2.0,1.96,4.2,3.5,1.9,3.5,3.4,2.0,3.9,3.6,1.9,3.9,3.5,1.93,3.8,3.4,1.91,3.8,3.5,1.91,4.2,3.6,2.0,3.89,3.5,1.92,4.3,3.65,2.0,2.03,1.83,2.03,1.95,1.86,1.88,1.99,2.0,0.5,1.95,1.9,1.95,1.91,1.88,1.85,,,2627,france,Le Championnat
F1,23/08/2026,19:45,Rennes,Paris SG,2,2,D,2,0,H,,0.87,2.17,9,19,3,5,7,6,0,10,2,2,0,0,5.75,4.75,1.5,6.0,4.6,1.5,5.5,4.5,1.44,5.5,4.5,1.52,1.5,1.5,5.0,4.5,4.5,5.25,6.0,4.75,1.54,5.44,4.57,1.5,5.8,5.0,1.56,1.44,2.75,1.45,3.0,1.41,2.77,1.47,2.88,1.0,2.05,1.75,2.05,1.8,2.01,1.74,2.07,1.86,6.0,5.0,1.45,5.5,5.0,1.44,6.0,5.0,1.44,5.75,4.75,1.49,6.0,4.5,1.44,6.0,5.0,1.44,6.5,5.0,1.5,5.94,4.84,1.45,6.8,5.0,1.52,1.4,3.0,1.45,3.0,1.41,2.78,1.49,3.0,1.25,1.88,1.98,1.88,1.98,1.84,1.9,1.92,2.04,2627,france,Le Championnat
F1,28/08/2026,19:45,Lille,Paris SG,2,2,D,1,0,H,,1.27,1.44,9,18,4,4,11,7,0,5,2,1,0,0,5.0,3.8,1.7,4.6,4.0,1.7,5.0,3.9,1.67,4.75,3.9,1.71,4.75,3.8,1.67,4.75,4.0,1.67,5.0,4.0,1.73,4.81,3.86,1.69,5.3,4.1,1.75,1.8,2.0,1.8,2.1,1.73,2.03,1.83,2.18,0.75,1.98,1.88,1.98,1.9,1.89,1.85,2.0,1.96,4.5,3.8,1.73,4.33,4.0,1.73,4.5,3.9,1.73,4.4,3.9,1.73,4.5,3.75,1.7,4.5,3.8,1.7,4.85,4.0,1.75,4.46,3.85,1.73,5.1,4.0,1.8,1.73,2.1,1.73,2.3,1.65,2.17,1.75,2.32,0.75,1.9,1.95,1.9,1.95,1.85,1.89,1.96,2.01,2627,france,Le Championnat
F1,29/08/2026,16:15,Strasbourg,Lens,2,1,H,0,1,A,,1.66,2.88,16,17,7,7,10,11,3,6,2,2,0,0,3.5,3.6,2.05,3.3,3.6,2.1,3.2,3.6,2.0,3.4,3.7,2.05,3.5,3.5,2.0,3.4,3.4,2.0,3.55,3.7,2.1,3.39,3.55,2.04,3.65,3.75,2.14,1.67,2.2,1.67,2.25,1.62,2.21,1.69,2.34,0.5,1.75,2.05,1.8,2.05,1.75,2.0,1.85,2.14,3.9,3.8,1.85,,,,,,,3.8,3.8,1.88,3.8,3.7,1.85,3.8,3.8,1.85,3.9,3.9,1.88,3.76,3.8,1.86,4.2,3.95,1.96,1.57,2.38,1.6,2.5,1.54,2.38,1.61,2.6,0.5,1.98,1.88,1.98,1.9,1.9,1.83,,,2627,france,Le Championnat
F1,29/08/2026,19:45,Auxerre,Angers,1,3,A,1,1,D,,1.29,1.74,20,15,7,6,16,6,7,10,3,2,0,0,1.95,3.5,4.1,1.95,3.5,4.0,1.9,3.4,3.75,1.93,3.5,3.9,1.91,3.5,3.8,1.91,3.5,3.8,1.98,3.5,4.1,1.93,3.47,3.88,2.0,3.6,4.1,2.03,1.83,2.03,1.83,1.97,1.77,2.08,1.87,-0.5,1.95,1.9,1.95,1.9,1.88,1.84,2.0,1.94,2.2,3.3,3.4,2.15,3.4,3.4,2.2,3.3,3.3,2.15,3.3,3.4,2.15,3.1,3.5,2.1,3.3,3.5,2.2,3.4,3.5,2.16,3.28,3.39,2.28,3.3,3.7,2.1,1.73,2.1,1.75,2.05,1.72,2.2,1.81,-0.25,1.9,1.95,1.9,1.95,1.85,1.89,1.94,2.03,2627,france,Le Championnat
F1,29/08/2026,19:45,Brest,Toulouse,2,2,D,1,1,D,,2.73,1.12,26,6,7,2,19,18,7,2,2,3,0,0,2.63,3.4,2.63,2.63,3.4,2.6,2.55,3.25,2.55,2.6,3.4,2.6,2.63,3.3,2.6,2.63,3.3,2.6,2.68,3.4,2.68,2.62,3.32,2.61,2.78,3.45,2.8,2.0,1.85,2.0,1.85,1.94,1.8,2.02,1.92,0.0,1.93,1.93,1.93,1.93,1.87,1.87,1.98,2.0,2.35,3.4,2.9,2.5,3.4,2.8,2.45,3.4,2.8,2.4,3.4,2.87,2.45,3.2,2.8,2.45,3.3,2.8,2.5,3.45,2.92,2.42,3.35,2.84,2.58,3.4,3.05,1.95,1.9,1.95,1.91,1.89,1.85,2.02,1.94,0.0,1.73,2.08,1.77,2.08,1.74,2.01,1.84,2.16,2627,france,Le Championnat
F1,29/08/2026,19:45,Lorient,Troyes,1,2,A,0,2,A,,1.07,1.57,15,11,6,2,9,11,2,5,0,0,0,0,1.8,3.6,4.5,1.9,3.5,4.2,1.8,3.4,4.1,1.85,3.6,4.1,1.85,3.5,4.0,1.85,3.5,4.0,1.9,3.6,4.5,1.84,3.5,4.17,1.89,3.7,4.5,2.05,1.8,2.05,1.8,1.99,1.76,2.06,1.86,-0.5,1.85,2.0,1.85,2.0,1.8,1.92,1.89,2.06,1.95,3.3,4.2,1.95,3.4,4.0,1.91,3.4,4.2,1.95,3.3,4.1,1.91,3.25,4.0,1.91,3.3,4.2,1.95,3.4,4.3,1.93,3.33,4.1,2.02,3.55,4.4,2.2,1.67,2.25,1.68,2.16,1.65,2.3,1.74,-0.5,1.95,1.9,1.95,1.9,1.88,1.85,2.02,1.96,2627,france,Le Championnat
F1,29/08/2026,19:45,Lyon,Le Havre,1,1,D,0,0,D,,1.68,0.67,16,12,5,4,7,16,5,5,0,2,0,0,1.44,4.5,7.0,1.5,4.5,6.5,1.44,4.1,6.5,1.49,4.5,6.25,1.4,4.5,6.5,1.44,4.5,6.5,1.5,4.7,7.75,1.45,4.43,6.58,1.5,4.6,7.4,1.73,2.1,1.73,2.1,1.7,2.08,1.78,2.14,-1.0,1.75,2.05,1.75,2.1,1.72,2.04,1.81,2.16,1.4,5.0,7.0,1.4,5.0,7.5,1.4,4.75,7.5,1.44,4.75,6.75,1.36,4.5,7.0,1.44,4.5,6.5,1.44,5.0,7.5,1.41,4.7,7.21,1.46,5.0,8.4,1.67,2.2,1.7,2.2,1.66,2.15,1.73,2.32,-1.25,1.9,1.95,1.91,1.95,1.87,1.88,2.01,1.97,2627,france,Le Championnat
F1,30/08/2026,14:00,Paris FC,Nice,3,0,H,1,0,H,,2.88,0.65,15,15,4,4,7,7,2,4,0,1,0,0,2.05,3.3,3.8,2.15,3.4,3.4,2.0,3.3,3.5,2.05,3.4,3.6,2.0,3.2,3.75,2.05,3.2,3.75,2.18,3.4,3.8,2.07,3.29,3.57,2.14,3.4,4.0,2.1,1.73,2.1,1.75,2.04,1.72,2.12,1.83,-0.5,2.08,1.73,2.1,1.73,2.04,1.71,2.14,1.85,1.95,3.4,4.0,1.95,3.5,4.0,1.9,3.5,4.0,1.95,3.5,3.9,1.91,3.3,4.0,1.95,3.4,4.0,1.98,3.5,4.3,1.94,3.42,3.94,2.04,3.5,4.2,2.05,1.8,2.05,1.83,1.97,1.78,2.06,1.91,-0.5,1.93,1.93,1.95,1.93,1.89,1.85,2.04,1.93,2627,france,Le Championnat
F1,30/08/2026,16:15,Rennes,Le Mans,3,2,H,2,1,H,,2.68,2.98,22,12,8,5,15,15,8,6,3,2,0,1,1.44,5.0,6.5,1.44,4.6,7.0,1.4,4.5,6.5,1.44,4.75,6.75,1.4,4.5,7.0,1.4,4.5,7.0,1.47,5.0,7.0,1.42,4.67,6.63,1.44,5.0,7.6,1.57,2.38,1.57,2.4,1.54,2.37,1.6,2.5,-1.25,1.93,1.93,1.95,1.93,1.89,1.86,1.95,1.98,1.38,5.25,7.0,1.36,5.0,8.0,1.3,5.5,9.0,1.38,5.25,7.5,1.33,5.0,8.0,1.33,5.0,8.0,1.39,5.5,9.0,1.35,5.22,7.81,1.4,5.5,9.0,1.5,2.63,1.52,2.7,1.49,2.53,1.56,2.74,-1.5,1.93,1.93,2.0,1.93,1.91,1.83,2.05,1.89,2627,france,Le Championnat
F1,30/08/2026,19:45,Monaco,Marseille,2,0,H,1,0,H,,1.49,1.22,11,13,5,2,9,10,5,7,4,0,0,0,2.4,3.7,2.75,2.4,3.8,2.63,2.3,3.6,2.63,2.4,3.7,2.65,2.3,3.8,2.63,2.38,3.75,2.63,2.5,3.8,2.75,2.38,3.68,2.66,2.48,3.8,2.88,1.57,2.38,1.58,2.4,1.54,2.37,1.54,2.36,0.0,1.8,2.05,1.8,2.05,1.77,1.98,1.83,2.13,2.2,3.5,3.2,2.2,3.8,3.1,2.2,3.6,3.1,2.2,3.5,3.1,2.2,3.3,3.2,2.2,3.5,3.2,2.25,3.8,3.2,2.2,3.5,3.13,2.32,3.6,3.4,1.73,2.1,1.73,2.15,1.7,2.09,1.8,2.22,-0.25,1.93,1.93,1.93,1.93,1.88,1.87,2.0,1.98,2627,france,Le Championnat
F2,08/08/2026,19:45,Boulogne,Nancy,0,0,D,0,0,D,,0.2,0.6,4,12,1,2,20,11,1,6,1,0,0,0,2.4,3.2,2.75,2.38,3.25,2.75,2.45,3.2,2.75,2.45,3.25,2.75,2.3,3.3,2.8,2.3,3.1,2.7,2.5,3.3,2.8,2.41,3.2,2.74,2.62,3.5,2.88,2.1,1.7,2.1,1.73,2.05,1.69,2.12,1.77,0.0,1.8,2.0,1.8,2.0,1.77,1.97,1.87,2.05,2.5,3.1,2.7,2.5,3.1,2.75,2.6,3.1,2.75,2.6,3.1,2.7,2.6,2.88,2.7,2.5,2.8,2.63,2.63,3.2,2.75,2.55,3.05,2.71,2.84,3.15,2.96,2.25,1.62,2.25,1.67,2.18,1.62,2.4,1.68,0.0,1.85,1.95,1.85,1.95,1.8,1.92,1.94,2.03,2627,france,Division 2
F2,08/08/2026,19:45,Clermont,Reims,0,0,D,0,0,D,,0.3,0.78,3,9,0,0,17,11,3,2,1,1,0,0,3.6,3.4,1.95,3.6,3.3,1.95,3.75,3.3,1.95,3.75,3.3,1.98,3.6,3.3,1.95,3.5,3.25,1.91,3.8,3.4,1.98,3.65,3.3,1.94,4.1,3.3,2.0,2.1,1.7,2.1,1.73,2.03,1.7,2.12,1.72,0.5,1.83,1.98,1.83,1.98,1.79,1.91,1.89,2.0,3.5,3.3,1.95,3.75,3.4,1.9,3.75,3.3,2.0,3.8,3.3,1.98,3.8,3.3,1.85,3.6,3.25,1.83,4.0,3.4,2.0,3.75,3.29,1.92,4.2,3.4,2.06,2.1,1.7,2.1,1.73,2.04,1.69,2.24,1.78,0.5,1.8,2.0,1.9,2.0,1.8,1.9,1.9,2.06,2627,france,Division 2
F2,08/08/2026,19:45,Dunkerque,Grenoble,4,2,H,1,1,D,,2.15,0.56,17,9,6,2,18,9,10,2,2,3,0,0,1.9,3.4,3.7,1.95,3.3,3.6,1.95,3.4,3.6,2.0,3.4,3.6,1.95,3.3,3.5,1.91,3.25,3.4,2.0,3.5,3.95,1.95,3.33,3.58,2.0,3.4,3.85,1.98,1.83,1.98,1.85,1.92,1.79,1.98,1.87,-0.5,2.0,1.8,2.0,1.85,1.93,1.79,2.0,1.86,1.9,3.4,3.7,1.95,3.3,3.6,2.0,3.4,3.6,2.0,3.3,3.6,1.91,3.3,3.5,1.91,3.25,3.4,2.0,3.45,3.95,1.96,3.32,3.58,2.1,3.45,3.95,2.0,1.8,2.0,1.83,1.92,1.79,2.08,1.89,-0.5,2.03,1.78,2.03,1.85,1.93,1.78,2.1,1.86,2627,france,Division 2
F2,08/08/2026,19:45,Metz,Guingamp,2,1,H,0,0,D,,2.07,1.04,15,12,7,7,16,10,5,3,2,1,0,0,2.0,3.4,3.3,2.05,3.3,3.4,2.05,3.4,3.3,2.05,3.4,3.4,2.0,3.4,3.4,1.95,3.25,3.25,2.1,3.45,3.4,2.03,3.34,3.32,1.96,2.74,3.1,1.98,1.83,1.98,1.83,1.91,1.8,1.96,1.72,-0.25,1.8,2.0,1.8,2.0,1.78,1.95,1.69,1.96,2.0,3.4,3.3,1.95,3.3,3.6,2.0,3.4,3.7,2.0,3.3,3.6,1.95,3.3,3.5,1.91,3.25,3.4,2.0,3.45,3.7,1.96,3.33,3.54,2.1,3.65,3.85,1.95,1.85,1.95,1.85,1.91,1.8,2.0,1.98,-0.5,2.0,1.8,2.0,1.81,1.93,1.78,2.1,1.88,2627,france,Division 2
F2,08/08/2026,19:45,Montpellier,Dijon,1,1,D,0,0,D,,1.84,1.53,27,12,6,4,20,17,4,0,3,3,0,0,1.85,3.25,4.0,1.91,3.3,3.75,1.9,3.3,3.9,1.95,3.3,3.8,1.91,3.3,3.8,1.85,3.1,3.6,1.95,3.6,4.1,1.91,3.29,3.78,1.98,3.35,4.2,2.1,1.7,2.1,1.7,2.08,1.67,2.18,1.75,-0.5,1.9,1.9,1.91,1.9,1.89,1.82,1.98,1.92,1.83,3.3,4.0,1.83,3.4,4.0,1.83,3.5,4.2,1.88,3.4,4.0,1.85,3.3,3.8,1.83,3.25,3.75,1.9,3.5,4.2,1.85,3.35,3.95,1.95,3.65,4.4,2.05,1.75,2.1,1.75,2.0,1.73,2.06,1.89,-0.5,1.85,1.95,1.9,1.95,1.83,1.87,1.95,2.01,2627,france,Division 2
F2,08/08/2026,19:45,Nantes,Red Star,0,1,A,0,0,D,,0.58,0.89,10,13,2,3,13,13,4,8,2,3,0,0,1.85,3.3,4.0,1.83,3.4,4.0,1.85,3.4,4.0,1.87,3.4,4.1,1.85,3.4,4.0,1.83,3.25,3.75,1.9,3.5,4.1,1.85,3.35,3.98,1.95,3.45,4.4,2.05,1.75,2.05,1.78,1.99,1.74,2.06,1.81,-0.5,1.88,1.93,1.9,1.93,1.83,1.88,1.95,1.96,1.67,3.5,4.75,1.73,3.5,4.33,1.7,3.7,4.8,1.75,3.5,4.6,1.7,3.5,4.33,1.7,3.4,4.2,1.75,3.7,5.2,1.71,3.5,4.56,1.82,3.8,5.1,1.98,1.83,2.0,1.83,1.94,1.77,2.02,1.94,-0.75,1.9,1.9,1.9,1.9,1.87,1.86,2.06,1.91,2627,france,Division 2
F2,08/08/2026,19:45,Pau FC,Annecy,0,1,A,0,1,A,,0.92,0.64,17,9,2,3,12,10,6,4,3,0,0,1,2.5,3.4,2.5,2.5,3.3,2.6,2.55,3.3,2.55,2.55,3.4,2.55,2.5,3.4,2.5,2.45,3.25,2.45,2.55,3.45,2.6,2.51,3.33,2.54,2.64,3.45,2.64,1.85,1.95,1.85,1.95,1.8,1.91,1.74,2.0,0.0,1.93,1.88,1.93,1.88,1.86,1.85,1.93,1.9,2.55,3.25,2.55,2.5,3.2,2.6,2.63,3.3,2.6,2.65,3.2,2.6,2.6,3.0,2.6,2.6,3.0,2.5,2.66,3.3,2.63,2.59,3.18,2.57,2.84,3.35,2.82,2.08,1.73,2.08,1.85,1.93,1.78,2.12,1.86,0.0,1.93,1.88,1.93,1.88,1.88,1.84,1.99,1.97,2627,france,Division 2
F2,08/08/2026,19:45,Rodez,Laval,3,1,H,0,0,D,,2.3,0.65,20,6,9,1,13,5,8,4,1,1,0,1,1.95,3.3,3.5,2.0,3.4,3.4,2.0,3.4,3.4,2.0,3.3,3.6,2.0,3.4,3.4,1.95,3.25,3.3,2.02,3.5,3.6,1.99,3.34,3.44,2.06,3.15,3.5,1.95,1.85,1.95,1.88,1.88,1.82,1.94,1.82,-0.5,2.0,1.8,2.0,1.8,1.97,1.75,2.08,1.81,2.05,3.3,3.3,2.05,3.3,3.3,2.1,3.4,3.3,2.15,3.3,3.3,2.0,3.3,3.25,2.0,3.25,3.1,2.15,3.4,3.6,2.05,3.32,3.3,2.2,3.6,3.55,1.9,1.9,1.95,1.9,1.89,1.83,1.94,2.0,-0.25,1.8,2.0,1.8,2.0,1.78,1.95,1.9,2.07,2627,france,Division 2
F2,08/08/2026,19:45,Sochaux,St Etienne,0,3,A,0,3,A,,0.68,2.2,14,14,2,7,14,10,6,1,0,1,0,0,3.6,3.4,1.91,3.4,3.4,2.0,3.4,3.3,2.05,3.5,3.4,2.05,3.4,3.4,2.0,3.3,3.25,1.95,3.6,3.45,2.05,3.43,3.32,2.0,3.75,3.3,2.1,2.05,1.75,2.05,1.77,2.0,1.73,2.04,1.64,0.5,1.75,2.05,1.8,2.05,1.74,1.98,1.8,2.1,3.4,3.5,1.95,3.5,3.4,1.95,3.75,3.4,1.95,3.8,3.4,1.95,3.6,3.3,1.91,3.5,3.25,1.91,4.0,3.6,1.95,3.66,3.39,1.92,4.0,3.6,2.04,1.98,1.83,1.98,1.83,1.92,1.8,2.04,1.92,0.5,1.8,2.0,1.9,2.0,1.82,1.89,1.92,2.05,2627,france,Division 2
F2,14/08/2026,19:45,Annecy,Rodez,2,0,H,1,0,H,,2.16,0.96,12,11,6,3,15,12,8,7,2,0,0,0,2.15,3.4,3.25,2.15,3.4,3.0,2.15,3.4,3.2,2.15,3.3,3.2,2.1,3.4,3.0,2.1,3.3,2.9,2.2,3.4,3.25,2.15,3.36,3.14,2.3,3.5,3.45,1.85,1.95,1.85,1.95,1.81,1.92,1.92,2.02,-0.25,1.88,1.93,1.9,1.93,1.84,1.88,1.97,1.99,2.55,3.25,2.75,2.4,3.3,2.75,2.45,3.4,2.7,2.5,3.3,2.7,2.4,3.3,2.63,2.4,3.1,2.6,2.55,3.4,2.83,2.43,3.27,2.71,2.62,3.6,2.88,1.9,1.9,1.9,1.95,1.84,1.88,1.98,1.99,0.0,1.83,1.98,1.83,2.0,1.78,1.96,1.91,2.08,2627,france,Division 2
F2,14/08/2026,19:45,Dijon,Pau FC,0,1,A,0,0,D,,0.93,1.03,16,6,9,3,11,17,6,2,0,2,0,0,2.2,3.1,3.2,2.25,3.2,3.0,2.2,3.25,3.2,2.3,3.2,3.1,2.15,3.2,3.2,2.15,3.1,3.1,2.3,3.3,3.2,2.21,3.2,3.13,2.36,3.4,3.3,2.08,1.73,2.1,1.73,2.08,1.68,2.22,1.79,-0.25,1.93,1.88,1.93,1.88,1.89,1.84,2.02,1.93,1.95,3.3,3.75,1.95,3.3,3.6,1.95,3.4,3.8,2.05,3.25,3.5,1.91,3.3,3.5,1.91,3.2,3.4,2.05,3.5,3.8,1.97,3.32,3.6,2.08,3.65,3.9,2.05,1.75,2.05,1.75,2.0,1.73,2.14,1.84,-0.5,1.95,1.85,2.0,1.85,1.95,1.77,2.1,1.88,2627,france,Division 2
F2,14/08/2026,19:45,Grenoble,Metz,0,0,D,0,0,D,,0.7,0.74,9,9,2,1,12,15,1,5,2,2,0,0,3.7,3.2,1.95,3.4,3.4,2.0,3.6,3.4,2.0,3.8,3.25,2.0,3.4,3.4,2.0,3.3,3.25,1.95,3.8,3.5,2.0,3.56,3.31,1.98,3.75,3.6,2.1,2.03,1.78,2.03,1.83,1.96,1.76,2.06,1.89,0.5,1.75,2.05,1.8,2.05,1.76,1.96,1.84,2.1,3.1,3.0,2.3,3.0,3.2,2.25,3.0,3.13,2.4,3.0,3.1,2.35,2.88,3.2,2.2,2.88,3.1,2.2,3.3,3.3,2.4,3.01,3.13,2.28,3.15,3.45,2.42,2.25,1.62,2.25,1.73,2.13,1.65,2.34,1.73,0.25,1.83,1.98,1.85,2.0,1.77,1.97,1.89,2.09,2627,france,Division 2
F2,14/08/2026,19:45,Guingamp,Boulogne,1,0,H,0,0,D,,1.04,0.63,14,12,3,2,14,16,3,4,1,2,0,0,1.75,3.5,4.75,1.73,3.5,4.33,1.75,3.6,4.6,1.77,3.5,4.5,1.73,3.5,4.33,1.7,3.4,4.2,1.78,3.6,4.75,1.74,3.49,4.45,1.82,3.65,5.0,2.08,1.73,2.08,1.8,2.0,1.73,2.18,1.8,-0.5,1.75,2.05,1.75,2.05,1.72,2.01,1.82,2.16,1.8,3.3,4.75,1.83,3.3,4.2,1.75,3.4,4.75,1.83,3.4,4.4,1.73,3.25,4.5,1.73,3.1,4.33,1.85,3.4,4.75,1.79,3.31,4.47,1.86,3.55,5.2,2.2,1.65,2.2,1.73,2.11,1.66,2.3,1.74,-0.5,1.78,2.03,1.83,2.03,1.77,1.95,1.86,2.13,2627,france,Division 2
F2,14/08/2026,19:45,Laval,Nantes,2,1,H,1,1,D,,1.39,1.07,9,16,5,3,15,11,2,7,1,0,0,0,3.7,3.3,1.9,3.6,3.3,1.95,3.8,3.4,1.95,3.75,3.3,1.98,3.6,3.3,1.95,3.5,3.25,1.91,3.8,3.4,1.98,3.73,3.32,1.95,4.0,3.45,2.06,2.0,1.8,2.05,1.8,2.01,1.73,2.16,1.82,0.5,1.85,1.95,1.85,1.95,1.8,1.91,1.89,2.06,3.5,3.3,1.95,3.4,3.4,2.0,3.6,3.4,2.0,3.6,3.3,2.0,3.6,3.1,1.95,3.5,3.1,1.95,3.7,3.4,2.05,3.53,3.29,1.99,3.95,3.5,2.12,2.03,1.78,2.05,1.83,1.98,1.76,2.1,1.88,0.5,1.8,2.0,1.8,2.0,1.76,1.95,1.86,2.12,2627,france,Division 2
F2,14/08/2026,19:45,Nancy,Montpellier,0,1,A,0,0,D,,0.96,1.63,16,13,5,4,18,27,6,6,2,5,0,0,2.75,3.25,2.55,2.6,3.25,2.5,2.7,3.3,2.5,2.7,3.3,2.5,2.63,3.3,2.5,2.5,3.1,2.45,2.75,3.4,2.6,2.64,3.28,2.52,2.86,3.45,2.66,2.05,1.75,2.05,1.83,1.94,1.79,2.12,1.86,0.0,1.95,1.85,1.95,1.85,1.91,1.82,2.04,1.89,2.7,3.25,2.63,2.6,3.25,2.5,2.63,3.25,2.63,2.65,3.25,2.55,2.6,3.0,2.63,2.5,2.9,2.6,2.7,3.3,2.63,2.63,3.18,2.56,2.8,3.3,2.84,2.08,1.73,2.08,1.8,2.01,1.73,2.18,1.84,0.0,1.9,1.9,1.91,1.9,1.87,1.85,1.96,1.99,2627,france,Division 2
F2,14/08/2026,19:45,Red Star,Sochaux,0,0,D,0,0,D,,2.02,0.41,20,6,5,2,7,11,12,1,2,0,0,0,1.9,3.4,3.7,1.83,3.4,4.0,1.9,3.4,4.0,1.9,3.3,4.1,1.85,3.4,4.0,1.8,3.25,3.8,1.91,3.45,4.1,1.87,3.34,3.94,1.97,3.5,4.5,2.0,1.8,2.05,1.83,1.98,1.75,2.12,1.86,-0.5,1.9,1.9,1.9,1.91,1.85,1.86,1.97,2.0,1.9,3.4,3.7,1.91,3.4,3.75,1.93,3.4,3.9,1.95,3.25,3.9,1.87,3.2,3.8,1.85,3.1,3.75,1.95,3.45,4.0,1.91,3.3,3.81,2.02,3.5,4.3,2.03,1.78,2.03,1.8,1.97,1.75,2.1,1.87,-0.5,1.93,1.88,1.93,1.9,1.88,1.83,2.02,1.94,2627,france,Division 2
F2,14/08/2026,19:45,Reims,Dunkerque,3,3,D,1,1,D,,1.07,2.19,9,15,4,9,15,11,2,9,2,4,1,0,1.8,3.6,4.33,1.73,3.6,4.2,1.75,3.7,4.33,1.75,3.6,4.33,1.73,3.6,4.2,1.7,3.5,4.0,1.8,3.7,4.4,1.75,3.6,4.25,1.85,3.9,4.6,1.85,1.95,1.85,2.0,1.8,1.92,1.9,2.04,-0.5,1.78,2.03,1.78,2.05,1.74,2.0,1.85,2.11,1.73,3.7,4.75,1.7,3.75,4.33,1.7,3.7,4.6,1.77,3.7,4.33,1.67,3.75,4.33,1.67,3.6,4.2,1.77,3.75,4.75,1.71,3.66,4.4,1.81,3.95,4.9,1.83,1.98,1.83,2.0,1.79,1.93,1.9,2.08,-0.75,1.95,1.85,1.95,1.85,1.9,1.83,2.04,1.93,2627,france,Division 2
F2,14/08/2026,19:45,St Etienne,Clermont,3,1,H,1,0,H,,2.67,0.7,22,6,4,2,15,15,7,6,1,1,0,0,1.45,4.2,7.0,1.44,4.2,6.0,1.45,4.4,6.5,1.49,4.33,6.0,1.4,4.33,6.0,1.4,4.2,5.5,1.49,4.5,7.0,1.45,4.29,6.18,1.51,4.7,7.2,1.73,2.08,1.73,2.2,1.68,2.09,1.8,2.18,-1.0,1.8,2.0,1.8,2.0,1.77,1.97,1.82,2.11,1.44,4.33,7.0,1.4,4.2,7.0,1.4,4.5,7.5,1.42,4.5,7.0,1.36,4.4,7.0,1.36,4.2,6.5,1.44,4.6,7.6,1.4,4.37,7.01,1.46,4.8,8.4,1.75,2.05,1.75,2.1,1.7,2.04,1.84,2.14,-1.25,2.0,1.8,2.0,1.8,1.94,1.78,2.06,1.88,2627,france,Division 2
F2,21/08/2026,19:00,Boulogne,Red Star,1,1,D,0,1,A,,1.53,1.29,17,6,9,3,15,18,3,3,4,4,0,0,3.25,3.25,2.0,3.2,3.25,2.15,3.4,3.3,2.1,3.4,3.25,2.1,3.2,3.3,2.1,3.1,3.1,2.1,3.5,3.3,2.2,3.32,3.24,2.11,3.9,3.35,2.2,2.05,1.75,2.1,1.75,2.03,1.71,2.22,1.8,0.5,1.73,2.08,1.73,2.1,1.68,2.06,1.8,2.2,3.4,3.2,1.95,3.6,3.2,2.0,3.7,3.13,2.05,3.7,3.1,2.05,3.6,3.0,2.0,3.5,2.9,2.0,3.75,3.3,2.05,3.62,3.13,2.02,4.0,3.3,2.2,2.35,1.57,2.35,1.62,2.25,1.58,2.44,1.68,0.25,2.05,1.75,2.05,1.75,2.0,1.73,2.12,1.87,2627,france,Division 2
F2,21/08/2026,19:00,Clermont,Dijon,1,1,D,0,0,D,,0.51,1.03,8,18,2,6,7,19,2,7,0,2,0,0,2.55,3.0,2.55,2.6,3.25,2.5,2.63,3.25,2.63,2.6,3.2,2.6,2.5,3.1,2.63,2.45,3.0,2.6,2.65,3.3,2.7,2.59,3.18,2.6,2.76,3.4,2.84,2.1,1.7,2.1,1.73,2.05,1.7,2.22,1.79,0.0,1.9,1.9,1.9,1.9,1.85,1.86,1.95,2.02,2.75,3.0,2.38,2.75,3.1,2.5,2.8,3.2,2.5,2.75,3.2,2.5,2.8,3.0,2.4,2.75,3.0,2.38,3.0,3.2,2.55,2.81,3.07,2.48,3.1,3.4,2.6,2.1,1.7,2.1,1.73,2.07,1.69,2.26,1.76,0.25,1.73,2.08,1.75,2.1,1.7,2.06,1.81,2.21,2627,france,Division 2
F2,21/08/2026,19:00,Dunkerque,Montpellier,0,1,A,0,0,D,,0.65,1.13,12,11,3,5,17,19,5,7,3,2,0,0,2.25,3.25,2.8,2.25,3.5,2.75,2.5,3.3,2.63,2.35,3.4,2.8,2.25,3.5,2.75,2.2,3.4,2.7,2.5,3.5,2.9,2.32,3.37,2.79,2.44,3.6,3.05,1.73,2.08,1.85,2.08,1.75,1.98,1.85,2.12,-0.25,2.03,1.78,2.13,1.8,2.05,1.71,2.1,1.87,2.15,3.4,2.88,2.2,3.5,2.88,2.5,3.3,2.63,2.3,3.4,2.85,2.1,3.4,3.0,2.1,3.3,2.9,2.5,3.6,3.1,2.24,3.43,2.87,2.3,3.8,3.3,1.67,2.15,1.85,2.2,1.7,2.06,1.8,2.22,-0.25,1.93,1.88,2.13,1.88,2.01,1.75,1.99,1.98,2627,france,Division 2
F2,21/08/2026,19:00,Pau FC,Nancy,0,1,A,0,0,D,,0.69,1.21,15,8,1,3,16,18,5,4,3,2,0,0,2.35,3.0,2.88,2.3,3.25,2.88,2.38,3.3,2.9,2.4,3.2,2.87,2.25,3.3,2.88,2.2,3.1,2.8,2.4,3.3,3.0,2.33,3.2,2.92,2.52,3.3,3.15,2.08,1.73,2.08,1.8,2.0,1.74,2.16,1.82,-0.25,2.05,1.75,2.05,1.77,2.0,1.74,2.14,1.82,2.55,3.0,2.63,2.4,3.2,2.75,2.55,3.25,2.7,2.55,3.1,2.7,2.45,3.1,2.7,2.45,3.0,2.7,2.6,3.25,2.75,2.51,3.14,2.71,2.7,3.35,2.96,2.05,1.75,2.1,1.75,2.02,1.72,2.18,1.82,0.0,1.85,1.95,1.85,1.95,1.81,1.92,1.9,2.08,2627,france,Division 2
F2,21/08/2026,19:00,Sochaux,Guingamp,1,0,H,1,0,H,,1.69,2.62,8,18,3,6,21,11,2,8,1,5,0,0,2.6,3.2,2.45,2.75,3.25,2.38,2.75,3.3,2.45,2.8,3.3,2.4,2.8,3.3,2.3,2.7,3.1,2.3,2.8,3.3,2.5,2.76,3.23,2.41,2.98,3.3,2.62,1.98,1.83,2.0,1.83,1.96,1.77,2.06,1.87,0.0,2.0,1.8,2.0,1.8,1.97,1.76,2.1,1.84,2.55,3.1,2.5,2.6,3.25,2.5,2.7,3.25,2.55,2.7,3.25,2.5,2.63,3.1,2.5,2.6,3.0,2.45,2.7,3.25,2.63,2.65,3.18,2.53,2.9,3.4,2.7,2.05,1.75,2.05,1.8,1.99,1.75,2.12,1.85,0.0,1.95,1.85,1.95,1.85,1.89,1.83,2.05,1.91,2627,france,Division 2
F2,22/08/2026,13:00,Metz,Laval,1,1,D,0,0,D,,0.95,1.55,17,11,7,3,14,16,4,7,2,3,1,0,1.8,3.25,4.0,1.8,3.4,4.2,1.8,3.5,4.2,1.82,3.5,4.2,1.75,3.5,4.0,1.75,3.4,3.9,1.85,3.6,4.2,1.8,3.43,4.14,1.8,3.4,4.3,2.08,1.73,2.08,1.83,1.96,1.76,1.85,1.72,-0.5,1.85,1.95,1.85,2.0,1.79,1.93,1.8,2.02,1.7,3.3,4.5,1.73,3.5,4.33,1.75,3.6,4.6,1.77,3.6,4.4,1.73,3.3,4.4,1.73,3.25,4.2,1.83,3.6,4.6,1.76,3.47,4.4,1.86,3.7,5.0,2.0,1.8,2.0,1.8,1.97,1.77,2.1,1.89,-0.5,1.75,2.05,1.8,2.05,1.73,1.98,1.86,2.13,2627,france,Division 2
F2,22/08/2026,13:00,Nantes,Rodez,2,5,A,2,1,H,,1.8,1.16,14,16,6,5,14,18,4,6,2,3,0,0,1.67,3.5,4.2,1.7,3.75,4.33,1.7,3.7,4.4,1.72,3.8,4.33,1.67,3.8,4.33,1.67,3.6,4.2,1.73,3.8,4.5,1.7,3.71,4.33,,,,1.83,1.98,1.83,1.98,1.79,1.93,,,-0.75,1.95,1.85,1.95,1.85,1.91,1.81,,,1.75,3.5,3.8,1.8,3.6,4.0,1.75,3.75,4.33,1.83,3.6,4.0,1.75,3.6,3.8,1.75,3.5,3.75,1.85,3.8,4.33,1.79,3.63,3.96,1.88,3.9,4.4,1.75,2.05,1.8,2.05,1.76,1.97,1.85,2.12,-0.5,1.78,2.03,1.83,2.03,1.76,1.96,1.88,2.08,2627,france,Division 2
F2,22/08/2026,19:00,St Etienne,Grenoble,4,0,H,3,0,H,,2.18,0.05,18,2,10,0,14,19,6,2,1,3,0,0,1.4,4.1,6.5,1.36,4.5,7.0,1.4,4.4,7.0,1.42,4.6,6.75,1.33,4.5,7.0,1.36,4.33,6.25,1.45,4.75,7.4,1.39,4.48,6.82,1.35,4.5,6.8,1.73,2.08,1.73,2.2,1.65,2.13,1.68,1.93,-1.25,1.98,1.83,1.98,1.9,1.9,1.83,1.78,1.88,1.29,4.75,8.5,1.33,4.5,8.5,1.33,4.8,9.0,1.35,4.8,8.25,1.25,4.5,9.0,1.29,4.5,8.0,1.38,5.0,10.0,1.32,4.74,8.67,1.36,5.4,11.0,1.73,2.08,1.75,2.1,1.72,2.02,1.84,2.14,-1.5,1.98,1.83,1.98,1.83,1.96,1.76,2.09,1.87,2627,france,Division 2
F2,24/08/2026,19:45,Reims,Annecy,3,1,H,0,1,A,,2.77,0.9,20,8,10,2,5,13,4,3,0,0,0,0,1.75,3.5,4.0,1.8,3.5,4.2,1.8,3.5,4.2,1.8,3.6,4.2,1.73,3.6,4.2,1.67,3.3,3.9,1.8,4.0,4.2,1.77,3.59,4.09,1.31,1.45,1.11,1.93,1.88,1.93,1.88,1.87,1.84,,,-0.5,1.8,2.0,1.8,2.0,1.75,1.97,,,1.85,3.25,3.75,1.83,3.4,4.0,1.9,3.4,4.0,1.9,3.4,4.0,1.85,3.3,3.8,1.83,3.2,3.75,1.91,3.4,4.2,1.87,3.35,3.94,2.02,3.65,4.3,2.08,1.73,2.08,1.8,2.0,1.74,2.16,1.84,-0.5,1.9,1.9,1.9,1.9,1.84,1.86,2.02,1.95,2627,france,Division 2
F2,28/08/2026,19:00,Clermont,Sochaux,0,0,D,0,0,D,,0.41,0.38,6,5,2,1,15,15,8,3,1,1,0,0,2.4,3.0,2.63,2.5,3.2,2.6,2.55,3.2,2.75,2.6,3.1,2.7,2.5,3.0,2.8,2.45,2.9,2.75,2.65,3.2,2.8,2.54,3.1,2.71,2.68,3.25,3.05,2.1,1.7,2.15,1.7,2.1,1.67,2.24,1.75,0.0,1.8,2.0,1.85,2.0,1.79,1.93,1.86,2.12,2.5,2.9,2.6,2.5,3.1,2.75,2.55,3.13,2.8,2.65,3.1,2.7,2.5,2.8,2.8,2.5,2.75,2.75,2.65,3.13,2.8,2.56,2.99,2.74,2.8,3.1,3.05,2.25,1.62,2.25,1.67,2.19,1.61,2.42,1.68,0.0,1.83,1.98,1.83,1.98,1.8,1.93,1.9,2.1,2627,france,Division 2
F2,28/08/2026,19:00,Laval,Grenoble,0,3,A,0,2,A,,0.92,0.58,15,7,4,5,12,15,8,0,1,4,0,0,2.0,3.0,3.5,2.05,3.2,3.5,2.05,3.3,3.6,2.05,3.2,3.6,2.0,3.2,3.5,2.0,3.1,3.4,2.1,3.3,3.8,2.05,3.15,3.59,2.12,3.3,4.2,2.08,1.73,2.1,1.73,2.04,1.7,2.18,1.81,-0.5,2.08,1.73,2.08,1.73,2.03,1.71,2.12,1.86,2.0,3.0,3.5,2.05,3.2,3.5,2.05,3.3,3.6,2.05,3.2,3.6,1.95,3.0,3.7,1.95,2.9,3.6,2.1,3.3,3.75,2.04,3.11,3.58,2.14,3.3,4.2,2.1,1.7,2.15,1.73,2.07,1.69,2.22,1.78,-0.5,2.0,1.8,2.08,1.8,2.01,1.71,2.14,1.86,2627,france,Division 2
F2,28/08/2026,19:00,Montpellier,Boulogne,0,0,D,0,0,D,,2.05,0.89,12,13,6,8,14,20,7,1,2,3,0,1,1.6,3.3,5.0,1.67,3.6,4.6,1.67,3.7,5.0,1.68,3.7,4.8,1.62,3.6,4.75,1.62,3.5,4.6,1.7,3.8,5.25,1.66,3.59,4.88,1.73,3.85,5.6,2.05,1.75,2.05,1.8,1.99,1.75,2.08,1.87,-0.75,1.93,1.88,1.93,1.88,1.88,1.85,1.96,1.99,1.7,3.1,4.75,1.73,3.4,4.5,1.75,3.5,4.75,1.82,3.3,4.5,1.73,3.25,4.75,1.73,3.1,4.5,1.82,3.5,5.0,1.75,3.32,4.63,1.86,3.5,5.3,2.2,1.65,2.2,1.67,2.16,1.63,2.3,1.74,-0.5,1.75,2.05,1.77,2.05,1.72,2.0,1.86,2.14,2627,france,Division 2
F2,28/08/2026,19:00,Nancy,Dunkerque,2,0,H,1,0,H,,2.75,0.48,18,8,4,2,15,14,1,3,0,2,0,1,2.38,3.1,2.63,2.4,3.3,2.75,2.45,3.4,2.7,2.45,3.3,2.7,2.4,3.3,2.63,2.38,3.25,2.6,2.55,3.4,2.75,2.43,3.31,2.69,2.56,3.55,2.9,1.85,1.95,1.85,1.95,1.81,1.9,1.87,2.08,0.0,1.8,2.0,1.8,2.0,1.78,1.96,1.85,2.1,2.15,3.1,3.0,2.3,3.4,2.75,2.3,3.4,2.9,2.35,3.3,2.87,2.25,3.3,2.8,2.25,3.2,2.75,2.38,3.4,3.0,2.3,3.3,2.85,2.48,3.6,3.05,1.9,1.9,1.9,1.95,1.83,1.88,2.0,1.99,-0.25,1.95,1.85,2.0,1.85,1.96,1.77,2.12,1.87,2627,france,Division 2
F2,28/08/2026,19:00,Rodez,Pau FC,2,2,D,1,2,A,,0.51,2.04,10,14,5,2,21,8,5,3,3,1,0,0,1.62,3.6,4.33,1.67,3.75,4.5,1.65,3.9,4.75,1.68,3.9,4.6,1.62,3.8,4.5,1.62,3.75,4.33,1.7,4.2,4.75,1.65,3.88,4.51,1.72,4.2,4.9,1.67,2.15,1.67,2.2,1.65,2.13,1.74,2.28,-0.75,1.85,1.95,1.85,1.95,1.81,1.91,1.94,2.0,1.75,3.4,3.9,1.73,3.6,4.2,1.8,3.7,4.1,1.8,3.7,4.0,1.73,3.6,4.0,1.73,3.5,3.9,1.8,3.8,4.2,1.77,3.64,4.0,1.87,4.0,4.5,1.8,2.0,1.8,2.05,1.75,1.98,1.85,2.12,-0.5,1.8,2.0,1.8,2.0,1.76,1.96,1.87,2.12,2627,france,Division 2
F2,29/08/2026,13:00,Annecy,Metz,1,1,D,1,1,D,,1.44,0.74,15,14,6,1,18,8,7,6,2,2,0,0,2.5,3.0,2.6,2.5,3.25,2.6,2.5,3.2,2.7,2.5,3.25,2.7,2.5,3.3,2.6,2.45,3.1,2.5,2.63,3.3,2.75,2.51,3.2,2.64,2.64,3.25,2.78,2.08,1.73,2.1,1.73,2.04,1.71,2.08,1.76,0.0,1.83,1.98,1.85,1.98,1.81,1.91,1.88,1.97,2.75,2.9,2.4,2.8,3.2,2.38,2.8,3.2,2.5,2.5,3.25,2.7,2.8,3.0,2.4,2.75,3.0,2.38,2.88,3.25,2.7,2.77,3.1,2.49,3.05,3.35,2.6,2.15,1.67,2.2,1.7,2.12,1.66,2.34,1.73,0.0,2.1,1.7,2.1,1.8,1.99,1.75,2.13,1.84,2627,france,Division 2
F2,29/08/2026,13:00,Red Star,Reims,1,4,A,1,2,A,,1.57,1.94,12,10,5,8,12,15,7,2,2,4,0,0,2.6,3.0,2.5,2.63,3.25,2.5,2.63,3.2,2.55,2.65,3.2,2.6,2.63,3.3,2.5,2.5,3.1,2.45,2.7,3.3,2.65,2.64,3.17,2.54,2.8,3.2,2.62,2.05,1.75,2.05,1.8,2.0,1.74,2.06,1.77,0.0,1.95,1.85,1.95,1.85,1.9,1.83,1.95,1.86,2.75,3.1,2.35,2.8,3.3,2.3,2.88,3.3,2.4,2.85,3.3,2.35,2.75,3.3,2.3,2.7,3.25,2.25,2.95,3.4,2.4,2.83,3.26,2.34,3.1,3.45,2.5,1.9,1.9,1.98,1.9,1.91,1.82,2.0,1.96,0.25,1.78,2.03,1.78,2.05,1.73,2.02,1.83,2.15,2627,france,Division 2
F2,29/08/2026,19:00,Guingamp,Nantes,3,3,D,2,1,H,,1.48,1.8,14,20,7,6,11,22,1,5,1,1,0,0,3.0,3.1,2.2,2.88,3.4,2.25,2.9,3.4,2.25,2.9,3.4,2.3,2.8,3.4,2.25,2.75,3.25,2.2,3.0,3.4,2.35,2.9,3.35,2.26,2.96,3.45,2.4,1.88,1.93,1.88,1.93,1.83,1.89,1.92,1.91,0.25,1.83,1.98,1.83,2.0,1.78,1.95,1.81,2.07,2.75,3.0,2.4,2.75,3.3,2.38,2.8,3.3,2.45,2.85,3.3,2.37,2.8,3.1,2.38,2.75,3.0,2.38,2.85,3.3,2.5,2.77,3.2,2.42,3.05,3.4,2.58,1.98,1.83,1.98,1.85,1.92,1.8,2.08,1.88,0.0,2.05,1.75,2.05,1.77,2.0,1.74,2.15,1.83,2627,france,Division 2
F2,31/08/2026,19:45,Dijon,St Etienne,2,3,A,1,1,D,,2.04,2.86,13,17,7,12,13,14,3,3,1,1,0,0,3.9,3.2,1.8,3.75,3.5,1.83,4.0,3.5,1.83,4.2,3.4,1.85,4.0,3.5,1.8,3.6,3.25,1.75,4.2,3.6,1.9,3.94,3.43,1.82,4.5,3.1,1.85,2.0,1.8,2.0,1.83,1.93,1.79,,,0.5,1.95,1.85,1.95,1.85,1.9,1.81,,,5.0,3.4,1.57,4.6,3.6,1.67,5.25,3.7,1.65,5.0,3.6,1.66,4.75,3.5,1.65,4.5,3.4,1.62,5.25,3.75,1.7,4.84,3.6,1.66,5.7,3.95,1.74,2.05,1.75,2.05,1.85,1.93,1.79,2.08,1.9,0.75,1.98,1.83,1.98,1.88,1.91,1.83,2.02,1.95,2627,france,Division 2
D1,28/08/2026,19:30,Bayern Munich,Stuttgart,5,1,H,1,0,H,,4.06,0.78,21,11,9,4,10,17,9,3,1,3,0,0,1.22,7.0,10.0,1.2,7.5,11.0,1.18,7.5,11.0,1.25,7.25,8.75,1.18,7.5,11.0,1.18,8.0,11.0,1.25,8.0,12.0,1.2,7.38,10.37,1.25,8.2,12.0,1.2,4.5,1.2,5.5,1.17,4.78,1.2,5.6,-2.0,1.83,2.03,1.83,2.03,1.79,1.96,1.9,2.07,1.22,7.5,10.0,1.2,7.5,11.0,1.2,7.5,10.5,1.25,7.25,8.75,1.18,7.0,10.0,1.2,7.5,10.0,1.25,7.5,11.0,1.21,7.37,9.88,1.25,8.2,12.5,1.17,5.0,1.18,5.75,1.15,5.03,1.2,5.7,-2.0,1.83,2.03,1.83,2.03,1.77,1.98,1.9,2.1,2627,germany,Bundesliga 1
D1,29/08/2026,14:30,Elversberg,Leverkusen,3,2,H,2,0,H,,1.27,1.88,11,21,6,4,18,15,4,3,3,2,0,0,5.0,4.5,1.57,5.0,4.5,1.57,4.8,4.2,1.53,5.25,4.5,1.57,5.0,4.4,1.57,5.0,4.33,1.57,5.25,4.6,1.6,4.9,4.41,1.57,5.4,4.8,1.63,1.5,2.63,1.5,2.75,1.45,2.65,1.52,2.82,1.0,1.9,1.95,1.9,1.95,1.83,1.9,1.95,2.0,5.25,4.33,1.57,5.0,4.5,1.57,5.0,4.4,1.57,4.8,4.4,1.6,5.0,4.2,1.57,5.0,4.33,1.57,5.3,4.5,1.6,5.02,4.35,1.58,5.7,4.5,1.64,1.5,2.63,1.5,2.75,1.46,2.64,1.54,2.78,1.0,1.9,1.95,1.9,1.95,1.84,1.9,1.94,2.02,2627,germany,Bundesliga 1
D1,29/08/2026,14:30,FC Koln,Hoffenheim,3,2,H,0,1,A,,1.95,1.88,18,15,6,4,11,14,6,7,0,2,0,0,2.88,3.75,2.25,2.8,3.75,2.3,2.75,3.6,2.2,2.8,3.7,2.3,2.88,3.8,2.2,2.8,3.75,2.2,2.92,3.8,2.3,2.83,3.69,2.25,3.1,3.9,2.36,1.53,2.5,1.67,2.55,1.53,2.41,1.6,2.6,0.25,1.85,2.0,1.85,2.0,1.8,1.94,1.93,2.05,3.1,3.75,2.15,,,,,,,3.0,3.6,2.2,3.2,3.5,2.1,3.2,3.7,2.1,3.2,3.75,2.2,3.08,3.67,2.14,3.35,3.8,2.24,1.57,2.38,1.6,2.5,1.55,2.4,1.64,2.54,0.25,1.95,1.9,1.95,1.9,1.88,1.86,2.03,1.94,2627,germany,Bundesliga 1
D1,29/08/2026,14:30,Mainz,Paderborn,0,0,D,0,0,D,,1.23,0.73,21,10,4,0,8,10,11,2,1,2,0,0,1.65,4.0,5.0,1.67,4.2,4.6,1.6,3.8,4.6,1.68,4.0,4.6,1.67,4.0,4.75,1.67,3.9,4.75,1.69,4.2,5.0,1.66,3.98,4.71,1.72,4.3,5.2,1.67,2.2,1.67,2.3,1.62,2.22,1.71,2.36,-0.75,1.83,2.03,1.84,2.03,1.8,1.95,1.9,2.07,1.5,4.5,6.0,1.5,4.6,6.0,1.5,4.6,5.5,1.52,4.6,5.5,1.5,4.2,5.5,1.5,4.5,5.5,1.52,4.6,6.25,1.51,4.49,5.65,1.6,4.6,6.2,1.44,2.75,1.48,2.9,1.45,2.66,1.53,2.86,-1.0,1.83,2.03,1.83,2.03,1.79,1.96,1.92,2.05,2627,germany,Bundesliga 1
D1,29/08/2026,14:30,RB Leipzig,M'gladbach,3,0,H,1,0,H,,3.96,1.09,25,15,11,4,10,13,7,6,1,0,0,0,1.57,4.5,5.25,1.53,4.5,5.5,1.5,4.33,5.0,1.57,4.5,5.0,1.5,4.5,5.5,1.5,4.5,5.25,1.57,4.6,5.5,1.54,4.45,5.19,1.61,4.7,5.8,1.5,2.63,1.5,2.75,1.45,2.64,1.53,2.8,-1.0,1.93,1.93,1.93,1.93,1.86,1.88,1.96,1.98,1.55,4.5,5.25,,,,,,,1.57,4.6,5.0,1.53,4.2,5.0,1.53,4.5,5.0,1.57,4.6,5.25,1.54,4.48,5.08,1.63,4.6,5.7,1.44,2.75,1.48,2.9,1.43,2.74,1.5,2.96,-1.0,1.88,1.98,1.88,1.98,1.84,1.91,1.98,2.0,2627,germany,Bundesliga 1
D1,29/08/2026,14:30,Union Berlin,Ein Frankfurt,3,3,D,1,2,A,,1.84,1.46,19,12,10,3,11,10,5,2,2,4,0,0,2.6,3.6,2.6,2.6,3.75,2.5,2.45,3.5,2.45,2.55,3.6,2.55,2.6,3.5,2.5,2.6,3.5,2.5,2.6,3.75,2.6,2.55,3.57,2.52,2.72,3.7,2.7,1.62,2.3,1.62,2.3,1.6,2.26,1.66,2.42,0.0,1.93,1.93,1.93,1.93,1.87,1.86,2.0,1.97,2.7,3.7,2.45,2.6,3.75,2.5,2.55,3.75,2.45,2.6,3.6,2.55,2.63,3.5,2.45,2.63,3.6,2.5,2.7,3.75,2.58,2.61,3.65,2.48,2.78,3.75,2.64,1.57,2.38,1.6,2.5,1.54,2.41,1.6,2.62,0.0,2.0,1.85,2.0,1.85,1.91,1.83,2.03,1.95,2627,germany,Bundesliga 1
D1,29/08/2026,17:30,Dortmund,Hamburg,2,0,H,2,0,H,,1.41,0.8,20,8,6,3,13,19,3,1,2,1,1,0,1.3,5.75,9.0,1.3,5.5,9.0,1.29,5.0,8.5,1.34,5.25,8.25,1.29,5.5,9.0,1.29,5.5,8.5,1.34,5.75,9.8,1.31,5.4,8.58,1.35,6.0,10.0,1.5,2.63,1.5,2.65,1.47,2.6,1.53,2.78,-1.5,1.88,1.98,1.88,1.98,1.84,1.89,1.93,2.02,1.33,5.25,8.0,1.33,5.5,8.0,1.3,5.5,9.0,1.34,5.75,7.75,1.3,5.0,8.5,1.3,5.5,8.5,1.37,5.75,9.0,1.32,5.49,7.99,1.38,5.7,9.6,1.44,2.75,1.45,3.0,1.42,2.76,1.47,3.05,-1.5,1.93,1.93,1.93,1.93,1.86,1.89,1.97,2.01,2627,germany,Bundesliga 1
D1,30/08/2026,14:30,Freiburg,Werder Bremen,4,1,H,2,0,H,,1.94,0.48,19,9,5,3,13,16,6,5,1,1,0,0,1.91,3.6,4.0,2.0,3.75,3.5,1.87,3.5,3.6,1.98,3.7,3.6,1.95,3.6,3.5,2.0,3.6,3.5,2.0,3.75,4.0,1.94,3.59,3.66,2.02,3.7,4.0,1.73,2.1,1.77,2.1,1.73,2.03,1.82,2.16,-0.5,1.93,1.93,1.93,1.93,1.89,1.83,2.02,1.96,1.8,3.75,4.2,1.8,4.0,4.2,1.75,3.9,4.1,1.78,3.8,4.2,1.75,3.7,4.4,1.75,3.8,4.4,1.8,4.0,4.75,1.77,3.8,4.28,1.86,3.9,4.8,1.67,2.2,1.67,2.3,1.64,2.2,1.72,2.34,-0.5,1.83,2.03,1.83,2.1,1.74,2.03,,,2627,germany,Bundesliga 1
D1,30/08/2026,16:30,Augsburg,Schalke 04,3,0,H,1,0,H,,3.52,1.54,24,11,13,5,5,6,11,3,1,0,0,1,2.15,3.7,3.1,2.15,3.75,3.1,2.1,3.4,3.0,2.15,3.6,3.2,2.1,3.7,3.0,2.1,3.6,3.1,2.2,3.75,3.25,2.13,3.59,3.09,2.24,3.85,3.35,1.73,2.1,1.73,2.2,1.66,2.13,1.74,2.28,-0.25,1.88,1.98,1.88,1.98,1.83,1.91,1.94,2.03,2.3,3.5,2.9,2.25,3.6,3.0,2.3,3.4,3.0,2.25,3.6,2.95,2.25,3.3,3.0,2.25,3.5,3.0,2.3,3.6,3.0,2.27,3.5,2.97,2.38,3.6,3.25,1.73,2.1,1.73,2.2,1.67,2.14,1.74,2.32,-0.25,2.0,1.85,2.0,1.85,1.94,1.8,2.05,1.94,2627,germany,Bundesliga 1
D2,07/08/2026,19:30,Bochum,Hertha,0,1,A,0,1,A,,1.16,0.74,13,11,3,2,18,13,5,2,2,5,0,0,2.25,3.5,3.0,2.25,3.5,2.75,2.25,3.5,2.9,2.3,3.6,2.9,2.2,3.4,2.9,2.15,3.25,2.88,2.3,3.6,3.0,2.22,3.45,2.88,2.38,3.7,3.2,1.7,2.1,1.7,2.25,1.65,2.12,1.79,2.24,-0.25,1.98,1.83,1.98,1.83,1.91,1.81,2.05,1.93,2.25,3.5,3.1,2.2,3.5,2.88,2.2,3.5,3.0,2.25,3.5,2.95,2.2,3.25,2.9,2.15,3.2,2.9,2.25,3.5,3.1,2.21,3.42,2.94,2.36,3.6,3.3,1.73,2.08,1.73,2.2,1.66,2.11,1.78,2.26,-0.25,1.95,1.85,1.95,1.85,1.89,1.83,2.03,1.96,2627,germany,Bundesliga 2
D2,08/08/2026,12:00,Darmstadt,Holstein Kiel,2,2,D,0,2,A,,0.74,1.41,14,11,3,6,15,16,8,4,2,3,0,0,2.2,3.5,3.1,2.15,3.5,3.0,2.15,3.6,2.9,2.2,3.7,3.0,2.1,3.5,2.9,2.1,3.4,2.88,2.25,3.7,3.1,2.16,3.49,2.94,2.32,3.7,3.1,1.65,2.2,1.65,2.25,1.59,2.22,1.71,2.26,-0.25,1.93,1.88,1.93,1.9,1.88,1.85,2.02,1.9,2.3,3.5,2.9,2.2,3.5,2.88,2.25,3.6,2.8,2.25,3.6,2.95,2.2,3.4,2.8,2.2,3.3,2.75,2.3,3.6,3.14,2.21,3.47,2.87,2.4,3.75,3.1,1.62,2.25,1.65,2.38,1.6,2.21,1.71,2.38,-0.25,2.0,1.8,2.0,1.8,1.94,1.78,2.08,1.91,2627,germany,Bundesliga 2
D2,08/08/2026,12:00,Heidenheim,Osnabruck,4,3,H,3,2,H,,2.4,2.09,20,26,6,6,6,6,4,6,1,2,0,0,1.62,3.9,5.0,1.57,4.0,5.0,1.6,3.9,4.8,1.63,4.2,4.8,1.53,4.0,5.0,1.53,3.9,4.75,1.65,4.2,5.5,1.59,3.94,4.9,1.67,4.2,5.5,1.67,2.15,1.67,2.2,1.63,2.15,1.71,2.26,-1.0,2.05,1.75,2.05,1.8,2.01,1.73,2.14,1.77,1.65,3.9,5.0,1.6,4.0,4.6,1.62,4.0,4.8,1.68,4.0,4.75,1.6,3.8,4.75,1.6,3.75,4.6,1.68,4.2,5.33,1.63,3.87,4.75,1.72,4.2,5.4,1.67,2.15,1.67,2.25,1.63,2.14,1.73,2.32,-0.75,1.83,1.98,1.83,1.98,1.78,1.95,1.92,2.06,2627,germany,Bundesliga 2
D2,08/08/2026,12:00,Karlsruhe,Bielefeld,2,1,H,1,0,H,,1.53,1.17,24,11,7,5,15,12,6,6,2,1,0,0,2.7,3.6,2.45,2.5,3.75,2.38,2.55,3.6,2.38,2.65,3.75,2.4,2.5,3.7,2.3,2.45,3.5,2.3,2.7,3.8,2.45,2.55,3.66,2.36,2.74,3.8,2.5,1.57,2.35,1.57,2.55,1.52,2.39,1.62,2.46,0.0,2.0,1.8,2.0,1.8,1.94,1.79,2.06,1.87,3.0,3.6,2.2,2.6,3.75,2.3,2.88,3.7,2.2,2.8,3.6,2.3,2.8,3.5,2.15,2.75,3.4,2.15,3.0,3.8,2.38,2.75,3.61,2.24,3.05,3.95,2.34,1.57,2.35,1.57,2.5,1.52,2.38,1.63,2.56,0.25,1.85,1.95,1.85,1.95,1.81,1.92,1.93,2.04,2627,germany,Bundesliga 2
D2,08/08/2026,12:00,Magdeburg,Braunschweig,1,6,A,0,4,A,,1.24,3.43,10,24,3,13,14,9,5,5,4,1,1,0,1.75,3.8,4.33,1.73,3.75,4.0,1.73,3.75,4.1,1.77,4.0,4.1,1.73,3.8,4.0,1.7,3.6,3.8,1.77,4.0,4.33,1.73,3.76,4.05,1.77,3.95,4.3,1.67,2.15,1.67,2.25,1.61,2.18,1.68,2.26,-0.75,1.98,1.83,1.98,1.83,1.93,1.8,1.99,1.86,1.75,3.8,4.33,1.73,3.75,4.0,1.75,3.8,4.1,1.78,3.9,4.1,1.7,3.7,4.2,1.7,3.6,4.0,1.78,3.9,4.33,1.74,3.75,4.09,1.84,4.1,4.7,1.65,2.2,1.65,2.25,1.62,2.17,1.73,2.3,-0.75,2.0,1.8,2.0,1.8,1.95,1.77,2.06,1.91,2627,germany,Bundesliga 2
D2,08/08/2026,19:30,Wolfsburg,Kaiserslautern,0,0,D,0,0,D,,1.26,0.88,19,8,5,3,17,10,9,2,0,1,0,0,1.57,4.2,5.0,1.53,4.2,5.0,1.55,4.1,5.0,1.61,4.2,5.0,1.5,4.2,5.0,1.5,4.0,4.75,1.61,4.33,5.0,1.55,4.16,4.85,1.62,4.4,5.0,1.53,2.4,1.53,2.45,1.51,2.39,1.46,2.54,-1.0,1.98,1.83,1.98,1.83,1.93,1.8,2.02,1.86,1.57,4.33,5.0,1.53,4.33,5.0,1.57,4.33,4.8,1.58,4.33,5.0,1.57,4.0,4.5,1.55,3.9,4.5,1.58,4.5,5.0,1.55,4.25,4.77,1.67,4.6,5.4,1.44,2.7,1.45,2.88,1.42,2.67,1.5,2.96,-1.0,1.95,1.85,1.95,1.85,1.9,1.82,2.03,1.9,2627,germany,Bundesliga 2
D2,09/08/2026,12:30,Cottbus,Hannover,3,1,H,1,1,D,,1.41,2.71,12,27,4,10,11,11,2,6,0,2,0,0,3.25,3.5,2.1,3.0,3.75,2.05,3.1,3.6,2.05,3.2,3.7,2.1,3.0,3.7,2.0,2.9,3.5,2.0,3.25,3.8,2.15,3.06,3.6,2.05,3.3,3.9,2.14,1.6,2.3,1.6,2.4,1.53,2.34,1.59,2.44,0.25,1.98,1.83,1.98,1.83,1.93,1.8,2.06,1.87,3.1,3.5,2.15,2.88,3.75,2.1,3.1,3.75,2.05,3.0,3.6,2.2,3.0,3.5,2.1,2.9,3.4,2.05,3.1,3.75,2.2,2.97,3.59,2.11,3.25,3.9,2.26,1.53,2.4,1.55,2.5,1.52,2.37,1.6,2.62,0.25,1.95,1.85,1.95,1.9,1.9,1.83,2.0,1.97,2627,germany,Bundesliga 2
D2,09/08/2026,12:30,Nurnberg,Dresden,3,0,H,2,0,H,,2.15,1.22,16,9,7,1,6,11,5,5,0,2,0,0,2.25,3.3,3.1,2.1,3.6,3.0,2.2,3.5,2.9,2.25,3.6,2.95,2.1,3.6,2.9,2.1,3.5,2.8,2.25,3.6,3.1,2.16,3.49,2.93,2.32,3.6,3.05,1.7,2.1,1.7,2.2,1.64,2.13,1.67,2.16,-0.25,1.95,1.85,1.95,1.85,1.9,1.83,2.01,1.89,2.6,3.2,2.7,2.38,3.4,2.63,2.5,3.4,2.6,2.55,3.4,2.65,2.4,3.25,2.63,2.38,3.2,2.6,2.6,3.4,2.7,2.44,3.32,2.64,2.62,3.6,2.86,1.75,2.05,1.77,2.1,1.73,2.0,1.87,2.12,0.0,1.85,1.95,1.85,2.0,1.8,1.93,1.9,2.09,2627,germany,Bundesliga 2
D2,09/08/2026,12:30,St Pauli,Greuther Furth,1,1,D,0,0,D,,1.96,1.59,18,15,6,7,4,5,9,2,1,0,0,0,1.85,3.8,3.8,1.83,3.75,3.6,1.83,3.7,3.7,1.88,3.75,3.8,1.75,3.8,3.7,1.75,3.6,3.5,1.88,3.8,3.8,1.82,3.71,3.64,1.87,3.9,4.0,1.62,2.25,1.62,2.38,1.59,2.22,1.65,2.32,-0.5,1.83,1.98,1.83,1.98,1.8,1.9,1.87,2.02,1.62,4.0,4.75,1.67,3.75,4.33,1.62,4.0,4.8,1.68,4.1,4.75,1.57,3.8,4.5,1.57,3.8,4.33,1.7,4.1,4.8,1.63,3.91,4.52,1.7,4.4,5.3,1.6,2.3,1.62,2.3,1.58,2.23,1.7,2.4,-0.75,1.8,2.0,1.85,2.0,1.78,1.95,1.88,2.11,2627,germany,Bundesliga 2
D2,14/08/2026,17:30,Braunschweig,Bochum,0,1,A,0,1,A,,1.16,1.23,17,13,3,4,11,13,5,6,2,3,0,0,2.3,3.5,2.9,2.25,3.4,2.88,2.25,3.5,2.88,2.3,3.5,2.95,2.25,3.3,2.88,2.2,3.2,2.8,2.3,3.5,3.0,2.26,3.39,2.92,2.44,3.65,3.1,1.7,2.1,1.73,2.1,1.7,2.05,1.79,2.24,-0.25,2.0,1.8,2.0,1.8,1.95,1.78,2.1,1.87,2.5,3.6,2.55,2.5,3.5,2.5,2.5,3.6,2.55,2.5,3.5,2.65,2.45,3.3,2.6,2.45,3.2,2.5,2.55,3.6,2.65,2.48,3.44,2.57,2.7,3.6,2.82,1.62,2.25,1.67,2.25,1.63,2.16,1.74,2.3,0.0,1.88,1.93,1.88,1.93,1.84,1.88,1.95,2.02,2627,germany,Bundesliga 2
D2,14/08/2026,17:30,Holstein Kiel,St Pauli,2,2,D,0,2,A,,2.09,2.56,19,13,6,6,14,19,5,5,3,3,0,0,2.4,3.4,2.8,2.38,3.4,2.63,2.4,3.5,2.7,2.4,3.4,2.8,2.3,3.3,2.75,2.3,3.2,2.7,2.45,3.6,2.8,2.37,3.38,2.73,2.52,3.65,2.96,1.75,2.05,1.78,2.05,1.73,1.99,1.81,2.18,0.0,1.8,2.0,1.8,2.0,1.76,1.97,1.82,2.16,2.63,3.5,2.55,2.5,3.5,2.5,2.6,3.5,2.45,2.6,3.5,2.55,2.5,3.3,2.45,2.5,3.25,2.45,2.65,3.55,2.55,2.56,3.43,2.49,2.8,3.7,2.68,1.7,2.1,1.7,2.2,1.67,2.08,1.77,2.28,0.0,1.95,1.85,1.95,1.85,1.89,1.82,2.04,1.95,2627,germany,Bundesliga 2
D2,15/08/2026,12:00,Greuther Furth,Nurnberg,2,4,A,2,2,D,,2.75,1.48,14,15,6,9,9,15,5,3,1,4,0,0,3.1,3.5,2.2,2.88,3.5,2.2,2.88,3.5,2.2,2.95,3.6,2.25,2.88,3.5,2.15,2.8,3.4,2.15,3.1,3.6,2.25,2.9,3.5,2.2,3.1,3.7,2.28,1.67,2.15,1.67,2.2,1.64,2.13,1.64,2.24,0.25,1.85,1.95,1.85,1.95,1.81,1.91,1.91,1.99,3.1,3.5,2.2,2.88,3.5,2.2,3.0,3.6,2.15,3.1,3.6,2.2,2.88,3.4,2.1,2.88,3.3,2.1,3.1,3.6,2.25,2.97,3.51,2.16,3.2,3.75,2.34,1.62,2.25,1.67,2.25,1.62,2.18,1.7,2.38,0.25,1.93,1.88,1.93,1.91,1.87,1.86,1.95,2.03,2627,germany,Bundesliga 2
D2,15/08/2026,12:00,Hertha,Heidenheim,4,1,H,3,0,H,,2.05,1.24,19,11,9,3,12,17,5,3,1,2,1,0,2.2,3.5,3.1,2.15,3.6,2.88,2.25,3.5,2.8,2.3,3.6,2.9,2.15,3.6,2.8,2.15,3.5,2.75,2.3,3.6,3.1,2.22,3.51,2.87,2.34,3.8,2.98,1.65,2.2,1.65,2.25,1.62,2.18,1.69,2.3,-0.25,1.98,1.83,1.98,1.85,1.93,1.8,2.04,1.87,2.7,3.5,2.45,2.6,3.6,2.38,2.6,3.7,2.4,2.5,3.75,2.55,2.6,3.4,2.38,2.5,3.3,2.38,2.7,3.75,3.0,2.52,3.56,2.46,2.8,3.8,2.6,1.53,2.4,1.62,2.5,1.52,2.38,1.61,2.58,0.0,1.98,1.83,1.98,2.15,1.87,1.87,2.07,1.91,2627,germany,Bundesliga 2
D2,15/08/2026,12:00,Osnabruck,Magdeburg,0,3,A,0,2,A,,0.97,1.72,11,19,4,6,12,11,3,10,1,1,0,0,2.55,3.5,2.6,2.5,3.6,2.4,2.5,3.6,2.45,2.45,3.7,2.6,2.45,3.7,2.45,2.4,3.5,2.4,2.55,3.75,2.6,2.47,3.58,2.48,2.68,4.0,2.64,1.57,2.35,1.58,2.4,1.53,2.35,1.61,2.48,0.0,1.88,1.93,1.88,1.93,1.85,1.86,2.01,1.98,2.45,3.5,2.7,2.38,3.6,2.6,2.4,3.7,2.6,2.45,3.75,2.6,2.38,3.5,2.5,2.3,3.4,2.5,2.55,3.75,2.7,2.39,3.57,2.57,2.56,3.9,2.8,1.57,2.35,1.58,2.5,1.53,2.37,1.62,2.58,0.0,1.8,2.0,1.85,2.0,1.79,1.93,1.9,2.09,2627,germany,Bundesliga 2
D2,15/08/2026,19:30,Kaiserslautern,Karlsruhe,0,0,D,0,0,D,,1.06,0.75,11,13,3,8,12,19,4,11,3,3,0,0,1.85,3.9,3.75,1.83,3.75,3.5,1.83,3.8,3.6,1.8,3.6,3.4,1.8,3.8,3.5,1.8,3.75,3.4,1.9,4.0,3.75,1.84,3.83,3.54,1.94,4.2,3.75,1.53,2.4,1.55,2.55,1.5,2.46,1.56,2.62,-0.5,1.88,1.93,1.88,1.93,1.83,1.89,1.94,2.0,2.0,3.75,3.4,1.95,3.75,3.2,1.95,3.75,3.3,1.9,3.5,3.2,1.95,3.6,3.2,1.95,3.5,3.1,2.0,3.8,3.4,1.96,3.69,3.29,2.12,4.0,3.5,1.57,2.35,1.58,2.6,1.53,2.37,1.6,2.64,-0.5,2.0,1.8,2.0,1.8,1.92,1.78,2.12,1.88,2627,germany,Bundesliga 2
D2,16/08/2026,12:30,Bielefeld,Cottbus,3,0,H,2,0,H,,3.57,0.56,17,10,5,0,12,18,7,10,2,2,0,0,1.7,4.0,4.5,1.73,3.75,4.0,1.67,3.9,4.2,1.75,3.9,4.33,1.7,4.0,4.0,1.67,3.75,3.8,1.75,4.0,4.5,1.7,3.9,4.17,1.7,4.2,4.6,1.57,2.35,1.58,2.4,1.53,2.35,1.51,2.4,-0.75,1.9,1.9,1.91,1.9,1.87,1.85,,,1.55,4.33,5.5,1.53,4.2,5.0,1.53,4.33,5.25,1.6,4.33,5.0,1.53,4.0,5.0,1.53,3.9,4.8,1.6,4.33,5.5,1.55,4.2,4.96,1.65,4.5,5.7,1.48,2.6,1.53,2.6,1.48,2.48,1.56,2.74,-1.0,1.88,1.93,1.95,1.93,1.88,1.84,2.01,1.94,2627,germany,Bundesliga 2
D2,16/08/2026,12:30,Dresden,Darmstadt,1,0,H,1,0,H,,0.64,0.38,12,10,6,1,12,12,7,5,1,3,0,1,2.05,3.7,3.3,2.05,3.6,3.1,2.05,3.6,3.13,2.15,3.6,3.2,2.0,3.7,3.0,2.0,3.5,2.9,2.15,3.8,3.3,2.05,3.63,3.13,2.18,3.95,3.3,1.6,2.3,1.6,2.38,1.57,2.27,1.62,2.42,-0.25,1.8,2.0,1.83,2.0,1.79,1.94,,,2.0,3.6,3.5,1.95,3.6,3.3,2.0,3.7,3.3,2.0,3.7,3.4,1.91,3.5,3.4,1.91,3.4,3.3,2.0,3.7,3.5,1.97,3.61,3.38,2.08,3.8,3.75,1.62,2.25,1.65,2.3,1.59,2.24,1.69,2.4,-0.5,2.0,1.8,2.0,1.8,1.93,1.78,2.08,1.91,2627,germany,Bundesliga 2
D2,16/08/2026,12:30,Hannover,Wolfsburg,0,1,A,0,0,D,,1.31,1.71,14,18,2,7,9,9,8,6,1,2,0,0,2.5,3.5,2.63,2.3,3.6,2.63,2.38,3.5,2.6,2.4,3.6,2.7,2.3,3.6,2.6,2.3,3.5,2.5,2.5,3.6,2.7,2.37,3.55,2.62,2.46,3.8,2.74,1.62,2.25,1.62,2.38,1.57,2.26,1.63,2.32,0.0,1.83,1.98,1.83,1.98,1.79,1.94,,,2.2,3.7,2.9,2.2,3.75,2.75,2.2,3.8,2.8,2.15,3.75,3.0,2.2,3.6,2.7,2.1,3.5,2.8,2.3,3.8,3.0,2.19,3.67,2.85,2.26,4.0,3.2,1.44,2.7,1.52,2.7,1.46,2.56,1.54,2.8,-0.25,1.95,1.85,1.95,1.85,1.91,1.81,1.96,2.0,2627,germany,Bundesliga 2
D2,28/08/2026,17:30,Bochum,Osnabruck,0,1,A,0,1,A,,1.36,0.52,20,8,1,2,15,12,6,1,3,4,0,0,1.73,3.75,4.5,1.73,3.75,4.0,1.75,3.8,4.2,1.8,3.8,4.2,1.73,3.7,4.2,1.7,3.5,3.9,1.8,3.8,4.5,1.75,3.72,4.17,1.84,4.1,4.6,1.67,2.15,1.7,2.2,1.65,2.12,1.73,2.34,-0.5,1.73,2.08,1.75,2.08,1.72,2.02,1.86,2.13,1.9,3.6,3.8,1.8,3.75,3.75,1.83,3.75,3.8,1.9,3.75,3.8,1.75,3.7,3.75,1.75,3.5,3.6,1.9,3.8,3.9,1.84,3.66,3.76,1.92,4.1,4.1,1.67,2.15,1.67,2.25,1.63,2.15,1.73,2.32,-0.5,1.88,1.93,1.88,1.95,1.81,1.89,1.92,2.07,2627,germany,Bundesliga 2
D2,28/08/2026,17:30,Braunschweig,Hertha,3,5,A,2,2,D,,2.59,3.6,17,26,9,6,9,15,5,12,2,4,0,0,2.88,3.4,2.35,2.75,3.5,2.3,2.7,3.5,2.38,2.75,3.5,2.45,2.7,3.4,2.3,2.63,3.3,2.3,2.88,3.5,2.45,2.72,3.44,2.37,2.92,3.75,2.5,1.65,2.2,1.67,2.25,1.62,2.18,1.69,2.38,0.25,1.78,2.03,1.78,2.08,1.73,2.01,1.83,2.15,2.75,3.5,2.4,2.63,3.6,2.3,2.75,3.6,2.3,2.75,3.5,2.4,2.6,3.3,2.38,2.7,3.25,2.25,2.75,3.6,2.45,2.69,3.46,2.37,2.98,3.7,2.5,1.57,2.35,1.6,2.4,1.56,2.29,1.66,2.48,0.25,1.73,2.08,1.77,2.08,1.73,2.02,1.83,2.16,2627,germany,Bundesliga 2
D2,29/08/2026,12:00,Cottbus,Greuther Furth,3,4,A,1,1,D,,3.07,1.99,23,15,6,7,11,16,10,6,2,2,0,0,2.5,3.8,2.5,2.4,3.75,2.5,2.45,3.7,2.45,2.5,3.75,2.55,2.4,3.8,2.4,2.38,3.6,2.38,2.55,3.8,2.55,2.47,3.7,2.47,2.64,3.95,2.58,1.53,2.4,1.55,2.55,1.5,2.44,1.54,2.52,0.0,1.9,1.9,1.9,1.9,1.86,1.86,1.97,1.96,2.5,3.7,2.6,2.4,3.6,2.5,2.5,3.6,2.5,2.5,3.6,2.6,2.3,3.5,2.5,2.3,3.4,2.5,2.5,3.7,2.63,2.43,3.58,2.55,2.58,3.8,2.78,1.6,2.3,1.6,2.5,1.56,2.31,1.65,2.48,0.0,1.85,1.95,1.85,1.95,1.83,1.89,1.91,2.06,2627,germany,Bundesliga 2
D2,29/08/2026,12:00,Heidenheim,Dresden,5,3,H,0,1,A,,3.24,1.52,27,17,10,8,8,6,6,9,2,3,0,1,2.5,3.5,2.7,2.25,3.6,2.75,2.3,3.6,2.63,2.3,3.7,2.8,2.2,3.7,2.7,2.15,3.5,2.63,2.5,3.75,2.8,2.29,3.6,2.71,2.4,3.9,2.86,1.53,2.4,1.58,2.5,1.52,2.39,1.57,2.56,-0.25,2.1,1.7,2.1,1.8,2.02,1.73,2.11,1.85,2.15,3.5,3.2,2.15,3.6,2.88,2.1,3.7,3.0,2.2,3.6,3.1,2.05,3.5,3.0,2.05,3.4,2.88,2.2,3.7,3.2,2.14,3.58,2.99,2.26,3.9,3.25,1.57,2.35,1.58,2.4,1.54,2.36,1.62,2.58,-0.25,1.85,1.95,1.9,1.95,1.83,1.89,1.97,2.0,2627,germany,Bundesliga 2
D2,29/08/2026,12:00,Karlsruhe,Wolfsburg,2,5,A,2,3,A,,1.59,3.08,18,27,5,11,13,14,10,8,0,1,0,0,3.2,3.7,2.1,3.1,3.75,2.0,3.13,3.7,2.0,3.4,3.8,2.0,3.1,3.8,2.0,3.0,3.6,1.95,3.4,3.8,2.1,3.2,3.7,2.01,3.35,3.8,2.14,1.53,2.4,1.55,2.55,1.5,2.44,1.58,2.46,0.25,2.0,1.8,2.0,1.8,1.98,1.75,2.06,1.86,3.0,3.6,2.2,2.8,3.6,2.2,2.88,3.7,2.2,2.95,3.7,2.2,2.9,3.4,2.1,2.88,3.3,2.1,3.2,3.7,2.2,2.93,3.55,2.18,3.2,3.85,2.3,1.57,2.35,1.58,2.5,1.54,2.37,1.63,2.56,0.25,1.83,1.98,1.85,1.98,1.82,1.91,1.96,2.0,2627,germany,Bundesliga 2
D2,29/08/2026,19:30,Nurnberg,Bielefeld,4,1,H,3,0,H,,0.94,1.19,13,21,6,5,9,11,3,8,2,0,0,0,2.15,3.6,3.1,2.1,3.6,3.0,2.1,3.5,3.0,2.2,3.7,3.0,2.05,3.6,2.9,2.05,3.5,2.88,2.2,3.8,3.1,2.13,3.59,2.98,2.26,3.85,3.15,1.67,2.15,1.67,2.25,1.62,2.17,1.67,2.28,-0.25,1.9,1.9,1.9,1.9,1.87,1.86,1.97,1.98,2.4,3.6,2.7,2.25,3.6,2.75,2.38,3.6,2.7,2.37,3.6,2.75,2.2,3.4,2.75,2.2,3.3,2.7,2.4,3.6,2.95,2.3,3.52,2.75,2.46,3.75,3.0,1.62,2.25,1.65,2.38,1.59,2.23,1.68,2.42,-0.25,2.1,1.7,2.1,1.8,2.01,1.73,2.12,1.88,2627,germany,Bundesliga 2
D2,30/08/2026,12:30,Darmstadt,Hannover,0,1,A,0,0,D,,0.91,2.31,11,26,3,7,8,12,2,11,1,2,1,0,3.25,3.6,2.05,3.0,3.75,2.05,3.0,3.7,2.05,3.0,3.8,2.15,3.0,3.7,2.0,2.9,3.5,2.0,3.25,3.8,2.15,3.03,3.7,2.06,3.15,3.95,2.1,1.53,2.4,1.55,2.5,1.5,2.42,1.01,1.25,0.5,1.75,2.05,1.75,2.08,1.71,2.03,,,2.8,3.6,2.3,2.8,3.75,2.15,2.7,3.8,2.25,2.8,3.7,2.3,2.88,3.5,2.1,2.8,3.4,2.1,3.0,3.8,2.3,2.81,3.62,2.21,3.1,3.9,2.34,1.48,2.6,1.52,2.7,1.46,2.56,1.54,2.8,0.25,1.78,2.03,1.9,2.03,1.78,1.95,1.95,2.04,2627,germany,Bundesliga 2
D2,30/08/2026,12:30,Magdeburg,Holstein Kiel,2,0,H,0,0,D,,0.83,2.11,10,14,2,2,14,17,3,3,5,4,0,0,2.15,3.6,3.1,2.1,3.75,2.88,2.15,3.6,2.9,2.15,3.8,3.1,2.1,3.7,2.88,2.1,3.5,2.8,2.2,3.8,3.1,2.15,3.64,2.93,2.2,3.9,3.05,1.57,2.35,1.58,2.5,1.53,2.37,1.61,2.46,-0.25,1.9,1.9,1.9,1.9,1.88,1.85,,,2.15,3.7,3.0,2.05,3.75,3.0,2.15,3.8,2.88,2.2,3.8,2.95,2.0,3.7,2.9,2.0,3.6,2.9,2.2,3.85,3.0,2.12,3.73,2.92,2.26,4.0,3.15,1.44,2.7,1.48,2.88,1.43,2.66,1.49,3.0,-0.25,1.93,1.88,1.93,1.93,1.86,1.87,1.98,1.98,2627,germany,Bundesliga 2
D2,30/08/2026,12:30,St Pauli,Kaiserslautern,1,2,A,0,1,A,,1.34,0.7,21,11,7,4,9,13,4,5,3,4,0,0,1.85,3.75,3.9,1.8,3.75,3.75,1.8,3.7,3.75,1.87,3.8,3.8,1.75,3.8,3.8,1.75,3.6,3.6,1.87,3.8,3.9,1.82,3.72,3.78,1.89,3.85,4.2,1.65,2.2,1.65,2.25,1.6,2.21,1.66,2.24,-0.5,1.85,1.95,1.85,1.95,1.81,1.91,,,1.8,3.75,4.1,1.73,3.75,4.0,1.8,3.75,4.0,1.83,3.75,4.0,1.73,3.6,4.0,1.73,3.5,3.9,1.83,3.9,4.33,1.77,3.69,4.03,1.87,4.0,4.5,1.67,2.15,1.67,2.3,1.62,2.18,1.74,2.34,-0.5,1.78,2.03,1.78,2.03,1.74,1.97,1.87,2.13,2627,germany,Bundesliga 2
SC0,31/07/2026,20:00,Dundee United,Rangers,1,1,D,1,0,H,N Walsh,1.64,1.46,11,21,3,6,16,14,5,10,1,3,0,0,5.75,4.33,1.46,5.5,4.6,1.53,5.75,4.5,1.5,5.0,4.5,1.55,5.5,4.5,1.5,5.5,4.75,1.5,5.75,4.75,1.57,5.41,4.48,1.51,6.4,4.7,1.58,1.53,2.5,1.53,2.63,1.47,2.54,1.56,2.72,1.0,2.03,1.83,2.03,1.83,1.95,1.79,2.05,1.89,4.75,3.8,1.62,4.6,4.2,1.67,4.75,4.1,1.65,4.33,4.0,1.7,4.5,3.8,1.67,4.5,4.0,1.65,5.4,4.4,1.73,4.69,4.06,1.63,5.1,4.3,1.75,1.62,2.3,1.62,2.5,1.56,2.31,1.66,2.48,0.75,2.0,1.85,2.0,1.85,1.94,1.79,2.05,1.93,2627,scotland,Premier League
SC0,01/08/2026,15:00,Falkirk,St Mirren,0,2,A,0,1,A,D Nicolson,0.71,1.64,10,15,1,5,18,18,7,7,0,4,0,0,1.96,3.6,3.5,2.05,3.6,3.5,2.0,3.4,3.4,2.0,3.4,3.5,2.05,3.3,3.6,2.05,3.2,3.5,2.05,3.6,3.7,1.99,3.47,3.49,2.08,3.65,3.65,1.83,2.03,1.83,2.03,1.75,1.98,1.87,2.06,-0.5,2.03,1.83,2.03,1.83,1.95,1.77,2.08,1.85,2.15,3.5,3.1,2.15,3.6,3.25,2.15,3.5,3.13,2.1,3.4,3.2,2.1,3.3,3.3,2.1,3.5,3.25,2.15,3.6,3.6,2.09,3.47,3.28,2.28,3.55,3.5,1.8,2.0,1.8,2.0,1.76,1.96,1.9,2.08,-0.25,1.93,1.93,1.93,1.93,1.84,1.89,1.96,2.02,2627,scotland,Premier League
SC0,01/08/2026,17:30,Aberdeen,Hearts,2,1,H,0,1,A,D Dickinson,2.66,1.83,11,21,3,4,11,17,4,6,3,2,0,1,3.2,3.4,2.15,3.0,3.6,2.25,3.0,3.4,2.15,3.0,3.6,2.15,3.1,3.5,2.2,3.0,3.4,2.15,3.2,3.7,2.25,3.0,3.5,2.18,3.3,3.75,2.3,1.73,2.1,1.73,2.1,1.7,2.05,1.78,2.14,0.25,1.93,1.93,1.93,1.93,1.86,1.88,1.95,2.01,3.1,3.3,2.25,2.88,3.6,2.3,2.9,3.5,2.3,2.8,3.4,2.35,2.9,3.4,2.3,2.88,3.6,2.25,3.2,3.6,2.4,2.88,3.46,2.3,3.15,3.6,2.44,1.8,2.0,1.8,2.05,1.74,1.99,1.85,2.14,0.25,1.85,2.0,1.85,2.0,1.79,1.94,1.89,2.1,2627,scotland,Premier League
SC0,02/08/2026,14:00,St Johnstone,Kilmarnock,4,3,H,1,1,D,J Beaton,1.77,0.79,15,7,5,5,6,13,6,3,2,2,0,0,2.15,3.4,3.2,2.25,3.6,3.0,2.15,3.4,3.0,2.15,3.4,3.1,2.25,3.2,3.2,2.25,3.1,3.1,2.25,3.6,3.25,2.17,3.4,3.08,2.42,3.5,3.3,1.83,2.03,1.83,2.03,1.76,1.97,1.89,2.02,-0.25,1.93,1.93,1.93,1.93,1.85,1.89,,,1.91,3.6,3.9,2.05,3.5,3.5,1.95,3.6,3.7,1.95,3.5,3.6,2.0,3.4,3.6,1.95,3.6,3.5,2.05,3.6,3.9,1.96,3.54,3.59,2.06,3.75,3.95,1.8,2.0,1.85,2.0,1.81,1.91,1.9,2.08,-0.5,1.95,1.9,2.0,1.9,1.94,1.79,2.05,1.94,2627,scotland,Premier League
SC0,02/08/2026,16:30,Hibernian,Motherwell,1,2,A,0,1,A,S McLean,1.92,2.0,19,9,6,5,14,13,9,2,1,3,0,0,2.2,3.4,3.1,2.25,3.6,3.0,2.2,3.4,2.9,2.25,3.4,2.95,2.3,3.2,3.1,2.25,3.1,3.0,2.3,3.6,3.1,2.24,3.38,2.97,2.32,3.45,3.1,1.85,2.0,1.85,2.0,1.78,1.94,1.81,1.99,-0.25,1.98,1.88,1.98,1.88,1.91,1.83,,,1.76,3.6,4.33,1.9,3.6,4.0,1.83,3.6,4.1,1.83,3.6,4.0,1.85,3.5,4.0,1.83,3.7,4.0,1.93,3.7,4.33,1.85,3.56,3.99,1.92,3.75,4.5,1.88,1.98,1.9,1.98,1.84,1.87,1.94,2.04,-0.5,1.83,2.03,1.9,2.03,1.8,1.92,1.92,2.06,2627,scotland,Premier League
SC0,03/08/2026,19:30,Celtic,Dundee,1,0,H,0,0,D,M MacDermid,2.55,0.47,18,11,4,3,9,7,9,4,1,1,0,0,1.17,7.5,10.0,1.2,7.0,13.0,1.17,6.5,12.0,1.22,6.75,10.5,1.22,5.5,11.0,1.22,5.25,9.0,1.22,7.5,13.5,1.19,6.62,11.31,1.22,7.8,13.0,1.36,3.2,1.36,3.25,1.33,3.09,1.39,3.4,-2.0,1.93,1.93,1.93,1.93,1.88,1.86,1.8,1.8,1.11,9.5,13.0,1.14,8.5,17.0,1.12,8.5,18.0,1.17,8.25,12.0,1.11,8.5,17.0,1.11,10.0,16.0,1.18,10.0,18.0,1.14,8.33,14.66,1.16,10.0,24.0,1.3,3.5,1.33,3.6,1.29,3.34,1.37,3.6,-2.25,1.83,2.03,1.83,2.03,1.79,1.95,1.94,2.02,2627,scotland,Premier League
SC0,08/08/2026,15:00,Dundee,Aberdeen,2,0,H,1,0,H,C Scott,2.22,0.7,18,9,7,3,9,12,5,4,1,3,0,0,2.65,3.5,2.45,2.75,3.5,2.5,2.63,3.3,2.45,2.6,3.4,2.5,2.6,3.4,2.6,2.5,3.3,2.5,2.78,3.5,2.6,2.65,3.36,2.48,2.8,3.5,2.62,1.88,1.98,1.88,1.98,1.8,1.91,1.9,2.0,0.0,2.0,1.85,2.0,1.85,1.96,1.79,2.01,1.89,2.85,3.5,2.3,2.8,3.5,2.4,2.88,3.4,2.38,2.7,3.3,2.45,2.88,3.3,2.38,2.8,3.5,2.3,2.88,3.5,2.5,2.8,3.39,2.38,3.0,3.55,2.52,1.91,1.91,1.91,2.0,1.81,1.91,1.94,2.02,0.25,1.8,2.05,1.8,2.05,1.76,1.99,1.83,2.16,2627,scotland,Premier League
SC0,08/08/2026,15:00,St Mirren,St Johnstone,1,0,H,0,0,D,R Hardie,1.36,1.13,13,9,4,2,11,8,5,2,2,1,0,0,2.25,3.3,3.1,2.38,3.5,2.88,2.25,3.4,2.88,2.3,3.3,2.9,2.4,3.1,3.1,2.38,3.0,3.0,2.4,3.5,3.1,2.31,3.33,2.94,2.4,3.5,3.25,1.9,1.95,1.91,2.0,1.83,1.89,1.88,2.0,-0.25,2.03,1.83,2.03,1.83,1.96,1.78,2.06,1.9,2.57,3.25,2.57,2.6,3.4,2.63,2.55,3.4,2.63,2.55,3.3,2.6,2.6,3.2,2.63,2.45,3.4,2.8,2.6,3.4,2.85,2.54,3.32,2.63,2.76,3.45,2.84,1.91,1.91,1.91,2.0,1.82,1.9,1.93,2.04,0.0,1.93,1.93,1.93,1.93,1.86,1.88,1.96,2.01,2627,scotland,Premier League
SC0,09/08/2026,13:30,Kilmarnock,Celtic,1,5,A,0,3,A,R Lee,0.85,5.64,10,33,6,16,12,10,5,7,1,0,0,0,7.0,5.0,1.37,7.0,5.0,1.4,7.0,4.8,1.36,6.25,5.0,1.4,7.0,5.0,1.33,6.5,5.0,1.36,7.0,5.25,1.43,6.55,4.98,1.38,7.2,5.4,1.41,1.44,2.75,1.44,2.8,1.42,2.69,1.47,2.82,1.25,2.0,1.85,2.0,1.85,1.94,1.81,2.05,1.83,7.5,5.25,1.33,8.0,5.5,1.33,8.0,5.25,1.33,6.5,5.0,1.4,7.5,5.0,1.33,7.0,5.5,1.33,8.0,5.5,1.4,7.19,5.25,1.35,8.8,5.8,1.39,1.44,2.75,1.44,2.8,1.41,2.71,1.49,2.96,1.5,1.88,1.98,1.88,1.98,1.8,1.93,1.89,2.06,2627,scotland,Premier League
SC0,09/08/2026,15:00,Hearts,Dundee United,4,0,H,2,0,H,K Clancy,2.1,0.54,12,10,7,0,11,11,7,2,1,2,0,0,1.57,4.33,4.75,1.62,4.2,5.0,1.62,3.8,4.8,1.62,4.0,4.8,1.57,4.2,5.0,1.57,4.0,4.8,1.65,4.33,5.0,1.61,4.0,4.85,1.73,4.3,4.9,1.73,2.1,1.73,2.1,1.7,2.05,1.76,2.2,-0.75,1.83,2.03,1.83,2.03,1.78,1.96,,,1.76,4.0,3.9,1.73,4.0,4.33,1.75,3.9,4.2,1.75,3.9,4.1,1.73,3.8,4.2,1.73,4.0,4.0,1.76,4.0,4.5,1.73,3.89,4.15,1.84,4.1,4.6,1.62,2.3,1.67,2.3,1.63,2.17,1.69,2.38,-0.5,1.83,2.03,1.83,2.1,1.72,2.05,1.83,2.19,2627,scotland,Premier League
SC0,09/08/2026,15:00,Motherwell,Falkirk,0,0,D,0,0,D,C Graham,0.89,0.44,11,10,1,1,17,16,2,2,2,2,0,0,1.79,3.75,4.1,1.83,3.75,4.0,1.8,3.6,3.9,1.85,3.6,3.9,1.8,3.75,3.8,1.8,3.6,3.8,1.85,3.75,4.1,1.82,3.67,3.89,1.87,3.9,4.1,1.73,2.1,1.73,2.1,1.7,2.05,1.76,2.08,-0.5,1.83,2.03,1.83,2.03,1.79,1.93,,,1.81,3.7,4.0,1.83,3.75,4.0,1.83,3.7,4.0,1.8,3.6,4.2,1.8,3.7,4.0,1.8,3.8,4.0,1.85,3.8,4.2,1.81,3.64,4.05,1.91,3.95,4.4,1.73,2.1,1.73,2.1,1.7,2.04,1.84,2.16,-0.5,1.85,2.0,1.85,2.0,1.79,1.95,1.91,2.08,2627,scotland,Premier League
SC0,09/08/2026,16:00,Rangers,Hibernian,1,2,A,0,1,A,D Robertson,2.05,1.75,25,8,9,2,12,12,7,4,1,1,0,0,1.49,4.33,5.5,1.53,4.5,5.5,1.5,4.2,5.5,1.55,4.2,5.5,1.57,4.0,5.0,1.57,3.9,5.0,1.57,4.5,5.5,1.52,4.23,5.35,1.58,4.5,5.6,1.57,2.38,1.57,2.4,1.53,2.36,1.58,2.4,-1.0,1.88,1.98,1.88,1.98,1.83,1.91,1.91,1.94,1.35,4.75,7.5,1.4,5.0,7.5,1.36,5.0,7.5,1.43,4.75,6.5,1.33,5.0,7.5,1.33,5.0,7.0,1.44,5.0,8.3,1.38,4.81,7.12,1.43,5.2,8.4,1.57,2.38,1.57,2.45,1.52,2.37,1.62,2.58,-1.25,1.83,2.03,1.83,2.03,1.78,1.97,1.93,2.03,2627,scotland,Premier League
SC0,22/08/2026,17:45,Dundee United,Dundee,0,2,A,0,1,A,D Dickinson,1.24,1.68,24,14,5,4,11,11,6,6,4,3,0,0,2.15,3.4,3.2,2.2,3.4,3.25,2.15,3.4,3.0,2.15,3.4,3.1,2.1,3.4,3.3,2.1,3.3,3.2,2.25,3.4,3.3,2.18,3.33,3.14,2.3,3.4,3.25,1.8,2.0,1.83,2.0,1.78,1.94,1.87,2.04,-0.25,1.93,1.93,1.93,1.93,1.89,1.85,1.99,1.93,1.91,3.5,3.8,2.0,3.75,3.5,2.1,3.6,3.25,1.95,3.5,3.6,1.91,3.5,3.75,1.91,3.7,3.6,2.15,3.75,3.8,1.99,3.53,3.52,2.02,3.85,4.0,1.73,2.1,1.8,2.1,1.73,2.01,1.83,2.18,-0.5,1.95,1.9,2.15,1.9,1.98,1.76,2.02,1.96,2627,scotland,Premier League
SC0,29/08/2026,15:00,Celtic,Falkirk,2,1,H,2,0,H,C Graham,2.88,0.53,19,5,8,1,7,14,6,3,1,4,0,0,1.19,6.5,11.0,1.2,7.0,13.0,1.18,6.5,11.0,1.24,6.5,10.0,1.22,6.5,10.0,1.22,6.0,9.0,1.24,7.0,13.0,1.2,6.52,10.81,1.23,7.2,13.5,1.36,3.2,1.37,3.25,1.34,3.06,1.4,3.25,-2.0,2.0,1.85,2.0,1.85,1.92,1.82,1.97,1.91,1.24,5.75,10.0,1.25,6.0,11.0,1.25,6.0,11.0,1.26,6.25,9.0,1.2,6.0,11.0,1.2,6.5,11.0,1.27,6.5,11.0,1.24,6.08,9.97,1.27,7.0,13.5,1.44,2.75,1.44,2.88,1.4,2.76,1.48,2.98,-1.75,1.95,1.9,1.95,1.9,1.88,1.85,1.98,1.97,2627,scotland,Premier League
SC0,29/08/2026,15:00,Hearts,St Johnstone,2,1,H,2,0,H,R Lee,1.71,1.16,16,9,7,4,11,14,8,4,0,0,0,0,1.68,3.75,4.5,1.73,4.0,4.33,1.7,3.7,4.33,1.73,3.9,4.2,1.75,3.8,4.0,1.75,3.75,3.9,1.75,4.0,4.5,1.72,3.82,4.27,1.74,4.0,4.9,1.73,2.1,1.8,2.1,1.72,2.02,1.83,2.12,-0.75,1.95,1.9,1.95,1.9,1.9,1.84,1.94,1.95,1.71,3.75,4.33,1.73,4.0,4.33,1.73,3.8,4.5,1.7,3.8,4.4,1.7,3.8,4.33,1.7,4.0,4.2,1.75,4.0,4.55,1.72,3.84,4.34,1.81,4.2,4.6,1.73,2.1,1.75,2.1,1.69,2.06,1.79,2.24,-0.5,1.73,2.08,1.75,2.15,1.69,2.06,1.8,2.23,2627,scotland,Premier League
SC0,29/08/2026,15:00,Kilmarnock,Dundee United,0,4,A,0,3,A,N Walsh,1.03,3.51,16,21,4,8,11,12,3,5,3,3,0,0,2.35,3.4,2.7,2.38,3.6,2.75,2.4,3.4,2.63,2.45,3.4,2.65,2.45,3.4,2.75,2.4,3.25,2.7,2.45,3.6,2.78,2.39,3.45,2.69,2.64,3.55,2.76,1.8,2.0,1.8,2.05,1.75,1.99,1.78,2.08,0.0,1.83,2.03,1.83,2.05,1.76,1.98,1.9,2.02,2.5,3.6,2.5,2.38,3.6,2.63,2.5,3.6,2.6,2.37,3.5,2.7,2.45,3.5,2.63,2.45,3.7,2.6,2.5,3.7,2.7,2.44,3.57,2.6,2.62,3.75,2.78,1.67,2.2,1.67,2.2,1.64,2.16,1.68,2.42,0.0,1.9,1.95,1.9,1.95,1.83,1.91,1.93,2.05,2627,scotland,Premier League
SC0,30/08/2026,12:00,Aberdeen,Rangers,0,1,A,0,0,D,M MacDermid,0.46,1.84,10,18,2,5,21,15,6,6,6,3,0,0,4.33,3.8,1.76,4.2,4.0,1.8,4.0,3.75,1.75,4.0,3.8,1.77,4.0,4.0,1.73,4.0,3.9,1.73,4.33,4.0,1.8,4.07,3.81,1.76,4.1,3.85,1.89,1.67,2.2,1.67,2.3,1.6,2.21,1.64,2.26,0.5,2.03,1.78,2.1,1.78,2.01,1.73,2.08,1.89,4.2,3.75,1.76,,,,,,,3.9,3.75,1.8,4.0,3.75,1.8,3.8,3.8,1.8,4.2,3.8,1.83,3.97,3.77,1.79,4.4,3.95,1.91,1.67,2.2,1.67,2.3,1.61,2.21,1.73,2.32,0.5,2.03,1.78,2.1,1.8,1.98,1.76,2.08,1.91,2627,scotland,Premier League
SC0,30/08/2026,15:00,Dundee,Hibernian,1,2,A,0,1,A,J Beaton,0.78,2.42,11,25,3,7,8,14,3,5,1,1,0,0,3.2,3.4,2.2,3.1,3.5,2.25,3.0,3.4,2.2,3.0,3.4,2.25,3.1,3.2,2.3,3.1,3.1,2.25,3.2,3.5,2.3,3.05,3.37,2.22,3.2,3.5,2.26,1.91,1.91,1.91,1.95,1.82,1.91,1.87,2.0,0.25,1.9,1.95,1.9,1.95,1.84,1.9,1.93,1.95,3.4,3.4,2.05,,,,,,,3.2,3.5,2.1,3.3,3.4,2.1,3.3,3.6,2.05,3.4,3.6,2.2,3.25,3.41,2.11,3.7,3.6,2.16,1.8,2.0,1.85,2.1,1.77,1.95,1.89,2.08,0.5,1.73,2.08,1.73,2.15,1.69,2.07,,,2627,scotland,Premier League
SC0,30/08/2026,15:00,St Mirren,Motherwell,3,3,D,3,2,H,K Clancy,2.32,2.11,23,22,9,7,14,12,7,7,2,2,0,0,2.45,3.3,2.7,2.5,3.4,2.75,2.45,3.25,2.7,2.5,3.4,2.65,2.7,3.0,2.75,2.63,2.9,2.7,2.7,3.4,2.8,2.51,3.21,2.72,2.58,3.2,2.84,2.0,1.85,2.0,1.85,1.93,1.8,1.98,1.84,0.0,1.85,2.0,1.85,2.0,1.79,1.95,1.83,1.99,2.45,3.4,2.65,2.6,3.4,2.63,2.5,3.4,2.7,2.5,3.3,2.7,2.45,3.3,2.7,2.45,3.5,2.7,2.6,3.5,2.75,2.49,3.35,2.69,2.66,3.5,2.9,1.85,2.0,1.91,2.0,1.85,1.86,,,0.0,1.85,2.0,1.85,2.0,1.8,1.95,1.91,2.08,2627,scotland,Premier League
SC1,01/08/2026,15:00,Ayr,Arbroath,2,0,H,1,0,H,R Hardie,,,6,6,4,3,7,9,3,7,0,0,0,0,2.4,3.0,2.7,2.4,3.0,2.88,2.45,3.0,2.8,2.4,2.95,2.65,2.4,3.0,2.8,2.38,2.9,2.75,2.55,3.0,2.88,2.43,2.98,2.75,2.54,3.15,3.0,2.35,1.57,2.38,1.57,2.3,1.55,2.36,1.62,-0.25,2.08,1.73,2.08,1.73,2.06,1.69,2.16,1.77,2.05,3.1,3.3,2.1,3.1,3.25,2.05,3.1,3.5,2.05,3.0,3.2,2.1,3.0,3.4,2.1,2.9,3.3,2.2,3.13,3.6,2.1,3.04,3.32,2.16,3.3,3.95,2.25,1.62,2.35,1.62,2.27,1.56,2.36,1.7,-0.5,1.98,1.83,2.1,1.83,2.05,1.68,2.16,1.81,2627,scotland,Division 1
SC1,01/08/2026,15:00,Inverness C,Dunfermline,0,0,D,0,0,D,C Steven,,,19,7,7,2,8,11,5,2,1,1,0,0,2.25,3.25,2.75,2.6,3.25,2.5,2.5,3.2,2.63,2.37,3.1,2.65,2.6,3.3,2.5,2.5,3.1,2.45,2.6,3.3,2.75,2.5,3.17,2.56,2.64,3.1,2.66,2.05,1.75,2.1,1.75,2.03,1.7,2.06,1.75,0.0,1.7,2.1,1.85,2.1,1.78,1.93,1.9,1.89,2.25,3.25,2.75,2.5,3.2,2.63,2.45,3.13,2.7,2.35,3.1,2.65,2.4,3.25,2.63,2.38,3.1,2.6,2.66,3.25,2.8,2.48,3.07,2.66,2.74,3.15,3.0,2.08,1.73,2.1,1.73,2.04,1.69,2.22,1.76,0.0,1.8,2.0,1.8,2.0,1.77,1.95,1.91,2.02,2627,scotland,Division 1
SC1,01/08/2026,15:00,Livingston,Queens Park,2,0,H,0,0,D,C Graham,,,20,6,7,2,11,6,9,0,1,1,0,0,1.42,3.9,6.25,1.44,4.0,7.0,1.44,4.0,6.5,1.44,3.9,6.0,1.4,4.0,6.5,1.4,3.9,6.25,1.46,4.1,7.0,1.43,3.97,6.36,1.42,4.2,6.6,1.9,1.9,1.93,1.9,1.87,1.83,1.9,1.86,-1.25,2.03,1.78,2.03,1.78,2.02,1.72,2.04,1.74,1.48,3.75,5.75,1.44,4.2,6.5,1.45,4.0,6.5,1.43,4.0,6.0,1.44,3.8,6.5,1.44,3.75,6.25,1.48,4.33,7.0,1.44,4.01,6.33,1.5,4.5,8.0,1.95,1.85,1.95,1.91,1.86,1.84,1.94,2.02,-1.0,1.83,1.98,1.83,1.98,1.78,1.94,1.8,2.14,2627,scotland,Division 1
SC1,01/08/2026,15:00,Morton,Partick,0,1,A,0,0,D,J Wilkie,,,7,13,0,5,11,10,4,1,3,2,0,0,4.75,3.75,1.55,5.0,4.0,1.57,5.25,4.0,1.53,4.8,3.7,1.57,5.0,4.0,1.53,4.8,3.8,1.53,5.25,4.0,1.57,4.98,3.85,1.55,6.2,4.2,1.58,1.75,2.05,1.75,2.1,1.71,2.01,1.74,2.14,1.0,1.8,2.0,1.8,2.0,1.78,1.93,1.88,1.97,4.75,3.75,1.55,5.0,4.0,1.57,5.25,3.9,1.55,4.75,3.75,1.55,5.0,3.8,1.57,4.75,3.75,1.55,5.3,4.0,1.61,4.93,3.83,1.57,6.0,4.4,1.62,1.73,2.08,1.73,2.1,1.7,2.03,1.87,2.06,1.0,1.83,1.98,1.83,1.98,1.78,1.94,1.91,2.02,2627,scotland,Division 1
SC1,01/08/2026,15:00,Raith Rvs,Stenhousemuir,1,1,D,1,1,D,C Scott,,,14,3,5,2,5,13,4,2,1,3,0,0,1.44,3.8,6.5,1.6,3.6,5.5,1.57,3.6,5.5,1.55,3.75,4.8,1.62,3.5,5.0,1.6,3.4,4.8,1.62,3.8,6.5,1.57,3.6,5.27,1.62,3.65,6.0,2.05,1.75,2.1,1.75,2.06,1.68,2.14,1.7,-1.0,1.85,1.95,2.02,1.95,1.96,1.77,2.2,1.68,1.38,4.0,7.0,1.36,4.2,8.0,1.33,4.33,8.5,1.38,4.2,6.75,1.36,4.2,7.5,1.36,4.0,7.0,1.4,4.33,9.0,1.37,4.16,7.57,1.45,4.6,9.2,2.05,1.75,2.05,1.91,1.92,1.79,2.04,1.89,-1.25,1.98,1.83,1.98,1.85,1.88,1.84,2.07,1.82,2627,scotland,Division 1
SC1,07/08/2026,19:30,Partick,Livingston,2,0,H,2,0,H,D McFarlane,,,14,9,5,1,12,13,9,10,2,2,0,0,2.3,3.0,3.0,2.3,3.0,2.88,2.3,3.25,2.88,2.2,3.2,2.8,2.25,3.3,2.88,2.2,3.1,2.8,2.3,3.3,3.0,2.27,3.14,2.88,2.48,3.25,3.15,1.95,1.85,1.95,1.85,1.9,1.8,2.02,1.9,-0.25,2.0,1.8,2.0,1.8,1.96,1.76,2.1,1.82,2.25,3.2,2.9,2.3,3.0,2.8,2.3,3.4,2.75,2.25,3.25,2.7,2.2,3.2,3.0,2.15,3.1,2.9,2.3,3.45,3.0,2.25,3.24,2.84,2.38,3.5,3.3,1.75,2.05,1.8,2.05,1.75,1.96,1.86,2.08,-0.25,2.03,1.78,2.03,1.78,1.99,1.74,2.04,1.92,2627,scotland,Division 1
SC1,08/08/2026,15:00,Arbroath,Inverness C,0,0,D,0,0,D,C Stirling,,,2,9,0,5,11,13,1,6,3,3,0,0,2.88,3.3,2.15,3.0,3.2,2.25,3.0,3.13,2.25,2.85,3.2,2.2,2.9,3.3,2.2,2.88,3.1,2.15,3.0,3.3,2.25,2.91,3.21,2.21,3.25,3.25,2.34,2.08,1.73,2.1,1.75,2.01,1.71,2.08,1.79,0.25,1.78,2.03,1.78,2.03,1.76,1.96,1.87,2.0,2.8,3.4,2.15,2.88,3.3,2.25,2.9,3.25,2.25,2.85,3.2,2.2,2.88,3.25,2.2,2.8,3.1,2.2,3.1,3.4,2.3,2.89,3.23,2.22,3.4,3.4,2.34,2.0,1.8,2.0,1.83,1.95,1.75,2.0,1.93,0.25,1.83,1.98,1.83,1.98,1.79,1.93,1.94,2.0,2627,scotland,Division 1
SC1,08/08/2026,15:00,Dunfermline,Ayr,1,1,D,1,1,D,D Dickinson,,,9,5,5,2,7,7,12,6,1,0,0,0,2.05,3.25,3.1,2.0,3.25,3.6,2.0,3.25,3.5,1.93,3.25,3.4,1.95,3.3,3.7,1.91,3.1,3.5,2.05,3.3,3.7,1.98,3.22,3.49,2.02,3.25,3.8,2.1,1.7,2.1,1.7,2.07,1.67,2.12,1.72,-0.25,1.85,1.95,1.85,2.05,1.75,1.99,1.74,2.1,1.9,3.3,3.4,2.0,3.2,3.6,1.95,3.2,3.7,1.93,3.1,3.5,1.85,3.2,4.0,1.83,3.1,3.9,2.0,3.3,4.0,1.93,3.19,3.64,2.0,3.45,4.5,2.15,1.67,2.2,1.7,2.09,1.66,2.18,1.78,-0.5,1.95,1.85,1.95,1.85,1.92,1.77,2.02,1.96,2627,scotland,Division 1
SC1,08/08/2026,15:00,Queens Park,Raith Rvs,1,2,A,0,1,A,J Wilkie,,,9,10,4,4,14,12,4,2,1,2,0,0,3.5,3.25,1.9,3.75,3.4,1.9,3.7,3.3,1.93,3.4,3.3,1.88,3.8,3.4,1.85,3.6,3.25,1.83,3.85,3.4,1.93,3.64,3.33,1.89,4.0,3.45,2.0,2.0,1.8,2.0,1.83,1.95,1.76,1.98,1.89,0.5,1.83,1.98,1.85,1.98,1.81,1.88,1.93,2.0,3.1,3.2,2.05,3.3,3.3,2.05,3.25,3.25,2.1,3.25,3.2,2.0,3.4,3.3,1.95,3.3,3.25,1.95,3.4,3.35,2.1,3.28,3.24,2.03,3.95,3.3,2.18,2.0,1.8,2.0,1.83,1.94,1.76,2.1,1.86,0.25,1.98,1.83,1.98,1.83,1.92,1.8,2.12,1.85,2627,scotland,Division 1
SC1,08/08/2026,15:00,Stenhousemuir,Morton,2,0,H,0,0,D,J Hay,,,13,11,4,3,16,7,9,4,1,1,0,0,1.95,3.25,3.3,2.0,3.4,3.4,2.0,3.3,3.4,1.98,3.2,3.3,2.0,3.4,3.4,1.95,3.25,3.25,2.02,3.4,3.45,1.99,3.27,3.35,2.1,3.55,3.6,1.98,1.83,2.0,1.85,1.93,1.78,1.92,1.87,-0.5,2.05,1.75,2.05,1.77,1.98,1.72,2.1,1.83,2.05,3.3,3.1,2.1,3.25,3.25,2.1,3.25,3.2,2.0,3.2,3.2,2.1,3.0,3.25,2.1,3.0,3.1,2.2,3.4,3.4,2.08,3.19,3.22,2.3,3.35,3.55,1.95,1.85,1.95,1.85,1.9,1.81,2.06,1.9,-0.25,1.88,1.93,1.88,1.93,1.82,1.9,1.94,2.02,2627,scotland,Division 1
SC1,21/08/2026,19:30,Inverness C,Partick,1,1,D,0,1,A,C Graham,,,8,9,3,6,12,15,5,3,1,2,0,0,2.38,3.4,2.45,2.4,3.4,2.6,2.45,3.4,2.55,2.37,3.25,2.5,2.4,3.4,2.6,2.38,3.3,2.5,2.5,3.45,2.65,2.42,3.38,2.54,2.72,3.45,2.76,1.73,2.08,1.77,2.08,1.73,2.0,1.89,2.1,0.0,1.85,1.95,1.85,1.95,1.83,1.88,1.92,1.95,2.45,3.4,2.45,2.5,3.4,2.5,2.6,3.4,2.45,2.45,3.25,2.4,2.63,3.1,2.5,2.5,3.1,2.5,2.63,3.4,2.63,2.54,3.25,2.5,2.84,3.35,2.72,1.75,2.05,1.77,2.05,1.74,1.98,1.87,2.08,0.0,1.9,1.9,1.9,1.9,1.88,1.83,1.98,1.95,2627,scotland,Division 1
SC1,22/08/2026,15:00,Livingston,Dunfermline,2,0,H,1,0,H,K Clancy,,,11,17,4,5,9,13,4,6,2,0,0,0,1.73,3.6,4.0,1.73,3.6,4.33,1.75,3.5,4.2,1.71,3.4,4.1,1.7,3.6,4.33,1.67,3.5,4.2,1.78,3.75,4.5,1.73,3.55,4.18,1.78,3.7,4.5,1.8,2.0,1.95,2.0,1.89,1.82,1.92,1.85,-0.5,1.78,2.03,1.78,2.05,1.72,1.99,1.82,2.03,1.75,3.6,3.9,1.73,3.6,4.2,1.73,3.6,4.2,1.75,3.4,3.9,1.7,3.6,4.2,1.7,3.5,4.0,1.78,3.8,4.2,1.74,3.59,4.06,1.87,3.85,4.5,1.8,2.0,1.85,2.0,1.79,1.92,1.93,1.99,-0.5,1.78,2.03,1.78,2.03,1.74,1.98,1.8,2.09,2627,scotland,Division 1
SC1,22/08/2026,15:00,Morton,Arbroath,1,2,A,0,1,A,R Hardie,,,7,7,3,6,15,14,1,6,3,0,0,0,3.2,3.1,2.1,3.3,3.3,2.05,3.4,3.2,2.05,3.2,3.2,2.0,3.3,3.3,2.0,3.25,3.1,2.0,3.4,3.3,2.1,3.3,3.21,2.05,3.9,3.4,2.08,2.1,1.7,2.1,1.73,2.05,1.69,2.14,1.77,0.5,1.7,2.1,1.7,2.1,1.68,2.03,1.86,2.08,3.5,3.1,2.0,3.6,3.2,2.0,3.5,3.13,2.05,3.5,3.2,1.93,3.6,3.1,1.95,3.5,3.1,1.95,3.75,3.4,2.05,3.57,3.17,1.98,3.95,3.4,2.12,2.25,1.62,2.25,1.67,2.18,1.62,2.42,1.67,0.5,1.78,2.03,1.78,2.03,1.74,1.96,1.87,2.12,2627,scotland,Division 1
SC1,22/08/2026,15:00,Queens Park,Stenhousemuir,0,2,A,0,0,D,S Murdoch,,,1,8,0,4,13,13,4,7,1,2,0,0,2.15,3.25,2.9,2.25,3.2,3.0,2.25,3.13,3.0,2.2,3.1,2.9,2.15,3.2,3.2,2.15,3.1,3.1,2.25,3.25,3.2,2.2,3.15,3.04,2.28,3.2,3.3,2.1,1.7,2.2,1.7,2.1,1.66,2.0,1.71,-0.25,1.98,1.83,1.98,1.83,1.92,1.8,1.96,1.9,2.4,3.2,2.55,2.5,3.2,2.63,2.55,3.1,2.63,2.45,3.0,2.6,2.5,3.1,2.6,2.45,3.1,2.5,2.55,3.25,2.75,2.47,3.15,2.63,2.78,3.1,3.05,2.15,1.67,2.15,1.73,2.09,1.67,2.24,1.76,0.0,1.83,1.98,1.83,1.98,1.81,1.91,1.9,2.07,2627,scotland,Division 1
SC1,22/08/2026,15:00,Raith Rvs,Ayr,2,0,H,2,0,H,L Wilson,,,14,3,5,0,13,6,5,2,2,1,0,1,1.85,3.3,3.7,1.95,3.3,3.6,1.93,3.25,3.75,1.93,3.2,3.4,1.95,3.3,3.6,1.91,3.25,3.5,1.95,3.5,3.8,1.91,3.29,3.65,1.9,3.4,3.95,2.08,1.73,2.1,1.75,2.04,1.7,1.94,1.82,-0.5,1.95,1.85,1.95,1.85,1.9,1.8,1.9,2.0,1.75,3.3,4.1,1.83,3.4,4.0,1.8,3.3,4.2,1.85,3.2,3.7,1.85,3.3,3.8,1.83,3.25,3.75,1.88,3.6,4.2,1.83,3.32,3.95,1.98,3.5,4.4,2.1,1.7,2.1,1.75,2.04,1.7,2.16,1.81,-0.5,1.78,2.03,1.88,2.03,1.81,1.89,1.98,1.98,2627,scotland,Division 1
SC1,28/08/2026,19:30,Dunfermline,Raith Rvs,1,0,H,0,0,D,D Nicolson,,,13,7,6,3,13,20,3,3,2,1,0,0,2.45,3.2,2.5,2.6,3.3,2.5,2.5,3.25,2.6,2.45,3.2,2.5,2.5,3.3,2.5,2.45,3.25,2.45,2.6,3.5,2.65,2.48,3.31,2.53,2.8,3.45,2.7,1.95,1.85,1.95,1.91,1.87,1.84,1.95,1.96,0.0,1.88,1.93,1.88,1.93,1.84,1.88,1.98,1.93,2.35,3.2,2.63,2.4,3.25,2.75,2.4,3.2,2.75,2.37,3.2,2.55,2.3,3.25,2.7,2.3,3.25,2.63,2.5,3.3,2.8,2.4,3.21,2.69,2.56,3.3,3.0,2.0,1.8,2.0,1.83,1.95,1.77,2.14,1.86,0.0,1.75,2.05,1.8,2.05,1.75,1.98,1.81,2.13,2627,scotland,Division 1
SC1,29/08/2026,15:00,Arbroath,Livingston,1,0,H,0,0,D,C Steven,,,5,7,2,1,12,16,2,4,3,2,1,1,3.1,3.2,2.1,3.3,3.5,2.0,3.3,3.4,2.0,3.1,3.4,1.98,3.3,3.4,2.0,3.25,3.3,1.95,3.35,3.5,2.1,3.26,3.38,2.01,3.5,3.5,2.08,1.85,1.95,1.85,1.95,1.82,1.89,1.87,1.98,0.5,1.78,2.03,1.78,2.05,1.73,1.99,1.83,2.08,3.4,3.4,1.91,3.4,3.4,2.0,3.4,3.4,2.0,3.2,3.3,1.95,3.3,3.4,1.95,3.25,3.3,1.95,3.5,3.45,2.02,3.36,3.38,1.97,4.0,3.5,2.06,1.8,2.0,1.85,2.0,1.81,1.91,1.94,2.02,0.5,1.85,1.95,1.85,2.0,1.75,1.95,1.88,2.06,2627,scotland,Division 1
SC1,29/08/2026,15:00,Ayr,Morton,1,1,D,1,0,H,D McFarlane,,,7,8,4,2,10,14,3,4,1,3,0,0,1.65,3.6,4.75,1.7,3.6,4.5,1.65,3.6,4.8,1.66,3.4,4.4,1.67,3.6,4.5,1.67,3.5,4.33,1.71,3.6,4.8,1.67,3.55,4.59,1.7,3.65,5.3,2.0,1.8,2.0,1.8,1.98,1.74,2.04,1.78,-0.75,1.88,1.93,1.91,1.93,1.86,1.85,1.94,1.92,1.65,3.6,4.75,1.67,3.6,4.6,1.67,3.5,4.8,1.61,3.5,4.6,1.57,3.6,5.0,1.6,3.5,4.8,1.7,3.75,5.2,1.64,3.56,4.82,1.74,3.8,5.6,2.05,1.75,2.05,1.8,1.98,1.74,2.08,1.88,-0.75,1.85,1.95,1.85,1.95,1.83,1.88,1.92,2.0,2627,scotland,Division 1
SC1,29/08/2026,15:00,Partick,Queens Park,0,0,D,0,0,D,C Scott,,,18,2,5,0,7,11,19,2,1,2,0,0,1.3,4.33,8.0,1.33,4.6,8.5,1.3,4.8,8.5,1.32,4.75,7.0,1.29,4.75,8.5,1.29,4.6,7.5,1.35,5.25,9.2,1.31,4.69,8.17,1.31,5.2,10.5,1.7,2.1,1.7,2.15,1.67,2.09,1.68,2.16,-1.5,1.98,1.83,1.98,1.83,1.93,1.76,1.94,1.84,1.29,4.5,8.5,1.29,4.6,10.0,1.25,5.25,10.0,1.29,5.0,7.5,1.25,5.0,9.5,1.25,4.75,8.5,1.3,5.25,10.75,1.28,4.9,9.17,1.34,5.5,10.5,1.67,2.15,1.7,2.2,1.66,2.1,1.75,2.26,-1.5,1.9,1.9,1.9,1.9,1.86,1.85,2.0,1.91,2627,scotland,Division 1
SC1,29/08/2026,15:00,Stenhousemuir,Inverness C,3,1,H,1,0,H,D Robertson,,,7,3,3,3,7,5,8,6,1,4,0,0,3.2,3.3,2.0,3.6,3.4,1.95,3.6,3.3,1.95,3.5,3.25,1.9,3.6,3.4,1.91,3.5,3.25,1.85,3.6,3.4,2.02,3.55,3.31,1.94,3.8,3.35,2.06,2.08,1.73,2.08,1.8,2.0,1.73,1.93,1.69,0.5,1.75,2.05,1.8,2.05,1.77,1.93,1.83,2.06,4.2,3.6,1.65,4.33,3.5,1.73,4.75,3.5,1.67,4.2,3.4,1.7,4.5,3.3,1.73,4.33,3.2,1.73,4.8,3.6,1.75,4.45,3.46,1.71,5.3,3.65,1.8,1.98,1.83,2.0,1.83,1.95,1.78,2.08,1.89,0.75,1.93,1.88,1.93,1.91,1.84,1.87,1.87,2.03,2627,scotland,Division 1
SC2,01/08/2026,15:00,Alloa,East Fife,0,0,D,0,0,D,J Kennedy,,,7,5,4,0,7,8,12,3,1,1,0,0,1.9,3.5,3.4,1.91,3.4,3.4,1.91,3.4,3.6,1.93,3.3,3.25,1.95,3.4,3.5,1.91,3.3,3.4,1.95,3.5,3.6,1.92,3.38,3.4,1.99,3.25,3.75,1.9,1.9,1.9,1.91,1.85,1.85,1.89,1.87,-0.5,1.95,1.85,1.95,1.85,1.92,1.78,1.99,1.84,2.15,3.4,2.88,2.1,3.3,3.0,2.0,3.4,3.3,2.1,3.2,2.95,2.1,3.3,3.0,2.1,3.25,3.0,2.2,3.4,3.3,2.09,3.27,3.09,2.44,3.5,3.05,1.9,1.9,1.9,1.93,1.82,1.86,1.95,2.0,-0.25,1.93,1.88,1.93,1.97,1.8,1.91,1.88,2.04,2627,scotland,Division 2
SC2,01/08/2026,15:00,Cove Rangers,Airdrie Utd,0,0,D,0,0,D,D Graves,,,10,8,6,3,18,13,4,5,2,3,0,0,2.63,3.4,2.25,2.63,3.4,2.3,2.88,3.2,2.3,2.55,3.4,2.3,2.63,3.5,2.3,2.6,3.4,2.25,2.88,3.5,2.35,2.66,3.38,2.29,1.04,1.08,1.05,2.0,1.8,2.0,1.8,1.94,1.76,1.31,1.08,0.0,2.08,1.73,2.08,1.73,2.04,1.69,1.01,1.03,3.1,3.6,1.91,3.4,3.3,1.95,3.3,3.3,2.05,3.2,3.2,1.98,3.6,3.4,1.87,3.5,3.3,1.85,3.6,3.6,2.05,3.35,3.31,1.96,3.95,3.7,2.02,2.0,1.8,2.0,1.91,1.9,1.79,1.97,1.95,0.5,1.8,2.0,1.8,2.02,1.73,1.96,1.92,2.02,2627,scotland,Division 2
SC2,01/08/2026,15:00,East Kilbride,Queen of Sth,5,1,H,3,1,H,J Hay,,,15,4,7,4,8,19,4,1,1,6,0,0,1.45,3.9,5.75,1.4,4.2,6.0,1.44,4.2,6.0,1.46,4.1,5.25,1.4,4.33,6.0,1.4,4.2,5.75,1.48,4.33,6.0,1.44,4.16,5.65,1.04,1.14,1.09,1.62,2.25,1.67,2.25,1.63,2.13,1.22,1.05,-1.25,2.03,1.78,2.03,1.78,1.97,1.74,,,1.5,3.9,5.25,1.53,3.75,5.0,1.5,4.2,5.25,1.55,4.0,4.4,1.5,4.33,4.75,1.5,4.2,4.6,1.61,4.5,5.25,1.54,4.07,4.67,1.61,4.7,5.4,1.57,2.35,1.63,2.35,1.58,2.21,1.64,2.44,-1.0,1.9,1.9,1.9,1.9,1.87,1.83,1.98,1.93,2627,scotland,Division 2
SC2,01/08/2026,15:00,Montrose,Hamilton,0,5,A,0,2,A,A Hendry,,,3,8,1,7,12,11,4,9,0,0,0,0,3.3,3.4,1.9,3.1,3.5,2.0,3.3,3.6,1.95,3.1,3.4,1.95,3.2,3.5,2.0,3.1,3.4,2.0,3.3,3.6,2.05,3.16,3.45,1.97,2.98,3.15,1.88,1.73,2.08,1.73,2.1,1.7,2.03,1.64,1.89,0.5,1.83,1.98,1.83,2.0,1.74,1.96,1.75,1.88,2.75,3.3,2.2,2.75,3.4,2.2,2.8,3.4,2.25,2.87,3.3,2.1,2.75,3.5,2.2,2.7,3.4,2.15,3.25,3.5,2.25,2.88,3.37,2.14,3.05,3.7,2.3,1.7,2.1,1.73,2.1,1.69,2.02,1.82,2.18,0.25,1.8,2.0,1.8,2.0,1.77,1.94,1.95,2.0,2627,scotland,Division 2
SC2,01/08/2026,15:00,Peterhead,Ross County,0,1,A,0,0,D,C Stirling,,,8,13,3,5,16,14,3,6,2,4,0,0,3.5,4.0,1.73,4.0,3.75,1.67,4.2,3.6,1.73,3.7,3.75,1.71,4.2,3.8,1.67,4.0,3.75,1.67,4.2,4.0,1.73,3.9,3.77,1.71,1.04,1.04,1.04,1.83,1.98,1.83,1.98,1.79,1.91,1.28,1.05,0.75,1.8,2.0,1.8,2.0,1.78,1.93,1.02,1.04,3.9,4.1,1.62,4.5,3.6,1.62,4.8,3.75,1.62,4.6,3.5,1.63,5.0,3.75,1.57,4.8,3.6,1.55,5.0,4.1,1.71,4.47,3.69,1.63,5.8,4.1,1.67,1.85,1.95,1.85,2.0,1.76,1.93,1.87,2.1,0.75,1.98,1.83,1.98,1.83,1.91,1.8,2.11,1.84,2627,scotland,Division 2
SC2,08/08/2026,15:00,Airdrie Utd,East Kilbride,1,1,D,0,0,D,G Irvine,,,8,10,4,4,14,17,3,7,3,4,0,0,3.5,3.5,1.9,3.3,3.6,1.9,3.5,3.5,1.91,3.25,3.5,1.9,3.3,3.8,1.91,3.25,3.6,1.85,3.5,4.2,1.95,3.26,3.65,1.9,3.7,3.8,1.91,1.73,2.08,1.73,2.08,1.71,2.01,1.71,2.18,0.5,1.85,1.95,1.85,1.95,1.8,1.9,1.98,1.91,2.5,3.4,2.45,2.6,3.4,2.3,2.75,3.5,2.25,2.55,3.3,2.3,2.63,3.5,2.3,2.6,3.4,2.3,2.75,3.6,2.75,2.55,3.43,2.35,2.74,3.8,2.54,1.7,2.1,1.7,2.2,1.65,2.1,1.75,2.3,0.0,1.93,1.88,2.05,1.88,1.99,1.74,2.05,1.88,2627,scotland,Division 2
SC2,08/08/2026,15:00,East Fife,Cove Rangers,2,0,H,0,0,D,I Snedden,,,17,7,9,4,12,12,2,3,1,0,0,0,2.15,3.1,3.0,2.15,3.2,3.0,2.15,3.25,3.13,2.1,3.2,3.0,2.1,3.3,3.2,2.1,3.1,3.1,2.15,3.3,3.2,2.12,3.2,3.06,2.22,3.35,3.25,2.05,1.75,2.1,1.75,2.01,1.71,2.04,1.77,-0.25,1.93,1.88,1.93,1.88,1.86,1.85,1.9,1.9,2.2,3.1,2.9,2.25,3.2,2.8,2.25,3.13,3.0,2.2,3.1,2.85,2.2,3.1,3.0,2.2,3.1,2.9,2.25,3.5,3.0,2.2,3.17,2.91,2.24,3.5,3.45,2.08,1.73,2.08,1.83,1.97,1.74,2.08,1.85,-0.25,1.98,1.83,1.98,1.83,1.93,1.79,1.94,2.0,2627,scotland,Division 2
SC2,08/08/2026,15:00,Hamilton,Alloa,1,0,H,1,0,H,P Stuart,,,9,5,3,1,19,11,7,3,4,2,0,0,1.67,3.4,4.75,1.6,3.75,4.6,1.65,3.6,4.75,1.62,3.6,4.5,1.62,3.8,4.75,1.6,3.6,4.6,1.67,3.8,4.8,1.62,3.64,4.58,1.66,4.0,5.5,1.9,1.9,1.9,1.93,1.83,1.86,1.9,1.92,-0.75,1.9,1.9,1.9,1.93,1.82,1.88,1.84,2.12,1.6,3.5,5.0,1.57,3.6,5.0,1.6,3.7,5.0,1.58,3.6,4.8,1.6,3.6,4.75,1.5,3.75,5.0,1.64,4.0,5.0,1.59,3.68,4.82,1.7,4.1,5.4,1.9,1.9,1.9,1.91,1.83,1.86,1.96,2.0,-0.75,1.8,2.0,1.8,2.0,1.77,1.94,1.88,2.06,2627,scotland,Division 2
SC2,08/08/2026,15:00,Queen of Sth,Peterhead,0,1,A,0,1,A,G Grainger,,,7,14,0,5,8,17,9,2,0,1,0,0,2.6,3.4,2.3,2.5,3.4,2.38,2.63,3.4,2.38,2.55,3.4,2.3,2.6,3.5,2.4,2.5,3.4,2.38,2.63,3.5,2.45,2.57,3.4,2.35,2.66,3.5,2.48,1.7,2.1,1.7,2.1,1.67,2.06,1.73,2.08,0.0,2.03,1.78,2.03,1.83,1.95,1.77,1.95,1.81,2.75,3.4,2.2,2.63,3.4,2.3,2.8,3.4,2.25,2.75,3.3,2.2,2.7,3.3,2.3,2.9,3.25,2.1,2.9,3.4,2.38,2.76,3.33,2.25,2.94,3.5,2.52,1.73,2.08,1.77,2.1,1.7,2.01,1.82,2.12,0.0,2.1,1.7,2.1,1.83,2.02,1.71,2.12,1.82,2627,scotland,Division 2
SC2,08/08/2026,15:00,Ross County,Montrose,2,1,H,1,1,D,S Murdoch,,,22,7,11,4,12,15,10,4,4,3,0,0,1.27,4.5,8.5,1.25,5.0,8.5,1.25,5.25,9.5,1.27,5.0,8.5,1.25,5.0,9.0,1.25,4.8,8.0,1.29,5.25,9.5,1.27,4.99,8.54,1.25,5.0,8.8,1.62,2.25,1.62,2.25,1.58,2.21,1.55,2.04,-1.5,1.85,1.95,1.85,1.95,1.81,1.88,1.74,1.81,1.4,3.9,6.25,1.36,4.33,7.0,1.4,4.4,6.5,1.37,4.33,6.5,1.4,4.2,6.5,1.4,4.0,6.25,1.43,4.8,8.5,1.38,4.28,6.64,1.5,4.5,7.6,1.67,2.15,1.67,2.25,1.63,2.14,1.78,2.18,-1.25,1.95,1.85,1.95,1.85,1.88,1.82,2.09,1.85,2627,scotland,Division 2
SC2,15/08/2026,15:00,Alloa,Montrose,3,0,H,2,0,H,A Grieve,,,18,4,9,1,11,22,7,5,2,2,0,0,2.0,3.4,3.1,2.0,3.4,3.1,2.05,3.4,3.2,2.0,3.3,3.1,2.0,3.5,3.2,2.0,3.4,3.1,2.08,3.5,3.25,2.03,3.39,3.12,2.06,3.45,3.3,1.85,1.95,1.85,2.0,1.77,1.93,1.81,1.95,-0.25,1.83,1.98,1.83,1.98,1.8,1.91,1.81,2.0,2.35,3.25,2.6,2.38,3.3,2.6,2.5,3.3,2.55,2.3,3.25,2.6,2.4,3.4,2.5,2.38,3.3,2.5,2.54,3.5,2.8,2.38,3.31,2.61,2.58,3.45,2.84,1.85,1.95,1.85,1.95,1.8,1.9,1.89,2.02,0.0,1.7,2.1,1.81,2.1,1.76,1.94,1.87,2.0,2627,scotland,Division 2
SC2,15/08/2026,15:00,East Kilbride,Cove Rangers,3,0,H,0,0,D,D McFarlane,,,10,4,6,3,14,14,7,2,1,2,0,1,1.42,4.33,5.25,1.36,4.6,6.0,1.4,4.6,6.0,1.4,4.5,5.75,1.33,5.0,6.5,1.36,4.75,6.0,1.44,5.0,6.5,1.4,4.57,5.69,1.43,5.0,6.2,1.44,2.63,1.58,2.75,1.46,2.55,1.43,2.82,-1.25,1.9,1.9,1.91,1.9,1.89,1.82,1.87,1.91,1.44,4.33,5.25,1.44,4.33,5.5,1.4,4.6,6.0,1.46,4.2,5.25,1.5,4.2,5.0,1.5,4.0,4.8,1.53,4.6,6.0,1.46,4.28,5.31,1.58,4.6,5.6,1.44,2.63,1.58,2.88,1.46,2.54,1.48,2.92,-1.0,1.73,2.08,1.73,2.08,1.68,2.07,1.87,2.01,2627,scotland,Division 2
SC2,15/08/2026,15:00,Hamilton,Airdrie Utd,4,0,H,1,0,H,S Murdoch,,,10,6,5,2,17,13,7,8,2,3,0,0,1.9,3.3,3.4,2.0,3.3,3.3,2.0,3.3,3.4,1.95,3.25,3.3,2.0,3.4,3.4,1.95,3.25,3.25,2.05,3.4,3.6,1.98,3.27,3.36,2.08,3.35,3.5,2.0,1.8,2.0,1.8,1.92,1.78,1.98,1.82,-0.5,2.0,1.8,2.0,1.8,1.96,1.74,2.08,1.8,1.8,3.4,3.8,1.91,3.3,3.5,1.83,3.4,3.9,1.93,3.3,3.3,1.85,3.4,3.7,1.83,3.3,3.6,1.95,3.8,3.9,1.88,3.43,3.58,2.0,3.8,4.1,1.95,1.85,1.95,1.91,1.86,1.84,1.9,2.02,-0.5,1.83,1.98,1.93,1.98,1.85,1.83,2.0,1.98,2627,scotland,Division 2
SC2,15/08/2026,15:00,Peterhead,East Fife,2,1,H,0,0,D,A Hendry,,,7,3,5,2,0,6,2,1,1,4,0,0,1.9,3.3,3.6,1.95,3.25,3.5,1.87,3.3,3.9,1.87,3.25,3.5,1.95,3.3,3.6,1.91,3.25,3.5,1.95,3.3,3.9,1.92,3.25,3.65,1.99,3.25,4.0,2.1,1.7,2.1,1.73,2.05,1.69,2.12,1.74,-0.5,1.93,1.88,1.95,1.88,1.9,1.8,1.99,1.9,1.91,3.4,3.4,1.9,3.3,3.5,1.91,3.4,3.6,1.9,3.3,3.3,1.9,3.4,3.6,1.85,3.3,3.5,1.95,3.5,3.6,1.91,3.37,3.45,2.1,3.65,3.8,1.95,1.85,1.95,1.91,1.86,1.83,2.02,1.92,-0.5,1.98,1.83,1.98,1.83,1.91,1.77,2.1,1.88,2627,scotland,Division 2
SC2,22/08/2026,15:00,Airdrie Utd,Ross County,1,3,A,0,2,A,C Stirling,,,7,15,2,5,14,15,4,7,3,1,0,0,4.33,3.6,1.67,4.5,3.5,1.67,4.75,3.6,1.65,4.33,3.6,1.65,4.5,3.6,1.67,4.33,3.5,1.67,4.8,3.75,1.95,4.31,3.56,1.7,5.1,3.8,1.65,1.95,1.85,1.95,1.85,1.88,1.82,1.89,1.9,0.75,1.93,1.88,1.93,1.88,1.87,1.83,1.96,1.82,3.9,3.8,1.7,4.0,3.75,1.67,4.5,3.9,1.62,4.1,3.7,1.65,4.2,3.8,1.67,4.0,3.6,1.67,4.5,4.0,1.73,4.13,3.8,1.66,4.6,4.1,1.77,1.62,2.25,1.7,2.25,1.66,2.11,1.72,2.24,0.75,1.85,1.95,1.9,1.95,1.88,1.82,1.96,1.96,2627,scotland,Division 2
SC2,22/08/2026,15:00,Cove Rangers,Peterhead,3,0,H,0,0,D,P Stuart,,,12,11,6,4,14,12,3,4,2,2,0,0,2.63,3.3,2.25,2.6,3.3,2.38,2.7,3.3,2.38,2.55,3.25,2.37,2.63,3.4,2.4,2.5,3.3,2.38,2.7,3.8,2.65,2.56,3.41,2.38,2.42,3.75,2.28,1.9,1.9,1.9,1.93,1.83,1.87,1.83,1.93,0.0,2.05,1.75,2.05,1.8,1.96,1.75,1.89,1.76,2.63,3.3,2.25,2.5,3.2,2.5,2.55,3.2,2.55,2.4,3.1,2.6,2.5,3.25,2.5,2.45,3.1,2.5,2.63,3.3,2.63,2.5,3.21,2.52,2.7,3.4,2.86,2.03,1.78,2.05,1.78,1.99,1.73,2.12,1.83,0.0,2.05,1.75,2.05,1.9,1.88,1.83,1.9,2.04,2627,scotland,Division 2
SC2,22/08/2026,15:00,East Fife,Hamilton,0,0,D,0,0,D,J Kennedy,,,6,10,2,5,13,7,5,9,1,1,0,0,3.7,3.2,1.85,3.5,3.3,1.91,3.7,3.3,1.93,3.5,3.25,1.9,3.6,3.4,1.91,3.5,3.3,1.85,4.5,3.4,1.95,3.68,3.3,1.89,3.5,2.92,1.84,2.0,1.8,2.0,1.8,1.91,1.79,1.83,1.7,0.5,1.85,1.95,1.98,1.95,1.83,1.86,1.83,1.84,3.7,3.2,1.85,3.6,3.4,1.83,3.9,3.4,1.83,3.7,3.25,1.83,3.75,3.4,1.85,3.6,3.3,1.83,3.9,3.4,1.95,3.69,3.31,1.86,4.2,3.55,1.93,1.95,1.85,1.95,1.85,1.91,1.8,1.96,1.94,0.5,1.9,1.9,1.9,1.93,1.83,1.86,2.03,1.93,2627,scotland,Division 2
SC2,22/08/2026,15:00,Montrose,East Kilbride,3,0,H,2,0,H,A Hendry,,,9,7,4,5,19,13,1,4,3,2,0,0,4.0,4.0,1.62,4.33,4.0,1.6,4.4,4.0,1.62,4.1,3.8,1.62,4.5,4.0,1.6,4.33,3.9,1.57,4.5,4.1,1.8,4.1,3.91,1.64,4.4,4.2,1.68,1.53,2.38,1.53,2.55,1.49,2.44,1.54,2.52,0.75,2.0,1.8,2.0,1.8,1.95,1.76,2.0,1.85,3.75,4.0,1.67,3.75,4.0,1.67,4.2,3.9,1.67,4.1,3.8,1.63,4.0,4.0,1.65,3.8,3.9,1.67,4.25,4.0,1.7,3.98,3.91,1.67,4.4,4.4,1.76,1.5,2.5,1.5,2.7,1.48,2.5,1.56,2.58,0.75,1.9,1.9,1.9,1.9,1.86,1.84,2.01,1.93,2627,scotland,Division 2
SC2,22/08/2026,15:00,Queen of Sth,Alloa,0,2,A,0,0,D,G Irvine,,,9,14,3,8,15,10,4,5,2,1,0,0,2.5,3.25,2.5,2.5,3.25,2.5,2.55,3.2,2.55,2.55,3.1,2.4,2.5,3.3,2.5,2.45,3.25,2.45,2.6,3.3,2.6,2.53,3.22,2.49,2.52,3.2,2.32,1.9,1.9,1.9,1.95,1.82,1.89,1.75,1.78,0.0,1.93,1.88,1.93,1.88,1.86,1.84,1.9,1.87,2.5,3.25,2.5,2.5,3.3,2.5,2.6,3.2,2.5,2.45,3.2,2.5,2.5,3.3,2.5,2.45,3.25,2.45,2.6,3.35,2.6,2.52,3.23,2.5,2.62,3.45,2.66,1.9,1.9,1.9,1.93,1.83,1.89,1.9,2.0,0.0,1.93,1.88,1.93,1.88,1.88,1.83,1.92,1.94,2627,scotland,Division 2
SC2,29/08/2026,15:00,Airdrie Utd,East Fife,0,0,D,0,0,D,P Stuart,,,6,3,2,0,14,15,5,3,5,5,0,0,1.8,3.5,3.7,1.83,3.4,3.75,1.83,3.4,3.9,1.83,3.5,3.5,1.8,3.5,3.8,1.8,3.4,3.75,1.88,3.8,3.9,1.82,3.5,3.69,1.86,3.45,4.0,1.9,1.9,1.9,1.91,1.84,1.86,1.9,1.87,-0.5,1.85,1.95,1.88,1.95,1.83,1.87,1.86,1.9,1.8,3.5,3.7,1.83,3.4,3.75,1.83,3.4,3.9,1.82,3.3,3.6,1.8,3.5,3.8,1.8,3.4,3.75,1.9,3.6,3.95,1.83,3.45,3.71,1.94,3.7,4.1,1.9,1.9,1.9,1.91,1.83,1.87,1.94,1.94,-0.5,1.88,1.93,1.88,1.93,1.82,1.86,1.94,1.98,2627,scotland,Division 2
SC2,29/08/2026,15:00,Alloa,Peterhead,1,1,D,1,0,H,I Snedden,,,9,6,3,2,14,10,3,4,3,2,0,0,2.05,3.25,3.1,2.05,3.25,3.2,2.1,3.25,3.2,2.05,3.25,3.1,2.0,3.3,3.3,2.0,3.25,3.1,2.1,3.5,3.3,2.05,3.3,3.15,2.22,3.05,3.1,1.98,1.83,1.98,1.83,1.93,1.79,1.39,1.76,-0.25,1.85,1.95,1.85,1.95,1.81,1.9,1.91,1.87,1.95,3.4,3.3,1.9,3.3,3.6,1.87,3.4,3.75,1.87,3.2,3.6,1.8,3.4,3.8,1.8,3.3,3.8,1.95,3.4,3.8,1.87,3.34,3.68,1.96,3.7,4.3,1.95,1.85,1.95,1.88,1.87,1.83,1.98,1.93,-0.5,1.98,1.83,1.98,1.84,1.87,1.82,1.96,1.99,2627,scotland,Division 2
SC2,29/08/2026,15:00,Hamilton,Cove Rangers,1,0,H,1,0,H,J Hay,,,15,11,7,2,12,13,3,3,2,1,0,0,1.5,3.9,5.25,1.5,4.0,5.0,1.53,4.0,5.25,1.51,4.0,4.8,1.5,4.2,5.5,1.5,4.0,5.0,1.55,4.5,5.5,1.52,4.11,4.98,1.55,4.1,5.7,1.7,2.1,1.7,2.15,1.66,2.1,1.64,2.1,-1.0,1.93,1.88,1.93,1.88,1.89,1.82,1.9,1.81,1.5,3.8,5.25,1.5,4.0,5.5,1.45,4.2,6.0,1.47,4.0,5.25,1.44,4.2,5.5,1.44,4.0,5.5,1.5,4.33,6.0,1.48,4.09,5.46,1.54,4.5,7.0,1.73,2.08,1.73,2.1,1.69,2.06,1.76,2.2,-1.0,1.93,1.88,1.93,1.9,1.81,1.9,1.85,2.03,2627,scotland,Division 2
SC2,29/08/2026,15:00,Montrose,Queen of Sth,2,1,H,1,0,H,L Hogarth,,,10,11,6,5,14,13,4,3,2,5,0,0,2.0,3.5,3.0,1.95,3.5,3.25,1.91,3.6,3.4,1.9,3.5,3.2,1.95,3.6,3.3,1.91,3.5,3.25,2.0,3.6,3.4,1.93,3.55,3.26,1.94,3.75,3.55,1.67,2.15,1.7,2.15,1.66,2.1,1.68,2.16,-0.5,1.95,1.85,1.98,1.85,1.91,1.79,1.94,1.87,1.83,3.6,3.4,1.95,3.5,3.25,1.91,3.5,3.5,1.95,3.4,3.2,1.91,3.6,3.25,1.91,3.5,3.1,2.0,3.75,3.5,1.92,3.55,3.31,1.97,3.9,3.9,1.7,2.1,1.7,2.1,1.67,2.08,1.74,2.2,-0.5,1.9,1.9,1.98,1.9,1.9,1.78,1.97,2.0,2627,scotland,Division 2
SC2,29/08/2026,17:30,Ross County,East Kilbride,4,0,H,1,0,H,J Wilkie,,,8,4,6,1,16,16,7,3,3,2,0,0,1.57,3.9,4.5,1.57,4.0,4.5,1.57,4.0,4.8,1.57,4.0,4.33,1.62,4.5,4.0,1.6,4.2,3.8,1.62,4.5,4.8,1.58,4.12,4.38,1.64,4.1,4.6,1.62,2.25,1.62,2.25,1.58,2.23,1.62,2.26,-1.0,2.0,1.8,2.0,1.8,1.95,1.76,2.02,1.72,1.5,4.2,4.75,1.5,4.0,5.0,1.53,4.1,5.0,1.52,4.1,4.5,1.5,4.2,5.0,1.5,4.0,4.75,1.55,4.35,5.25,1.52,4.15,4.82,1.61,4.7,5.4,1.5,2.5,1.55,2.5,1.51,2.4,1.56,2.64,-1.0,1.85,1.95,1.85,1.95,1.84,1.86,1.96,1.94,2627,scotland,Division 2
SC3,01/08/2026,15:00,Annan Athletic,Spartans,2,4,A,1,0,H,C Ashwood,,,11,11,5,8,20,9,7,3,5,2,0,0,3.0,3.3,2.05,3.0,3.4,2.05,3.0,3.3,2.15,2.9,3.4,2.1,3.1,3.4,2.05,3.0,3.3,2.05,3.1,3.5,2.15,2.96,3.37,2.09,3.15,3.6,2.16,1.85,1.95,1.85,1.95,1.8,1.9,1.84,1.92,0.25,1.93,1.88,1.93,1.88,1.87,1.84,1.89,1.88,2.8,3.2,2.2,2.8,3.3,2.2,2.88,3.3,2.25,2.87,3.2,2.15,2.8,3.3,2.2,2.75,3.25,2.2,2.88,3.6,2.25,2.82,3.27,2.2,3.15,3.8,2.28,1.85,1.95,1.85,1.95,1.81,1.89,1.88,2.02,0.25,1.8,2.0,1.8,2.0,1.77,1.94,1.96,2.0,2627,scotland,Division 3
SC3,01/08/2026,15:00,Clyde,Stranraer,3,1,H,3,1,H,J McCunnie,,,16,7,6,5,9,8,7,7,1,2,0,0,2.2,3.3,2.75,2.25,3.3,2.75,2.25,3.3,2.8,2.2,3.3,2.7,2.25,3.4,2.8,2.2,3.3,2.7,2.25,3.4,2.8,2.23,3.32,2.74,2.1,3.25,2.46,1.85,1.95,1.85,1.95,1.8,1.9,1.74,1.78,-0.25,2.0,1.8,2.0,1.8,1.96,1.75,1.86,1.67,1.85,3.4,3.4,1.91,3.4,3.4,2.0,3.3,3.4,1.9,3.3,3.4,1.95,3.4,3.3,1.95,3.3,3.25,2.1,3.8,3.4,1.95,3.34,3.32,1.96,3.95,3.9,1.85,1.95,1.85,1.95,1.82,1.88,1.87,2.02,-0.5,1.95,1.85,1.97,1.85,1.92,1.76,1.95,1.96,2627,scotland,Division 3
SC3,01/08/2026,15:00,Edinburgh City,Elgin,0,5,A,0,3,A,G Hanvidge,,,7,10,4,5,17,13,3,5,3,1,0,0,1.83,3.8,3.3,1.8,3.6,3.6,1.85,3.5,3.7,1.78,3.6,3.6,1.8,3.7,3.7,1.8,3.5,3.5,1.85,3.8,3.7,1.82,3.62,3.55,1.89,3.65,3.65,1.73,2.08,1.73,2.1,1.68,2.06,1.8,2.02,-0.5,1.88,1.93,1.88,1.93,1.82,1.87,1.89,1.92,2.0,3.7,3.0,2.05,3.4,3.0,2.05,3.4,3.1,2.0,3.3,3.1,2.05,3.5,3.0,2.05,3.4,2.9,2.12,3.8,3.35,2.03,3.39,3.07,2.26,3.9,3.15,1.73,2.08,1.73,2.2,1.69,2.03,1.8,2.14,-0.25,1.83,1.98,1.83,1.98,1.8,1.91,1.97,1.96,2627,scotland,Division 3
SC3,01/08/2026,15:00,Forfar,Kelty Hearts,1,0,H,1,0,H,G Soutar,,,6,13,3,6,13,10,4,5,1,1,0,0,3.0,3.6,2.0,3.2,3.5,1.95,3.3,3.5,1.95,3.1,3.5,1.95,3.3,3.6,1.95,3.1,3.5,1.91,3.3,3.65,2.0,3.15,3.54,1.95,1.04,1.04,1.04,1.7,2.1,1.7,2.1,1.67,2.08,1.22,1.29,0.5,1.8,2.0,1.8,2.0,1.75,1.95,1.01,1.04,3.25,3.5,1.95,3.1,3.4,2.0,3.4,3.4,1.95,3.1,3.2,2.05,2.9,3.25,2.15,2.9,3.2,2.15,3.4,3.6,2.15,3.16,3.36,2.0,3.6,3.8,2.12,1.95,1.85,1.95,2.0,1.81,1.88,1.89,2.04,0.5,1.8,2.0,1.8,2.05,1.73,1.95,1.84,2.12,2627,scotland,Division 3
SC3,01/08/2026,15:00,Stirling,Dumbarton,2,0,H,1,0,H,A Grieve,,,7,10,5,4,12,18,7,8,2,4,0,0,2.2,3.4,2.7,2.3,3.4,2.63,2.3,3.4,2.75,2.25,3.4,2.6,2.3,3.5,2.63,2.25,3.4,2.6,2.33,3.5,2.75,2.28,3.39,2.66,2.36,3.2,2.78,1.73,2.08,1.73,2.1,1.69,2.05,1.75,2.12,-0.25,2.0,1.8,2.0,1.8,1.97,1.74,2.04,1.64,2.2,3.4,2.7,2.3,3.4,2.63,2.25,3.4,2.75,2.25,3.2,2.65,2.25,3.3,2.75,2.25,3.25,2.7,2.38,3.5,2.75,2.29,3.3,2.67,2.4,3.6,3.0,1.73,2.08,1.73,2.3,1.69,2.05,1.78,2.16,-0.25,2.03,1.78,2.03,1.78,1.98,1.74,2.08,1.85,2627,scotland,Division 3
SC3,08/08/2026,15:00,Dumbarton,Clyde,1,0,H,0,0,D,C Ashwood,,,10,13,5,1,7,17,4,7,2,3,0,0,3.5,3.5,1.85,3.4,3.4,1.91,3.5,3.4,1.91,3.3,3.4,1.88,3.4,3.6,1.91,3.3,3.5,1.85,3.5,3.6,1.95,3.38,3.43,1.9,3.6,3.5,1.96,1.8,2.0,1.8,2.0,1.76,1.94,1.77,2.02,0.5,1.88,1.93,1.88,1.93,1.8,1.89,1.96,1.96,3.5,3.6,1.8,3.3,3.5,1.91,3.4,3.5,1.91,3.25,3.3,1.93,3.3,3.6,1.9,3.25,3.5,1.85,3.5,4.0,2.0,3.34,3.49,1.9,3.9,4.2,1.91,1.7,2.1,1.73,2.1,1.68,2.05,1.74,2.24,0.5,1.98,1.83,1.98,1.93,1.8,1.88,2.05,1.91,2627,scotland,Division 3
SC3,08/08/2026,15:00,Elgin,Forfar,1,1,D,1,1,D,R Birrell,,,13,5,4,5,14,7,3,5,1,4,0,0,1.83,3.4,3.6,1.83,3.4,3.75,1.85,3.4,3.75,1.83,3.3,3.6,1.8,3.5,3.8,1.8,3.4,3.6,1.85,3.5,3.8,1.83,3.4,3.64,1.88,1.1,4.0,1.95,1.85,1.95,1.88,1.86,1.83,1.71,1.86,-0.5,1.9,1.9,1.9,1.9,1.84,1.84,1.88,1.86,1.65,3.5,4.33,1.67,3.6,4.33,1.67,3.5,4.6,1.65,3.5,4.4,1.7,3.3,4.75,1.6,3.5,4.8,1.7,3.75,5.0,1.65,3.54,4.54,1.66,4.0,6.0,1.95,1.85,1.95,1.91,1.84,1.84,1.89,2.0,-0.75,1.9,1.9,1.9,1.9,1.86,1.84,1.94,1.96,2627,scotland,Division 3
SC3,08/08/2026,15:00,Kelty Hearts,Stirling,3,2,H,2,0,H,G Calder,,,11,8,7,7,13,16,2,3,5,4,0,0,2.0,3.3,3.1,2.05,3.3,3.1,2.05,3.3,3.2,2.05,3.2,3.1,2.1,3.25,3.1,2.1,3.1,3.0,2.1,3.4,3.3,2.04,3.28,3.13,2.18,3.45,3.2,1.95,1.85,1.95,1.91,1.85,1.84,1.93,1.89,-0.5,2.05,1.75,2.05,1.75,2.02,1.69,2.18,1.72,1.95,3.5,3.2,2.0,3.4,3.1,1.93,3.4,3.5,2.05,3.3,3.0,2.2,3.4,2.8,2.0,3.4,3.1,2.2,3.75,3.5,2.01,3.44,3.12,2.32,3.7,3.05,1.8,2.0,1.8,2.0,1.75,1.95,1.85,2.1,-0.25,1.83,1.98,1.83,2.04,1.73,2.0,2.03,1.9,2627,scotland,Division 3
SC3,08/08/2026,15:00,Spartans,Edinburgh City,2,2,D,0,1,A,E Birch,,,5,12,2,3,11,17,2,4,6,5,0,0,1.42,4.0,6.0,1.4,4.2,6.5,1.4,4.33,6.5,1.4,4.4,5.75,1.36,4.5,6.5,1.36,4.2,6.0,1.42,4.5,6.6,1.4,4.3,6.1,1.5,3.95,6.0,1.62,2.25,1.62,2.25,1.59,2.2,1.63,2.26,-1.25,1.98,1.83,1.98,1.83,1.91,1.8,1.98,1.87,1.45,3.75,6.0,1.5,3.75,5.5,1.5,4.0,5.75,1.47,4.0,5.25,1.5,4.0,5.5,1.5,3.8,5.25,1.5,4.4,6.0,1.48,3.94,5.5,1.57,4.6,6.0,1.8,2.0,1.8,2.1,1.7,2.03,1.84,2.08,-1.0,1.83,1.98,1.83,1.98,1.82,1.89,1.97,1.93,2627,scotland,Division 3
SC3,08/08/2026,15:00,Stranraer,Annan Athletic,0,1,A,0,0,D,J Curran,,,8,11,0,3,10,12,5,6,3,1,0,0,2.0,3.3,3.25,1.95,3.4,3.3,2.0,3.3,3.4,1.98,3.2,3.3,2.0,3.4,3.4,1.95,3.3,3.25,2.02,3.4,3.4,1.98,3.3,3.31,2.0,3.4,3.55,1.9,1.9,1.91,1.9,1.85,1.84,1.85,1.92,-0.5,2.05,1.75,2.05,1.8,1.96,1.73,2.0,1.8,1.85,3.4,3.6,1.83,3.4,3.75,1.83,3.4,3.8,1.83,3.3,3.7,1.8,3.4,3.8,1.8,3.3,3.75,1.91,3.5,3.8,1.83,3.38,3.7,1.93,3.75,4.2,1.85,1.95,1.91,1.95,1.84,1.85,1.89,2.02,-0.5,1.88,1.93,1.88,1.93,1.82,1.86,1.93,2.0,2627,scotland,Division 3
SC3,15/08/2026,15:00,Annan Athletic,Clyde,1,2,A,1,1,D,L Hogarth,,,11,13,5,6,12,14,3,4,3,1,0,0,2.88,3.5,2.1,3.1,3.5,2.0,3.2,3.4,2.05,3.0,3.4,2.0,3.1,3.6,2.0,3.0,3.5,2.0,3.2,3.8,2.1,3.08,3.5,2.01,3.35,3.55,2.0,1.75,2.05,1.77,2.05,1.72,1.99,1.65,2.1,0.25,1.98,1.83,1.98,1.83,1.94,1.78,2.02,1.76,2.7,3.5,2.2,2.6,3.4,2.2,2.75,3.5,2.2,2.6,3.4,2.25,2.63,3.4,2.3,2.6,3.3,2.3,2.75,3.8,2.33,2.65,3.5,2.24,3.1,3.85,2.32,1.62,2.25,1.62,2.4,1.59,2.22,1.66,2.36,0.25,1.75,2.05,1.75,2.05,1.75,1.97,1.93,2.02,2627,scotland,Division 3
SC3,15/08/2026,15:00,Dumbarton,Edinburgh City,0,3,A,0,2,A,C Stirling,,,4,16,1,7,18,16,8,2,1,2,0,0,1.91,3.4,3.4,2.0,3.4,3.1,2.05,3.4,3.13,2.05,3.4,2.9,2.0,3.5,3.2,2.0,3.4,3.1,2.05,3.75,3.45,2.0,3.47,3.15,1.9,3.35,2.7,1.8,2.0,1.8,2.0,1.74,1.97,1.67,1.86,-0.25,1.8,2.0,1.8,2.0,1.79,1.93,1.71,1.81,2.2,3.3,2.88,2.2,3.4,2.75,2.25,3.4,2.8,2.15,3.25,2.8,2.2,3.5,2.75,2.15,3.4,2.7,2.25,3.6,2.88,2.2,3.41,2.77,2.38,3.7,2.92,1.8,2.0,1.8,2.1,1.73,1.98,1.81,2.08,-0.25,1.98,1.83,1.98,1.83,1.94,1.78,2.06,1.86,2627,scotland,Division 3
SC3,15/08/2026,15:00,Elgin,Kelty Hearts,4,1,H,1,0,H,M Daly,,,17,6,10,2,10,5,4,4,2,1,0,0,2.3,3.5,2.55,2.2,3.3,2.8,2.25,3.25,2.88,2.25,3.25,2.7,2.25,3.4,2.8,2.2,3.25,2.75,2.35,3.5,2.88,2.26,3.28,2.77,2.24,3.3,2.98,1.9,1.9,1.9,1.91,1.82,1.88,1.84,1.98,-0.25,2.03,1.78,2.03,1.78,1.97,1.75,1.94,1.82,2.3,3.5,2.55,2.2,3.4,2.75,2.25,3.4,2.8,2.25,3.3,2.65,2.2,3.5,2.75,2.15,3.4,2.7,2.35,3.5,2.9,2.24,3.37,2.74,2.32,3.7,3.05,1.8,2.0,1.8,2.0,1.76,1.95,1.76,2.22,-0.25,2.03,1.78,2.03,1.78,1.96,1.75,2.03,1.89,2627,scotland,Division 3
SC3,15/08/2026,15:00,Forfar,Stirling,3,0,H,2,0,H,J Curran,,,10,11,6,3,11,10,8,5,1,2,0,0,2.25,3.4,2.63,2.38,3.3,2.6,2.38,3.25,2.7,2.3,3.2,2.65,2.3,3.4,2.63,2.3,3.25,2.6,2.4,3.4,2.7,2.33,3.28,2.65,2.4,3.2,2.68,1.9,1.9,1.91,1.9,1.85,1.84,1.87,2.1,-0.25,2.05,1.75,2.05,1.75,2.04,1.7,2.07,1.71,2.3,3.4,2.6,2.6,3.3,2.4,2.5,3.3,2.5,2.45,3.25,2.45,2.5,3.3,2.4,2.5,3.25,2.38,2.6,3.6,2.6,2.47,3.34,2.46,2.64,3.75,2.58,1.85,1.95,1.85,2.0,1.78,1.91,1.83,2.12,0.0,1.78,2.03,1.83,2.03,1.82,1.89,1.95,1.92,2627,scotland,Division 3
SC3,15/08/2026,15:00,Stranraer,Spartans,1,0,H,0,0,D,D Graves,,,11,10,4,2,12,13,10,7,3,2,0,0,2.63,3.25,2.35,2.63,3.25,2.38,2.7,3.2,2.4,2.65,3.2,2.3,2.7,3.3,2.3,2.63,3.25,2.3,2.9,3.4,2.4,2.68,3.27,2.33,2.76,3.3,2.5,2.0,1.8,2.0,1.8,1.92,1.79,1.98,1.86,0.0,2.03,1.78,2.03,1.78,1.98,1.75,2.0,1.8,2.55,3.5,2.3,2.6,3.4,2.3,2.7,3.5,2.25,2.6,3.25,2.3,2.6,3.5,2.3,2.5,3.4,2.3,2.7,3.6,2.4,2.61,3.45,2.29,2.84,3.7,2.38,1.6,2.3,1.73,2.3,1.65,2.1,1.73,2.22,0.25,1.78,2.03,1.8,2.03,1.76,1.96,1.84,2.09,2627,scotland,Division 3
SC3,22/08/2026,15:00,Clyde,Forfar,3,0,H,2,0,H,J Hay,,,18,8,5,5,8,11,4,4,0,2,0,0,1.62,3.7,4.5,1.62,3.75,4.5,1.62,3.7,4.8,1.61,3.7,4.4,1.62,3.8,4.75,1.6,3.6,4.6,1.65,4.0,4.8,1.62,3.75,4.49,1.65,3.95,4.4,1.83,1.98,1.83,2.02,1.77,1.94,1.8,1.98,-0.75,1.83,1.98,1.83,1.98,1.79,1.92,1.82,1.94,1.6,3.75,4.5,1.6,3.75,4.6,1.62,3.7,4.75,1.61,3.6,4.5,1.6,3.8,4.75,1.6,3.6,4.6,1.65,3.9,4.75,1.61,3.72,4.54,1.71,4.0,5.2,1.83,1.98,1.83,2.0,1.79,1.93,1.84,2.1,-0.75,1.83,1.98,1.83,1.98,1.79,1.92,1.9,1.99,2627,scotland,Division 3
SC3,22/08/2026,15:00,Edinburgh City,Annan Athletic,1,0,H,0,0,D,C Ashwood,,,10,6,7,3,16,16,3,4,3,4,0,0,2.2,3.4,2.63,2.3,3.4,2.63,2.38,3.4,2.63,2.25,3.3,2.65,2.3,3.5,2.63,2.25,3.4,2.6,2.38,3.6,3.4,2.22,3.46,2.74,2.4,3.6,2.68,1.73,2.08,1.73,2.1,1.69,2.04,1.73,2.02,-0.25,2.03,1.78,2.03,1.78,2.01,1.72,2.09,1.72,2.05,3.5,2.9,2.05,3.5,3.0,2.05,3.4,3.13,2.05,3.3,2.95,2.0,3.6,3.1,2.0,3.4,3.0,2.1,3.66,3.13,2.05,3.46,3.0,2.14,3.9,3.3,1.73,2.08,1.73,2.1,1.69,2.04,1.77,2.16,-0.25,1.85,1.95,1.85,1.95,1.81,1.9,1.87,2.04,2627,scotland,Division 3
SC3,22/08/2026,15:00,Kelty Hearts,Dumbarton,3,1,H,2,1,H,L Hogarth,,,17,12,8,4,14,8,6,4,3,1,0,0,1.67,3.6,4.2,1.67,3.75,4.0,1.7,3.7,4.1,1.68,3.6,4.1,1.67,3.8,4.2,1.67,3.75,4.0,1.73,3.9,4.55,1.67,3.72,4.15,1.57,3.75,3.9,1.65,2.2,1.65,2.2,1.62,2.16,1.5,2.08,-0.75,1.9,1.9,1.9,1.9,1.87,1.83,1.81,1.82,1.7,3.6,4.1,1.67,3.75,4.0,1.7,3.7,4.1,1.68,3.6,4.0,1.67,3.8,4.2,1.67,3.75,4.0,1.73,3.8,4.33,1.69,3.69,4.07,1.83,3.9,4.3,1.67,2.15,1.67,2.3,1.62,2.16,1.7,2.26,-0.5,1.73,2.08,1.73,2.08,1.68,2.03,1.83,2.09,2627,scotland,Division 3
SC3,22/08/2026,15:00,Spartans,Elgin,3,3,D,1,2,A,G Hanvidge,,,10,11,7,7,12,20,2,3,1,4,0,0,1.95,3.4,3.4,2.0,3.4,3.2,1.95,3.4,3.4,1.93,3.3,3.25,2.0,3.5,3.3,1.95,3.4,3.1,2.0,3.5,3.7,1.93,3.42,3.37,2.06,3.45,3.4,1.85,1.95,1.85,2.0,1.77,1.94,1.81,1.94,-0.5,2.0,1.8,2.0,1.88,1.9,1.79,2.06,1.75,1.95,3.4,3.4,2.0,3.4,3.1,1.95,3.4,3.4,1.98,3.2,3.3,2.0,3.5,3.1,1.95,3.4,3.1,2.05,3.5,3.66,1.98,3.34,3.29,2.18,3.6,3.45,1.85,1.95,1.85,2.0,1.78,1.93,1.87,2.04,-0.25,1.78,2.03,1.78,2.03,1.72,2.01,1.88,2.01,2627,scotland,Division 3
SC3,22/08/2026,15:00,Stirling,Stranraer,2,2,D,0,2,A,E Birch,,,13,9,8,6,13,12,9,8,3,1,0,0,2.6,3.3,2.3,2.6,3.3,2.38,2.6,3.3,2.4,2.6,3.3,2.3,2.63,3.4,2.4,2.5,3.3,2.38,2.7,3.5,2.7,2.55,3.34,2.4,2.66,3.4,2.46,1.8,2.0,1.8,2.0,1.75,1.95,1.64,1.98,0.0,2.0,1.8,2.0,1.8,1.93,1.78,1.95,1.74,2.7,3.4,2.25,2.75,3.3,2.25,2.75,3.4,2.25,2.8,3.25,2.15,2.8,3.5,2.15,2.8,3.4,2.15,2.88,3.5,2.25,2.78,3.38,2.2,2.74,3.6,2.48,1.8,2.0,1.8,2.1,1.72,1.99,1.8,2.12,0.0,2.08,1.73,2.08,1.75,2.03,1.7,2.05,1.85,2627,scotland,Division 3
SC3,28/08/2026,19:45,Edinburgh City,Forfar,1,1,D,0,0,D,G Soutar,,,20,7,6,4,15,16,10,8,4,2,0,0,1.6,3.7,4.75,1.62,3.6,4.5,1.6,3.7,4.8,1.65,3.5,4.5,1.7,3.5,4.5,1.7,3.3,4.33,1.7,3.8,4.8,1.65,3.6,4.48,1.7,3.9,5.2,1.85,1.95,1.85,1.95,1.82,1.88,1.89,2.0,-0.75,1.8,2.0,1.9,2.0,1.81,1.9,1.88,1.99,1.75,3.5,3.9,1.73,3.5,4.0,1.75,3.5,4.1,1.71,3.4,4.1,1.7,3.6,4.2,1.7,3.5,4.0,1.83,3.6,4.35,1.75,3.46,4.01,1.85,3.8,4.5,1.9,1.9,1.9,1.91,1.83,1.87,1.94,1.97,-0.5,1.8,2.0,1.8,2.0,1.75,1.94,1.85,2.06,2627,scotland,Division 3
SC3,29/08/2026,15:00,Annan Athletic,Dumbarton,2,0,H,0,0,D,M Daly,,,11,3,5,1,10,14,5,0,1,2,0,0,1.85,3.6,3.4,1.83,3.6,3.4,1.87,3.6,3.5,1.85,3.5,3.3,1.91,3.7,3.4,1.85,3.5,3.3,1.93,3.7,3.5,1.87,3.56,3.41,1.78,3.6,3.4,1.65,2.2,1.67,2.25,1.61,2.16,1.54,2.0,-0.5,1.9,1.9,1.93,1.9,1.87,1.83,1.78,1.78,1.8,3.6,3.5,1.83,3.6,3.5,1.87,3.6,3.5,1.88,3.4,3.4,1.8,3.75,3.6,1.8,3.6,3.5,1.91,3.75,3.8,1.86,3.55,3.5,1.87,3.9,4.0,1.65,2.2,1.65,2.3,1.61,2.17,1.66,2.36,-0.5,1.83,1.98,1.88,1.98,1.84,1.84,1.87,2.05,2627,scotland,Division 3
SC3,29/08/2026,15:00,Elgin,Stirling,4,0,H,2,0,H,G Grainger,,,13,12,6,3,14,10,3,9,1,1,0,0,1.8,3.5,3.7,1.83,3.6,3.5,1.8,3.6,3.7,1.82,3.5,3.5,1.8,3.8,3.7,1.8,3.6,3.5,1.85,3.8,3.8,1.82,3.56,3.61,1.86,3.8,3.75,1.67,2.15,1.67,2.2,1.63,2.15,1.5,2.02,-0.5,1.85,1.95,1.85,1.95,1.81,1.88,1.86,1.92,1.7,3.6,4.1,1.73,3.75,3.75,1.7,3.7,4.2,1.77,3.5,3.7,1.73,3.75,3.8,1.75,3.6,3.6,1.8,4.2,4.2,1.74,3.69,3.8,1.82,4.2,4.1,1.62,2.25,1.65,2.25,1.61,2.18,1.66,2.36,-0.5,1.73,2.08,1.8,2.08,1.73,1.96,1.84,2.07,2627,scotland,Division 3
SC3,29/08/2026,15:00,Spartans,Clyde,3,3,D,0,1,A,C Stirling,,,21,14,10,7,12,12,10,4,0,4,0,1,2.05,3.5,2.9,2.1,3.5,2.88,2.1,3.4,3.0,2.05,3.4,3.0,2.05,3.6,2.9,2.05,3.5,2.88,2.15,3.6,3.0,2.08,3.47,2.94,2.16,3.5,3.05,1.73,2.08,1.75,2.1,1.7,2.04,1.73,2.02,-0.25,1.85,1.95,1.85,1.95,1.84,1.87,1.88,1.88,2.63,3.5,2.25,2.6,3.5,2.25,2.6,3.6,2.3,2.6,3.4,2.25,2.6,3.6,2.3,2.5,3.5,2.25,2.7,3.6,2.35,2.61,3.48,2.28,2.86,3.75,2.44,1.57,2.35,1.62,2.4,1.56,2.28,1.66,2.44,0.0,2.08,1.73,2.08,1.77,1.97,1.74,2.1,1.8,2627,scotland,Division 3
SC3,29/08/2026,15:00,Stranraer,Kelty Hearts,2,0,H,2,0,H,C Ashwood,,,11,13,4,4,9,19,6,7,0,5,0,0,2.05,3.4,3.0,2.1,3.4,2.88,2.1,3.3,3.1,2.05,3.4,2.95,2.05,3.5,3.0,2.05,3.4,2.9,2.1,3.5,3.1,2.07,3.41,3.0,2.12,3.2,3.2,1.8,2.0,1.8,2.0,1.75,1.95,1.81,2.02,-0.25,1.85,1.95,1.85,1.95,1.81,1.89,1.84,1.95,2.15,3.4,2.8,2.1,3.4,2.88,2.2,3.4,2.88,2.1,3.3,2.9,2.05,3.5,3.0,2.05,3.4,3.0,2.2,3.6,3.0,2.1,3.43,2.92,2.22,3.7,3.05,1.7,2.1,1.75,2.2,1.69,2.05,1.74,2.2,-0.25,1.95,1.85,1.95,1.85,1.89,1.82,1.95,1.93,2627,scotland,Division 3
N1,07/08/2026,19:00,Cambuur,Excelsior,0,4,A,0,3,A,,0.72,2.87,11,18,2,9,6,11,5,8,0,0,0,0,2.6,3.4,2.7,2.5,3.5,2.5,2.5,3.5,2.63,2.5,3.5,2.65,2.4,3.5,2.5,2.38,3.4,2.45,2.6,3.5,2.75,2.49,3.47,2.6,2.64,3.7,2.78,1.75,2.05,1.75,2.15,1.69,2.08,1.8,2.22,0.0,1.85,1.95,1.85,1.95,1.82,1.9,1.93,2.02,2.8,3.4,2.5,2.6,3.5,2.4,2.7,3.6,2.5,2.6,3.4,2.6,2.6,3.3,2.4,2.5,3.2,2.4,2.8,3.6,2.6,2.64,3.44,2.5,2.82,3.7,2.64,1.75,2.05,1.75,2.2,1.69,2.08,1.8,2.22,0.0,2.0,1.8,2.0,1.8,1.94,1.79,2.06,1.93,2627,netherlands,Eredivisie
N1,08/08/2026,15:30,Nijmegen,Telstar,1,2,A,0,2,A,,2.15,1.66,27,8,4,3,12,14,13,3,2,2,0,0,1.5,4.5,6.0,1.44,4.5,5.5,1.44,4.75,6.0,1.49,4.8,5.75,1.4,4.5,5.5,1.4,4.33,5.5,1.5,5.0,6.0,1.46,4.67,5.72,1.53,5.2,6.0,1.44,2.7,1.44,2.88,1.4,2.75,1.46,2.98,-1.25,2.0,1.8,2.0,1.8,1.95,1.78,2.05,1.85,1.45,4.75,6.25,1.44,4.6,5.5,1.45,5.0,6.0,1.49,5.0,5.5,1.36,4.75,5.5,1.4,4.5,5.5,1.49,5.0,6.25,1.44,4.87,5.81,1.51,5.2,6.8,1.33,3.4,1.36,3.4,1.34,3.1,1.39,3.45,-1.25,1.9,1.9,1.9,1.9,1.87,1.86,1.98,1.97,2627,netherlands,Eredivisie
N1,08/08/2026,17:45,Go Ahead Eagles,Willem II,4,1,H,1,1,D,,2.43,1.51,20,13,10,1,6,14,6,2,2,1,0,0,1.65,4.1,4.75,1.62,4.0,4.5,1.65,4.1,4.6,1.68,4.0,4.75,1.62,4.0,4.5,1.6,3.9,4.2,1.68,4.33,4.8,1.64,4.07,4.59,1.7,4.0,4.9,1.57,2.35,1.57,2.4,1.55,2.32,1.6,2.42,-0.75,1.8,2.0,1.8,2.0,1.78,1.95,1.88,2.01,1.5,4.5,6.0,1.5,4.33,5.5,1.5,4.6,6.0,1.53,4.4,5.75,1.44,4.0,5.5,1.44,4.0,5.5,1.55,4.6,6.0,1.5,4.35,5.75,1.56,4.6,6.6,1.5,2.5,1.53,2.5,1.51,2.43,1.59,2.66,-1.0,1.78,2.03,1.9,2.03,1.78,1.95,1.89,2.08,2627,netherlands,Eredivisie
N1,08/08/2026,19:00,PSV Eindhoven,For Sittard,2,2,D,0,1,A,,2.3,1.01,21,8,6,6,9,6,9,0,1,1,0,0,1.2,7.5,12.0,1.17,7.0,11.0,1.17,7.5,13.0,1.21,7.75,11.0,1.14,7.5,11.0,1.14,7.0,9.5,1.21,8.5,13.0,1.18,7.47,11.23,1.21,8.8,14.5,1.22,4.2,1.22,4.5,1.21,4.13,1.25,4.5,-2.25,1.98,1.83,1.98,1.83,1.94,1.79,1.98,1.93,1.2,7.5,13.0,1.14,7.5,13.0,1.17,8.5,13.0,1.2,8.0,11.0,1.1,8.0,13.0,1.11,7.5,12.0,1.2,9.5,15.0,1.16,8.07,12.63,1.17,9.8,20.0,1.2,4.33,1.2,4.8,1.18,4.37,1.23,5.1,-2.5,2.1,1.7,2.1,1.78,2.03,1.72,2.07,1.87,2627,netherlands,Eredivisie
N1,08/08/2026,20:00,AZ Alkmaar,Den Haag,2,0,H,0,0,D,,2.67,0.95,12,10,4,0,9,14,9,7,0,1,0,0,1.45,4.5,7.0,1.4,4.6,6.0,1.44,4.6,6.5,1.47,4.75,6.0,1.4,4.5,6.0,1.4,4.2,5.75,1.48,5.0,7.0,1.44,4.61,6.08,1.51,5.0,6.8,1.53,2.4,1.53,2.63,1.48,2.5,1.53,2.66,-1.25,1.95,1.85,1.95,1.85,1.91,1.81,1.99,1.92,1.36,5.0,8.0,1.33,5.0,7.0,1.33,5.5,8.5,1.39,5.0,7.5,1.3,4.75,7.0,1.33,4.6,6.5,1.4,5.5,8.5,1.35,5.09,7.53,1.42,5.4,8.4,1.4,2.88,1.48,2.88,1.41,2.71,1.47,3.0,-1.5,1.98,1.83,2.0,1.83,1.93,1.81,2.03,1.89,2627,netherlands,Eredivisie
N1,09/08/2026,11:15,Sparta Rotterdam,Feyenoord,0,1,A,0,1,A,,1.01,3.53,10,22,0,6,11,8,5,10,3,1,0,0,4.5,4.1,1.7,4.33,4.0,1.67,4.4,4.1,1.67,4.4,4.1,1.7,4.2,4.0,1.62,4.0,3.9,1.62,4.5,4.2,1.73,4.33,4.04,1.67,4.6,4.2,1.71,1.53,2.4,1.53,2.5,1.51,2.42,1.58,2.5,0.75,1.95,1.85,1.95,1.85,1.91,1.81,1.98,1.9,4.75,4.33,1.62,4.6,4.2,1.57,5.0,4.4,1.6,5.0,4.2,1.61,5.0,4.0,1.5,4.8,3.9,1.53,5.25,4.4,1.62,4.94,4.23,1.58,5.6,4.5,1.65,1.53,2.4,1.53,2.63,1.5,2.46,1.57,2.72,1.0,1.78,2.03,1.8,2.03,1.78,1.95,1.88,2.06,2627,netherlands,Eredivisie
N1,09/08/2026,13:30,Groningen,Utrecht,2,1,H,1,0,H,,1.54,2.27,16,14,5,7,12,17,5,1,0,2,0,0,2.3,3.5,3.0,2.3,3.4,2.8,2.3,3.5,2.9,2.35,3.5,2.9,2.2,3.5,2.8,2.15,3.4,2.7,2.35,3.5,3.0,2.28,3.45,2.88,2.36,3.55,3.0,1.8,2.0,1.8,2.0,1.75,1.98,1.78,2.06,-0.25,2.0,1.8,2.0,1.8,1.95,1.78,2.05,1.83,2.2,3.5,3.2,2.2,3.5,2.88,2.2,3.6,3.13,2.25,3.5,3.1,2.1,3.3,3.0,2.1,3.2,3.0,2.25,3.6,3.2,2.19,3.47,3.06,2.3,3.65,3.35,1.75,2.05,1.8,2.05,1.73,2.01,1.83,2.18,-0.25,1.9,1.9,1.9,1.9,1.85,1.87,1.98,1.99,2627,netherlands,Eredivisie
N1,09/08/2026,13:30,Zwolle,Ajax,0,2,A,0,0,D,,0.59,1.54,7,26,2,6,12,10,2,10,2,2,1,0,6.0,4.5,1.5,5.5,4.5,1.44,6.0,4.75,1.45,5.75,4.6,1.51,5.5,4.5,1.4,5.5,4.33,1.4,6.0,4.8,1.51,5.68,4.59,1.46,6.2,4.9,1.49,1.48,2.6,1.48,2.75,1.44,2.62,1.48,2.76,1.0,2.03,1.78,2.05,1.78,2.03,1.72,2.14,1.75,6.5,4.75,1.45,5.5,4.5,1.44,6.5,5.0,1.44,6.0,4.8,1.47,6.0,4.33,1.4,5.75,4.2,1.4,6.5,5.0,1.48,6.0,4.68,1.45,7.4,4.8,1.51,1.44,2.7,1.48,2.75,1.44,2.63,1.52,2.84,1.25,1.85,1.95,1.85,1.95,1.81,1.92,1.91,2.04,2627,netherlands,Eredivisie
N1,09/08/2026,15:45,Heerenveen,Twente,1,0,H,0,0,D,,0.39,1.77,7,18,4,3,7,7,4,8,2,1,0,0,3.0,3.8,2.2,2.88,3.75,2.1,2.9,3.8,2.15,3.0,3.8,2.15,2.88,3.8,2.0,2.8,3.75,2.0,3.0,3.8,2.2,2.93,3.78,2.13,2.94,4.0,2.22,1.48,2.6,1.48,2.63,1.45,2.58,1.51,2.7,0.25,1.9,1.9,1.9,1.9,1.85,1.87,1.92,1.96,3.3,3.9,2.1,3.0,3.75,2.05,3.2,4.0,2.05,3.1,3.75,2.1,3.1,3.6,1.95,3.0,3.5,1.95,3.3,4.0,2.1,3.12,3.78,2.05,3.55,4.1,2.1,1.48,2.6,1.48,2.8,1.45,2.61,1.52,2.84,0.5,1.75,2.05,1.8,2.05,1.74,2.0,1.88,2.12,2627,netherlands,Eredivisie
N1,14/08/2026,19:00,Telstar,Sparta Rotterdam,1,3,A,0,1,A,,1.42,3.08,7,16,1,9,13,17,7,5,1,1,0,0,2.15,3.6,3.2,2.15,3.6,2.88,2.1,3.7,3.1,2.15,3.7,3.1,2.05,3.6,3.1,2.0,3.4,3.0,2.16,3.75,3.2,2.12,3.65,3.05,2.2,3.9,3.35,1.57,2.35,1.58,2.5,1.54,2.37,1.64,2.52,-0.25,1.85,1.95,1.88,1.95,1.84,1.9,1.91,2.06,2.2,3.6,3.1,2.1,3.75,2.88,2.15,3.8,3.1,2.15,3.75,3.0,2.0,3.5,3.1,2.0,3.4,3.0,2.2,3.8,3.1,2.13,3.69,3.03,2.2,3.9,3.4,1.57,2.35,1.58,2.5,1.53,2.39,1.59,2.64,-0.5,2.15,1.68,2.15,1.73,2.1,1.68,2.2,1.82,2627,netherlands,Eredivisie
N1,15/08/2026,15:30,Willem II,Nijmegen,1,4,A,0,1,A,,1.43,2.99,9,21,2,10,10,14,1,2,1,0,0,0,4.75,4.75,1.57,4.6,4.2,1.57,5.0,4.4,1.55,4.8,4.5,1.58,4.75,4.2,1.53,4.6,4.0,1.53,5.0,4.75,1.6,4.69,4.37,1.57,5.1,4.6,1.65,1.44,2.7,1.48,2.75,1.42,2.69,1.47,2.74,1.0,1.85,1.95,1.85,1.95,1.82,1.91,1.88,2.02,4.75,4.75,1.6,4.6,4.2,1.57,5.0,4.4,1.6,4.75,4.33,1.62,4.5,4.2,1.53,4.5,4.0,1.53,5.0,4.75,1.62,4.72,4.38,1.58,5.3,4.8,1.65,1.44,2.7,1.48,2.8,1.43,2.66,1.51,2.92,1.0,1.85,1.95,1.85,1.98,1.8,1.93,1.92,2.02,2627,netherlands,Eredivisie
N1,15/08/2026,17:45,Utrecht,AZ Alkmaar,1,4,A,0,1,A,,0.91,2.1,8,24,2,9,23,14,3,9,4,2,0,0,2.75,3.75,2.38,2.63,3.6,2.3,2.7,3.6,2.38,2.7,3.7,2.37,2.63,3.6,2.25,2.6,3.5,2.2,2.75,3.75,2.4,2.68,3.67,2.34,2.8,3.85,2.5,1.57,2.35,1.6,2.4,1.55,2.34,1.6,2.42,0.0,2.08,1.73,2.08,1.78,2.0,1.74,2.08,1.86,2.9,3.7,2.3,2.75,3.5,2.25,3.0,3.7,2.25,2.9,3.6,2.3,2.8,3.3,2.2,2.8,3.25,2.2,3.0,3.7,2.45,2.87,3.54,2.28,3.15,3.7,2.4,1.7,2.1,1.7,2.3,1.66,2.13,1.75,2.3,0.25,1.8,2.0,1.8,2.1,1.77,1.98,1.9,2.07,2627,netherlands,Eredivisie
N1,15/08/2026,19:00,Excelsior,PSV Eindhoven,1,2,A,0,1,A,,0.51,2.24,5,20,2,8,9,3,1,7,1,0,0,0,5.5,4.33,1.57,4.5,4.33,1.57,4.8,4.6,1.55,4.75,4.5,1.6,4.5,4.33,1.53,4.33,4.2,1.53,5.5,4.6,1.6,4.8,4.4,1.57,5.3,4.6,1.65,1.36,3.1,1.4,3.25,1.34,3.08,1.38,3.2,1.0,1.9,1.9,1.9,1.93,1.85,1.88,1.93,1.96,6.25,4.75,1.45,6.5,5.0,1.36,6.5,5.5,1.4,5.5,5.0,1.47,6.0,4.75,1.33,5.75,4.5,1.36,6.5,5.5,1.48,6.03,5.02,1.42,7.4,5.5,1.45,1.29,3.6,1.33,3.75,1.28,3.41,1.34,3.8,1.25,1.95,1.85,2.0,1.88,1.93,1.81,2.04,1.93,2627,netherlands,Eredivisie
N1,15/08/2026,20:00,For Sittard,Cambuur,3,1,H,2,1,H,,1.91,2.5,17,19,7,7,10,9,6,7,0,2,0,0,1.7,4.0,4.75,1.67,4.0,4.2,1.7,4.1,4.2,1.75,4.1,4.2,1.62,4.0,4.2,1.62,3.9,4.0,1.75,4.2,4.75,1.7,4.04,4.23,1.74,4.3,4.6,1.5,2.5,1.54,2.6,1.49,2.49,1.52,2.68,-0.75,1.88,1.93,1.91,1.93,1.85,1.89,1.92,1.99,1.62,4.1,5.25,1.57,4.2,4.6,1.6,4.4,5.0,1.62,4.33,4.8,1.53,4.0,4.75,1.53,3.9,4.6,1.62,4.4,5.25,1.59,4.21,4.82,1.67,4.5,5.4,1.5,2.5,1.54,2.75,1.47,2.55,1.56,2.76,-1.0,1.95,1.85,2.0,1.85,1.94,1.79,2.09,1.88,2627,netherlands,Eredivisie
N1,16/08/2026,11:15,Den Haag,Groningen,1,4,A,0,3,A,,1.01,3.2,10,17,4,14,11,11,5,2,0,1,0,0,2.75,3.75,2.38,2.63,3.6,2.3,2.7,3.6,2.38,2.8,3.6,2.37,2.63,3.6,2.25,2.5,3.3,2.15,2.8,3.75,2.38,2.7,3.59,2.34,2.84,3.6,2.46,1.65,2.2,1.65,2.25,1.6,2.21,1.64,2.26,0.0,2.03,1.78,2.05,1.8,1.99,1.75,,,2.45,3.7,2.7,2.4,3.5,2.6,2.5,3.6,2.7,2.5,3.6,2.65,2.4,3.3,2.6,2.4,3.2,2.5,2.55,3.7,2.7,2.48,3.52,2.62,2.62,3.65,2.86,1.73,2.08,1.73,2.2,1.68,2.1,1.79,2.24,0.0,1.8,2.0,1.85,2.0,1.8,1.92,1.9,2.08,2627,netherlands,Eredivisie
N1,16/08/2026,13:30,Feyenoord,Go Ahead Eagles,2,2,D,2,0,H,,2.89,1.51,27,14,6,6,3,8,6,6,0,0,0,0,1.36,5.5,7.5,1.33,5.0,7.0,1.33,5.5,7.0,1.41,5.25,6.5,1.29,5.5,7.0,1.29,5.0,6.5,1.41,5.5,7.5,1.35,5.31,6.72,1.42,5.5,7.4,1.36,3.1,1.37,3.25,1.33,3.14,1.37,3.25,-1.5,1.95,1.85,1.95,1.85,1.91,1.81,,,1.25,7.0,10.0,1.2,6.5,10.0,1.25,6.5,10.5,1.26,6.5,9.5,1.2,6.0,9.5,1.2,5.75,8.5,1.26,7.0,12.0,1.23,6.46,9.88,1.28,7.2,11.5,1.29,3.6,1.3,3.6,1.28,3.45,1.33,3.85,-2.0,1.98,1.83,2.04,1.83,1.99,1.75,2.05,1.89,2627,netherlands,Eredivisie
N1,16/08/2026,13:30,Twente,Zwolle,3,1,H,1,1,D,,2.08,0.68,27,8,10,3,11,6,6,3,0,0,0,0,1.29,6.0,9.5,1.22,6.0,10.0,1.22,6.5,11.0,1.26,6.5,9.75,1.18,6.0,10.0,1.2,5.75,9.0,1.29,7.0,11.0,1.23,6.24,10.1,1.25,6.8,11.5,1.36,3.1,1.36,3.1,1.34,3.04,1.01,1.25,-1.75,1.83,1.98,1.83,1.98,1.79,1.95,,,1.29,6.25,9.0,1.22,6.0,9.5,1.25,6.5,10.5,1.3,5.75,8.75,1.2,6.0,9.0,1.22,5.75,8.0,1.3,6.5,10.5,1.26,6.06,9.23,1.29,6.8,11.5,1.4,2.88,1.4,3.2,1.37,2.93,1.42,3.3,-1.75,1.93,1.88,1.93,1.9,1.88,1.86,1.95,1.97,2627,netherlands,Eredivisie
N1,16/08/2026,15:45,Ajax,Heerenveen,2,2,D,2,1,H,,2.0,1.37,23,14,4,8,8,10,7,2,3,1,0,0,1.44,4.5,7.0,1.4,4.6,6.5,1.4,5.0,6.5,1.46,4.8,6.0,1.36,4.5,6.0,1.36,4.33,5.75,1.46,5.0,7.0,1.41,4.74,6.15,1.49,5.1,6.6,1.4,2.88,1.42,3.0,1.38,2.84,1.43,2.98,-1.25,1.9,1.9,1.93,1.9,1.87,1.86,,,1.44,4.75,6.5,1.4,4.6,6.5,1.4,5.25,7.0,1.46,4.8,6.0,1.36,4.4,6.0,1.4,4.2,6.0,1.46,5.25,7.0,1.42,4.75,6.28,1.49,4.9,7.6,1.44,2.7,1.44,3.2,1.38,2.87,1.46,3.05,-1.25,1.85,1.95,1.9,1.95,1.84,1.89,1.97,1.99,2627,netherlands,Eredivisie
N1,22/08/2026,15:30,For Sittard,AZ Alkmaar,0,2,A,0,0,D,,0.44,4.35,4,26,2,11,9,11,1,15,0,1,1,0,5.25,4.2,1.6,4.6,4.2,1.57,5.0,4.33,1.57,4.8,4.33,1.61,4.5,4.2,1.53,4.33,4.0,1.53,5.25,4.5,1.61,4.75,4.28,1.59,5.4,4.5,1.65,1.48,2.6,1.5,2.75,1.45,2.6,1.53,2.74,1.0,1.85,1.95,1.85,1.95,1.81,1.93,1.89,2.02,5.5,4.33,1.57,4.6,4.2,1.57,5.25,4.6,1.55,5.0,4.33,1.6,5.0,4.0,1.5,4.6,3.9,1.53,5.5,4.6,1.6,4.97,4.31,1.57,5.6,4.5,1.64,1.44,2.7,1.5,2.8,1.44,2.66,1.51,2.88,1.0,1.9,1.9,1.9,1.98,1.84,1.89,1.95,2.02,2627,netherlands,Eredivisie
N1,22/08/2026,17:45,Sparta Rotterdam,Utrecht,3,3,D,1,1,D,,1.73,1.93,14,16,5,4,10,13,5,7,0,0,0,0,2.63,3.4,2.63,2.5,3.4,2.5,2.55,3.5,2.55,2.6,3.6,2.55,2.5,3.5,2.5,2.45,3.4,2.45,2.63,3.6,2.63,2.54,3.47,2.55,2.68,3.65,2.72,1.7,2.1,1.73,2.1,1.69,2.07,1.78,2.18,0.0,1.9,1.9,1.9,1.9,1.86,1.87,1.96,1.99,2.45,3.4,2.8,2.5,3.4,2.5,2.55,3.6,2.63,2.55,3.4,2.65,2.45,3.3,2.5,2.45,3.2,2.5,2.6,3.6,2.8,2.52,3.43,2.62,2.7,3.65,2.76,1.7,2.1,1.73,2.1,1.69,2.07,1.77,2.26,0.0,1.8,2.0,1.9,2.0,1.83,1.9,1.97,2.01,2627,netherlands,Eredivisie
N1,22/08/2026,20:00,Heerenveen,Zwolle,0,2,A,0,0,D,,0.85,1.55,18,20,5,7,6,13,5,3,1,2,0,0,1.6,4.2,5.25,1.53,4.33,5.0,1.55,4.4,5.0,1.6,4.33,5.0,1.5,4.5,4.75,1.5,4.2,4.6,1.6,4.5,5.25,1.56,4.37,4.92,1.63,4.7,5.2,1.44,2.7,1.48,2.75,1.42,2.7,1.43,2.64,-1.0,1.93,1.88,1.93,1.9,1.89,1.85,1.99,1.92,1.48,4.75,6.0,1.44,4.5,5.5,1.45,5.0,6.0,1.5,4.75,5.75,1.44,4.33,5.5,1.44,4.2,5.25,1.5,5.0,6.0,1.47,4.65,5.7,1.52,4.9,6.6,1.44,2.7,1.45,2.88,1.42,2.72,1.48,3.0,-1.25,1.98,1.83,2.0,1.83,1.95,1.79,2.05,1.89,2627,netherlands,Eredivisie
N1,23/08/2026,11:15,Go Ahead Eagles,Den Haag,3,1,H,1,0,H,,0.85,0.84,11,16,5,3,10,13,5,3,1,2,0,0,1.73,3.8,4.75,1.7,4.0,4.0,1.7,4.1,4.2,1.75,4.0,4.2,1.7,4.0,4.0,1.67,3.75,3.75,1.75,4.1,4.75,1.71,3.98,4.16,1.74,4.3,4.7,1.53,2.4,1.58,2.5,1.52,2.41,1.56,2.56,-0.75,1.93,1.88,1.93,1.9,1.88,1.86,1.93,1.99,1.67,4.1,4.75,1.67,4.0,4.33,1.65,4.2,4.75,1.7,4.1,4.4,1.62,3.8,4.2,1.62,3.75,4.0,1.7,4.2,4.75,1.67,4.08,4.44,1.73,4.4,4.9,1.44,2.7,1.48,2.9,1.42,2.72,1.48,3.0,-0.75,1.83,1.98,1.85,1.98,1.79,1.95,1.91,2.06,2627,netherlands,Eredivisie
N1,23/08/2026,13:30,PSV Eindhoven,Groningen,5,1,H,3,1,H,,4.41,1.08,24,7,12,4,10,4,9,4,1,1,0,0,1.36,5.0,8.5,1.3,5.5,7.5,1.3,5.75,8.0,1.38,5.5,6.75,1.29,5.5,7.0,1.29,5.0,6.5,1.38,5.75,8.5,1.33,5.41,7.24,1.37,5.8,8.2,1.33,3.4,1.34,3.4,1.31,3.25,1.3,3.45,-1.5,1.85,1.95,1.9,1.95,1.84,1.87,,,1.3,5.75,9.0,1.25,6.0,8.5,1.25,7.0,9.5,1.3,6.25,8.0,1.2,5.5,8.5,1.22,5.5,8.0,1.3,7.0,9.5,1.27,6.22,8.42,1.3,6.8,10.5,1.25,4.0,1.27,4.33,1.23,3.87,1.28,4.4,-1.75,1.9,1.9,1.9,1.95,1.83,1.9,1.94,2.03,2627,netherlands,Eredivisie
N1,23/08/2026,15:45,Cambuur,Feyenoord,2,5,A,0,4,A,,1.07,2.57,11,14,4,7,14,13,3,3,0,1,0,0,11.0,5.75,1.27,9.5,5.5,1.25,10.0,6.0,1.25,9.5,6.0,1.29,9.5,6.0,1.2,8.5,5.5,1.22,11.0,6.0,1.29,9.37,5.82,1.26,10.5,6.0,1.32,1.4,2.88,1.42,2.88,1.4,2.75,1.38,2.9,1.5,2.05,1.75,2.1,1.75,2.03,1.72,,,12.0,6.5,1.22,10.0,6.5,1.2,13.0,7.0,1.2,10.0,6.75,1.24,10.0,6.0,1.17,9.5,6.0,1.17,13.0,7.0,1.25,10.66,6.69,1.22,14.0,7.4,1.25,1.3,3.5,1.33,3.5,1.3,3.32,1.36,3.65,2.0,1.85,1.95,1.85,2.0,1.81,1.92,1.94,2.02,2627,netherlands,Eredivisie
N1,28/08/2026,19:00,Groningen,For Sittard,2,3,A,1,2,A,,1.6,0.88,22,9,2,5,8,8,7,2,3,4,0,0,1.45,4.75,6.25,1.44,4.5,5.5,1.44,4.75,6.0,1.49,4.6,6.0,1.44,4.5,5.5,1.44,4.33,5.25,1.49,4.9,6.25,1.46,4.63,5.8,1.53,5.0,6.4,1.48,2.6,1.5,2.8,1.45,2.62,1.53,2.84,-1.25,1.95,1.85,1.98,1.85,1.94,1.8,2.03,1.9,1.48,4.75,6.25,1.44,4.33,6.0,1.45,4.75,6.5,1.49,4.6,6.0,1.44,4.2,5.5,1.44,4.0,5.25,1.5,4.75,6.5,1.47,4.53,5.87,1.57,4.7,6.2,1.5,2.5,1.52,2.7,1.48,2.53,1.55,2.76,-1.0,1.73,2.08,1.78,2.08,1.72,2.03,1.85,2.11,2627,netherlands,Eredivisie
N1,29/08/2026,15:30,Excelsior,Sparta Rotterdam,2,1,H,1,0,H,,1.2,0.97,15,10,5,2,13,7,6,4,2,1,0,0,2.4,3.8,2.63,2.3,3.6,2.63,2.3,3.7,2.7,2.37,3.7,2.7,2.3,3.6,2.63,2.25,3.5,2.5,2.4,3.8,2.75,2.33,3.67,2.66,2.52,3.8,2.82,1.53,2.4,1.58,2.5,1.52,2.4,1.56,2.46,-0.25,2.05,1.75,2.05,1.75,2.03,1.73,2.15,1.84,2.2,3.75,3.0,2.1,3.6,3.0,2.2,3.75,3.0,2.2,3.7,3.1,2.1,3.5,2.88,2.1,3.4,2.8,2.22,3.75,3.1,2.17,3.63,2.97,2.26,3.8,3.3,1.62,2.25,1.62,2.4,1.58,2.27,1.66,2.46,-0.25,1.93,1.88,1.93,1.9,1.88,1.86,1.96,2.01,2627,netherlands,Eredivisie
N1,29/08/2026,17:45,AZ Alkmaar,Go Ahead Eagles,5,2,H,2,1,H,,2.39,1.82,20,10,8,4,9,6,8,4,0,0,0,0,1.4,5.0,7.5,1.33,5.0,7.0,1.36,5.25,7.0,1.41,5.25,6.75,1.33,5.0,7.0,1.33,4.75,6.25,1.41,5.4,7.5,1.37,5.1,6.74,1.43,5.4,7.6,1.4,2.88,1.4,3.1,1.36,2.98,1.36,3.2,-1.5,2.0,1.8,2.0,1.8,1.96,1.77,2.04,1.83,1.33,5.5,8.5,1.3,5.5,7.5,1.3,6.0,9.0,1.35,5.75,7.25,1.29,5.0,7.5,1.3,4.8,7.0,1.35,6.0,9.0,1.32,5.57,7.61,1.38,5.7,9.4,1.33,3.4,1.34,3.4,1.32,3.21,1.37,3.55,-1.5,1.83,1.98,1.85,1.98,1.82,1.91,1.94,1.99,2627,netherlands,Eredivisie
N1,29/08/2026,20:00,Zwolle,Nijmegen,1,3,A,1,2,A,,1.98,1.97,9,8,2,4,17,12,6,7,1,3,0,0,4.5,4.33,1.67,4.33,4.2,1.62,4.33,4.33,1.65,4.33,4.2,1.7,4.5,4.2,1.6,4.2,4.0,1.57,4.5,4.5,1.7,4.31,4.27,1.65,4.4,4.5,1.73,1.44,2.7,1.45,2.88,1.4,2.76,1.46,3.0,0.75,1.98,1.83,2.0,1.85,1.94,1.8,2.03,1.9,3.2,4.1,2.0,3.2,4.0,1.9,3.2,4.2,2.0,3.3,4.0,1.98,3.2,3.8,1.91,3.1,3.6,1.91,3.4,4.2,2.0,3.24,4.01,1.95,3.55,4.2,2.04,1.36,3.1,1.4,3.25,1.36,3.0,1.42,3.3,0.5,1.8,2.0,1.85,2.0,1.82,1.91,,,2627,netherlands,Eredivisie
N1,30/08/2026,11:15,Utrecht,PSV Eindhoven,1,6,A,1,2,A,,0.3,3.58,1,30,1,14,21,8,0,13,5,1,0,0,4.5,4.33,1.67,4.2,4.2,1.62,4.33,4.33,1.65,4.4,4.33,1.68,4.2,4.33,1.62,4.0,4.2,1.6,4.5,4.4,1.68,4.26,4.3,1.65,4.6,4.7,1.67,1.4,2.88,1.42,3.0,1.37,2.91,1.39,2.72,0.75,2.0,1.8,2.0,1.8,1.96,1.78,2.09,1.84,5.75,5.0,1.45,5.5,5.0,1.4,6.0,5.25,1.44,5.5,5.25,1.47,5.5,4.75,1.4,5.5,4.6,1.36,6.0,5.25,1.48,5.61,5.04,1.44,6.4,5.4,1.49,1.29,3.6,1.3,4.2,1.25,3.7,1.3,4.3,1.25,1.9,1.9,1.9,1.91,1.88,1.85,1.98,1.99,2627,netherlands,Eredivisie
N1,30/08/2026,13:30,Feyenoord,Den Haag,2,2,D,0,1,A,,2.48,0.24,33,8,12,3,5,9,11,3,0,3,0,0,1.17,8.0,15.0,1.14,7.5,13.0,1.13,8.5,15.0,1.18,8.25,12.5,1.13,7.0,14.0,1.13,6.5,11.0,1.18,8.5,16.0,1.15,7.8,13.58,1.19,9.0,17.0,1.29,3.6,1.29,3.75,1.27,3.52,1.3,3.9,-2.25,1.9,1.9,1.9,1.9,1.85,1.88,,,1.2,7.0,13.0,1.17,7.0,12.0,1.17,8.0,15.0,1.21,7.75,10.5,1.13,7.0,12.0,1.14,7.0,10.5,1.22,8.0,15.0,1.18,7.4,12.03,1.2,8.6,16.5,1.25,4.0,1.27,4.2,1.24,3.84,1.28,4.4,-2.0,1.75,2.05,1.78,2.05,1.72,2.03,1.86,2.11,2627,netherlands,Eredivisie
N1,30/08/2026,13:30,Willem II,Heerenveen,2,2,D,0,0,D,,1.7,1.36,12,13,5,5,9,5,9,7,0,0,0,0,4.0,4.33,1.75,3.6,4.0,1.8,3.9,4.1,1.75,3.9,4.1,1.8,3.7,4.0,1.75,3.5,3.8,1.73,4.0,4.33,1.81,3.77,4.1,1.77,4.0,4.3,1.84,1.44,2.7,1.45,2.88,1.41,2.72,1.44,1.12,0.5,2.08,1.73,2.08,1.8,2.0,1.74,,,4.0,4.33,1.75,3.75,4.0,1.73,4.2,4.33,1.73,4.1,4.1,1.75,3.8,3.8,1.7,3.8,3.75,1.7,4.2,4.33,1.77,4.0,4.1,1.73,4.4,4.3,1.82,1.44,2.7,1.48,2.88,1.42,2.72,1.5,2.94,0.75,1.9,1.9,1.9,1.93,1.86,1.87,1.92,2.03,2627,netherlands,Eredivisie
N1,30/08/2026,15:45,Telstar,Ajax,0,4,A,0,1,A,,1.13,2.14,11,12,4,9,11,13,5,4,0,0,0,0,5.0,4.5,1.57,4.6,4.2,1.57,4.8,4.4,1.57,5.0,4.5,1.58,5.0,4.5,1.5,4.6,4.33,1.44,5.0,4.5,1.6,4.73,4.41,1.56,5.5,5.0,1.58,1.4,2.88,1.42,3.0,1.38,2.88,1.42,3.0,1.0,1.85,1.95,1.85,1.95,1.82,1.91,,,5.5,4.75,1.5,5.5,4.6,1.44,6.0,5.0,1.45,5.5,4.8,1.51,5.5,4.4,1.44,5.25,4.2,1.44,6.0,5.0,1.52,5.43,4.78,1.48,6.2,4.9,1.56,1.36,3.1,1.37,3.25,1.34,3.06,1.41,3.3,1.25,1.8,2.0,1.8,2.0,1.79,1.95,1.86,2.12,2627,netherlands,Eredivisie
N1,30/08/2026,19:00,Cambuur,Twente,1,4,A,0,2,A,,0.47,1.76,10,23,3,10,6,14,2,9,1,1,0,0,7.5,5.75,1.33,8.0,5.0,1.3,8.0,5.25,1.33,7.5,5.25,1.36,8.0,5.5,1.25,7.0,5.0,1.25,8.0,5.75,1.36,7.6,5.28,1.32,8.6,5.5,1.39,1.44,2.7,1.44,2.75,1.41,2.73,1.44,2.86,1.5,1.88,1.93,1.9,1.93,1.85,1.87,,,7.0,6.25,1.3,8.5,6.0,1.25,9.0,6.0,1.3,7.5,6.0,1.33,8.0,5.5,1.25,7.5,5.25,1.25,9.0,6.25,1.33,8.0,5.84,1.29,10.0,6.2,1.34,1.3,3.5,1.35,3.5,1.31,3.27,1.36,3.75,1.5,1.98,1.83,2.0,1.83,1.97,1.77,,,2627,netherlands,Eredivisie
B1,07/08/2026,19:45,Club Brugge,Kortrijk,3,0,H,1,0,H,,3.85,0.86,20,9,8,3,6,10,6,1,1,1,0,0,1.22,6.0,10.0,1.2,6.0,11.0,1.2,6.5,11.5,1.25,6.5,10.0,1.17,6.0,10.0,1.2,5.75,9.5,1.25,6.5,11.5,1.22,6.26,10.3,1.27,7.2,13.5,1.36,3.1,1.4,3.1,1.36,2.92,1.43,3.2,-1.75,1.8,2.0,1.8,2.0,1.77,1.97,1.84,2.08,1.18,6.5,12.0,1.18,6.5,11.0,1.17,7.5,13.0,1.22,7.0,11.0,1.13,6.5,12.0,1.17,6.25,9.5,1.22,7.5,13.0,1.19,6.91,11.3,1.23,8.0,16.0,1.36,3.1,1.36,3.4,1.32,3.17,1.38,3.5,-2.0,1.85,1.95,1.85,1.95,1.82,1.91,1.95,1.99,2627,belgium,Jupiler League
B1,08/08/2026,17:15,Standard,Cercle Brugge,2,2,D,1,1,D,,2.59,1.47,20,18,6,2,9,13,7,11,1,1,0,0,2.2,3.5,2.8,2.3,3.3,2.8,2.38,3.25,2.8,2.4,3.4,2.87,2.3,3.3,2.75,2.25,3.25,2.7,2.4,3.5,2.9,2.33,3.34,2.82,2.5,3.5,2.9,1.95,1.85,2.0,1.85,1.92,1.79,1.99,1.85,-0.25,2.08,1.73,2.08,1.77,2.02,1.73,2.14,1.77,2.2,3.6,2.75,2.3,3.4,2.8,2.3,3.3,3.0,2.4,3.4,2.87,2.2,3.2,2.88,2.2,3.2,2.8,2.45,3.6,3.0,2.3,3.38,2.86,2.42,3.6,3.2,1.88,1.93,1.91,1.93,1.85,1.86,2.0,1.98,-0.25,2.0,1.8,2.0,1.8,1.95,1.78,2.08,1.9,2627,belgium,Jupiler League
B1,08/08/2026,19:45,St Truiden,Lommel SK,1,1,D,0,1,A,,1.99,1.5,32,9,4,2,13,7,6,2,1,0,0,0,1.6,3.75,5.25,1.6,3.75,5.0,1.6,3.8,5.0,1.62,4.0,5.25,1.57,3.8,5.0,1.55,3.75,4.75,1.62,4.0,5.33,1.59,3.86,5.1,1.63,3.95,5.6,1.8,2.0,1.83,2.0,1.78,1.94,1.81,2.04,-0.75,1.78,2.03,1.8,2.03,1.76,1.98,1.8,2.08,1.42,4.5,6.5,1.4,4.33,6.5,1.4,4.6,7.0,1.47,4.6,6.5,1.36,4.33,6.0,1.4,4.2,6.0,1.48,4.75,7.0,1.43,4.49,6.49,1.49,4.9,7.6,1.6,2.3,1.65,2.3,1.6,2.23,1.66,2.44,-1.25,1.98,1.83,1.98,1.83,1.93,1.8,2.05,1.88,2627,belgium,Jupiler League
B1,08/08/2026,19:45,Westerlo,St. Gilloise,1,5,A,1,1,D,,0.76,1.79,12,19,3,10,12,8,4,5,1,2,0,0,3.9,3.75,1.7,4.2,3.6,1.73,4.2,3.6,1.75,4.5,3.75,1.75,4.2,3.6,1.7,4.0,3.5,1.7,4.5,3.8,1.8,4.2,3.68,1.74,4.5,3.65,1.82,1.8,2.0,1.8,2.0,1.77,1.95,1.82,2.02,0.5,2.05,1.75,2.05,1.75,2.01,1.72,2.06,1.82,5.25,4.2,1.48,5.5,4.0,1.53,6.0,4.2,1.5,5.5,4.2,1.57,6.0,3.8,1.44,5.5,3.75,1.5,6.0,4.33,1.58,5.53,4.1,1.52,7.0,4.4,1.58,1.7,2.1,1.75,2.1,1.69,2.06,1.77,2.26,1.0,1.98,1.83,1.98,1.93,1.89,1.83,2.0,1.95,2627,belgium,Jupiler League
B1,09/08/2026,12:30,Gent,Mechelen,2,0,H,2,0,H,,1.16,0.34,15,5,8,2,11,11,4,1,0,1,0,0,1.91,3.5,3.6,1.95,3.5,3.4,1.95,3.4,3.5,2.0,3.5,3.6,1.91,3.5,3.4,1.91,3.4,3.3,2.0,3.6,3.7,1.95,3.48,3.52,1.98,3.45,3.8,1.9,1.9,1.9,1.95,1.82,1.9,1.93,1.81,-0.5,1.98,1.83,1.98,1.83,1.91,1.79,,,1.83,3.4,4.0,1.9,3.4,3.75,1.9,3.4,4.1,1.9,3.4,4.1,1.8,3.25,4.0,1.8,3.2,3.9,1.91,3.5,4.2,1.88,3.4,3.96,1.95,3.6,4.6,2.0,1.8,2.0,1.85,1.94,1.79,2.06,1.9,-0.5,1.85,1.95,1.9,1.95,1.85,1.86,1.95,2.03,2627,belgium,Jupiler League
B1,09/08/2026,15:00,Charleroi,Oud-Heverlee Leuven,3,1,H,1,1,D,,3.14,1.3,24,12,10,3,7,13,6,2,1,2,0,1,1.75,3.5,4.2,1.73,3.5,4.33,1.75,3.5,4.33,1.83,3.6,4.33,1.7,3.5,4.4,1.7,3.4,4.2,1.85,3.6,4.4,1.76,3.52,4.26,1.81,3.55,4.7,2.0,1.8,2.1,1.83,1.98,1.75,1.91,1.85,-0.5,1.78,2.03,1.8,2.05,1.74,1.98,1.81,2.06,1.73,3.6,4.2,1.73,3.6,4.2,1.75,3.7,4.4,1.8,3.75,4.33,1.67,3.5,4.2,1.7,3.5,4.2,1.8,3.8,4.5,1.75,3.65,4.25,1.83,4.0,4.8,1.75,2.05,1.85,2.05,1.76,1.98,1.87,2.12,-0.75,2.0,1.8,2.0,1.8,1.95,1.78,2.05,1.92,2627,belgium,Jupiler League
B1,09/08/2026,15:00,Waregem,Genk,2,1,H,0,1,A,,0.51,0.55,11,10,5,3,13,16,6,3,1,4,0,0,2.9,3.6,2.1,3.0,3.5,2.1,3.0,3.5,2.1,3.2,3.6,2.15,3.0,3.5,2.05,2.9,3.4,2.05,3.2,3.65,2.16,3.03,3.52,2.12,3.15,3.65,2.24,1.73,2.08,1.73,2.1,1.7,2.06,1.62,1.94,0.25,1.9,1.9,1.9,1.9,1.86,1.86,,,3.25,3.7,1.91,3.2,3.5,2.05,3.4,3.6,2.0,3.4,3.7,2.05,3.0,3.4,2.05,2.9,3.4,2.05,3.4,3.7,2.1,3.25,3.58,2.03,3.5,3.85,2.14,1.67,2.15,1.68,2.15,1.65,2.12,1.75,2.3,0.5,1.8,2.0,1.8,2.05,1.74,1.97,1.83,2.16,2627,belgium,Jupiler League
B1,09/08/2026,17:30,Anderlecht,RAAL La Louviere,2,1,H,0,0,D,,3.05,0.74,32,5,7,2,12,12,10,1,2,3,0,1,1.73,3.5,4.2,1.73,3.5,4.5,1.73,3.5,4.4,1.8,3.6,4.5,1.67,3.6,4.4,1.67,3.5,4.2,1.85,3.6,4.5,1.75,3.53,4.39,1.78,3.65,4.8,1.95,1.85,2.0,1.88,1.92,1.8,1.9,1.87,-0.5,1.75,2.05,1.83,2.05,1.73,2.0,,,1.6,3.7,5.0,1.62,3.6,5.0,1.62,3.8,5.25,1.68,3.8,5.0,1.57,3.6,5.0,1.57,3.5,5.0,1.68,3.8,5.5,1.63,3.71,5.03,1.7,4.0,5.9,1.95,1.85,1.95,1.85,1.89,1.83,2.04,1.94,-0.75,1.8,2.0,1.8,2.0,1.78,1.95,1.92,2.07,2627,belgium,Jupiler League
B1,09/08/2026,18:15,Antwerp,Beveren,2,1,H,0,1,A,,2.21,0.96,19,11,7,4,15,7,5,3,2,4,0,0,1.73,3.5,4.33,1.7,3.5,4.6,1.7,3.5,4.6,1.72,3.6,5.0,1.65,3.5,4.75,1.67,3.4,4.6,1.73,3.75,5.0,1.7,3.54,4.66,1.78,3.7,5.0,2.08,1.73,2.1,1.73,2.05,1.7,2.1,1.84,-0.75,2.0,1.8,2.0,1.8,1.93,1.79,,,2.45,3.2,2.7,2.3,3.25,2.88,2.45,3.25,2.8,2.5,3.2,2.87,2.38,3.0,2.8,2.3,3.0,2.75,2.5,3.3,3.8,2.38,3.2,2.89,2.62,3.35,3.05,2.08,1.73,2.1,1.75,2.03,1.71,2.12,1.85,0.0,1.83,1.98,1.83,2.2,1.73,2.02,1.84,2.16,2627,belgium,Jupiler League
B1,14/08/2026,19:45,Cercle Brugge,St Truiden,3,3,D,1,2,A,,4.15,2.05,26,13,8,7,7,9,10,3,0,3,0,0,2.35,3.5,2.88,2.25,3.5,2.75,2.38,3.5,2.8,2.3,3.6,2.87,2.2,3.5,2.7,2.2,3.4,2.7,2.38,3.6,2.9,2.3,3.51,2.81,2.46,3.65,3.0,1.7,2.1,1.73,2.15,1.69,2.08,1.8,2.18,-0.25,2.08,1.73,2.08,1.8,1.99,1.74,2.13,1.84,2.63,3.5,2.5,2.6,3.5,2.4,2.63,3.5,2.45,2.7,3.5,2.5,2.5,3.3,2.4,2.5,3.2,2.4,2.7,3.5,2.6,2.61,3.45,2.47,2.86,3.6,2.64,1.7,2.1,1.7,2.2,1.67,2.1,1.78,2.24,0.0,2.0,1.8,2.0,1.85,1.91,1.81,2.07,1.91,2627,belgium,Jupiler League
B1,15/08/2026,15:00,St. Gilloise,Waregem,0,0,D,0,0,D,,0.89,0.97,9,11,3,4,14,13,9,3,2,0,0,0,1.33,5.0,9.5,1.3,5.0,8.5,1.3,5.0,8.5,1.35,5.0,8.75,1.29,5.0,8.5,1.29,4.75,7.5,1.35,5.25,9.5,1.32,4.99,8.45,1.38,5.3,9.8,1.6,2.3,1.62,2.3,1.59,2.26,1.6,2.18,-1.5,1.95,1.85,1.95,1.85,1.9,1.81,1.85,1.79,1.45,4.1,6.5,1.4,4.33,6.5,1.44,4.4,7.0,1.47,4.33,6.75,1.36,4.2,6.5,1.4,4.0,6.25,1.48,4.5,7.4,1.44,4.31,6.66,1.5,4.7,8.0,1.73,2.08,1.73,2.2,1.67,2.1,1.79,2.24,-1.25,2.0,1.8,2.0,1.8,1.96,1.77,2.09,1.87,2627,belgium,Jupiler League
B1,15/08/2026,17:15,Kortrijk,Antwerp,0,3,A,0,1,A,,0.77,1.19,15,16,2,7,5,11,3,10,1,0,0,0,2.55,3.2,2.7,2.6,3.25,2.5,2.55,3.2,2.6,2.65,3.3,2.65,2.5,3.25,2.5,2.5,3.1,2.45,2.65,3.3,2.7,2.58,3.24,2.59,2.66,3.4,2.74,2.03,1.78,2.05,1.8,2.0,1.74,2.04,1.83,0.0,1.9,1.9,1.9,1.9,1.85,1.86,1.92,1.96,2.5,3.2,2.75,2.5,3.2,2.63,2.55,3.25,2.7,2.55,3.3,2.75,2.3,3.0,2.8,2.38,3.0,2.7,2.65,3.3,2.9,2.48,3.21,2.75,2.62,3.4,3.0,1.98,1.83,2.0,1.83,1.96,1.77,2.08,1.89,0.0,1.78,2.03,1.88,2.1,1.79,1.95,1.86,2.12,2627,belgium,Jupiler League
B1,15/08/2026,19:45,Genk,Westerlo,3,2,H,2,2,D,,4.23,0.85,22,12,7,2,15,14,8,4,3,3,0,0,1.62,4.1,5.0,1.62,4.0,4.5,1.62,4.1,4.4,1.7,4.1,4.4,1.6,4.0,4.4,1.6,3.9,4.2,1.73,4.2,5.0,1.65,3.99,4.51,1.67,4.4,5.1,1.5,2.5,1.52,2.63,1.48,2.52,1.51,2.62,-0.75,1.78,2.03,1.9,2.03,1.8,1.93,1.82,2.14,1.42,5.0,6.5,1.36,5.0,6.5,1.36,5.25,7.0,1.42,5.25,6.25,1.33,4.75,6.0,1.33,4.6,6.0,1.42,5.5,7.0,1.38,5.08,6.37,1.43,5.5,7.8,1.36,3.1,1.36,3.5,1.33,3.15,1.4,3.4,-1.5,2.0,1.8,2.0,1.8,1.95,1.76,2.09,1.87,2627,belgium,Jupiler League
B1,15/08/2026,19:45,Oud-Heverlee Leuven,Club Brugge,0,3,A,0,1,A,,0.73,2.93,16,28,1,9,12,8,4,16,0,0,0,0,6.0,4.75,1.44,7.0,4.6,1.36,7.0,4.8,1.36,6.75,5.0,1.42,6.5,5.0,1.3,6.25,4.75,1.33,7.2,5.0,1.44,6.7,4.83,1.38,7.4,5.2,1.44,1.48,2.6,1.48,2.7,1.45,2.61,1.49,2.78,1.5,1.75,2.05,1.77,2.08,1.72,2.01,1.8,2.1,6.5,4.5,1.44,6.0,4.5,1.44,6.0,4.75,1.44,5.75,4.8,1.49,6.0,4.4,1.36,5.75,4.2,1.4,6.5,4.8,1.49,6.0,4.53,1.44,7.4,5.0,1.49,1.5,2.5,1.5,2.7,1.45,2.61,1.54,2.8,1.25,1.85,1.95,1.85,2.0,1.79,1.94,1.91,2.04,2627,belgium,Jupiler League
B1,16/08/2026,12:30,Beveren,Anderlecht,1,0,H,1,0,H,,0.64,1.27,10,16,3,6,9,15,1,12,0,1,0,0,3.3,3.5,2.1,3.2,3.4,2.05,3.25,3.4,2.05,3.4,3.6,2.05,3.1,3.4,2.0,3.1,3.3,2.0,3.4,3.6,2.1,3.28,3.44,2.05,3.35,3.7,2.18,1.8,2.0,1.8,2.0,1.76,1.96,1.82,2.08,0.5,1.78,2.03,1.8,2.05,1.73,2.0,,,3.0,3.6,2.2,2.88,3.5,2.2,3.0,3.7,2.15,3.0,3.6,2.2,3.0,3.3,2.1,2.9,3.25,2.1,3.1,3.7,2.25,3.01,3.52,2.17,3.3,3.7,2.28,1.62,2.25,1.67,2.25,1.62,2.18,1.73,2.32,0.25,1.88,1.93,1.9,1.93,1.86,1.87,1.97,1.98,2627,belgium,Jupiler League
B1,16/08/2026,15:00,RAAL La Louviere,Gent,1,2,A,1,1,D,,0.54,1.18,11,8,5,3,12,5,6,3,1,0,0,0,3.1,3.25,2.3,2.88,3.3,2.3,2.9,3.3,2.25,3.0,3.5,2.3,2.8,3.3,2.2,2.75,3.25,2.2,3.1,3.5,2.35,2.92,3.34,2.28,3.2,3.4,2.34,1.95,1.85,1.95,1.91,1.87,1.84,1.79,1.78,0.25,1.83,1.98,1.83,1.98,1.79,1.95,,,3.4,3.0,2.3,3.0,3.2,2.25,3.13,3.2,2.3,3.1,3.2,2.37,3.1,2.9,2.2,3.0,2.9,2.2,3.4,3.2,2.37,3.12,3.11,2.3,3.4,3.25,2.42,2.25,1.62,2.25,1.7,2.18,1.63,2.34,1.72,0.25,1.83,1.98,1.83,1.98,1.8,1.93,1.91,2.06,2627,belgium,Jupiler League
B1,16/08/2026,17:30,Mechelen,Standard,3,3,D,1,2,A,,2.75,1.65,19,16,4,7,8,17,5,2,0,3,0,0,2.63,3.3,2.63,2.6,3.3,2.5,2.55,3.25,2.55,2.6,3.4,2.65,,,,,,,2.63,3.4,2.71,2.59,3.26,2.62,,,,1.98,1.83,1.98,1.83,1.92,1.8,,,0.0,1.9,1.9,1.9,1.9,1.86,1.87,,,2.9,3.2,2.45,2.75,3.2,2.4,2.9,3.2,2.45,2.87,3.2,2.5,2.63,2.9,2.5,2.63,2.9,2.5,2.9,3.2,2.7,2.77,3.14,2.51,2.9,3.25,2.76,2.15,1.67,2.15,1.67,2.12,1.66,2.26,1.78,0.0,2.05,1.75,2.05,1.9,1.97,1.77,2.08,1.9,2627,belgium,Jupiler League
B1,16/08/2026,18:15,Lommel SK,Charleroi,0,1,A,0,0,D,,0.34,1.25,8,23,0,5,8,7,2,12,1,0,0,0,3.25,3.4,2.1,3.2,3.5,2.05,3.25,3.4,2.05,3.3,3.5,2.1,,,,,,,3.3,3.6,2.15,3.24,3.46,2.08,,,,1.75,2.05,1.83,2.05,1.78,1.94,,,0.25,1.98,1.83,1.98,1.83,1.94,1.8,,,4.2,3.8,1.75,4.0,3.75,1.73,4.2,3.9,1.73,4.1,3.9,1.8,3.8,3.7,1.73,3.75,3.6,1.73,4.2,3.9,1.83,4.01,3.79,1.77,4.4,4.0,1.87,1.62,2.25,1.67,2.3,1.61,2.2,1.69,2.38,0.5,2.05,1.75,2.05,1.8,1.98,1.74,,,2627,belgium,Jupiler League
B1,21/08/2026,19:45,Standard,RAAL La Louviere,2,0,H,0,0,D,,1.15,1.07,11,13,4,5,11,15,5,1,1,3,0,1,1.95,3.4,3.6,1.9,3.3,3.75,1.93,3.4,3.9,1.98,3.4,3.8,1.85,3.3,3.8,1.83,3.25,3.6,1.98,3.6,4.0,1.92,3.37,3.79,2.02,3.45,4.2,2.05,1.75,2.1,1.78,2.01,1.73,2.12,1.86,-0.5,1.95,1.85,1.95,1.85,1.89,1.82,2.02,1.94,1.85,3.5,3.9,1.83,3.4,4.0,1.8,3.5,4.33,1.9,3.4,4.1,1.75,3.2,4.2,1.8,3.1,3.9,1.91,3.5,4.33,1.84,3.38,4.09,1.97,3.6,4.5,2.03,1.78,2.1,1.8,2.0,1.75,2.1,1.87,-0.5,1.85,1.95,1.88,1.95,1.82,1.89,1.96,2.02,2627,belgium,Jupiler League
B1,22/08/2026,15:00,Waregem,Beveren,4,0,H,2,0,H,,2.62,0.78,17,10,7,3,7,13,1,6,0,3,0,0,1.95,3.5,3.3,2.0,3.5,3.3,2.05,3.4,3.25,2.1,3.4,3.4,1.95,3.5,3.25,1.95,3.4,3.1,2.1,3.55,3.4,2.03,3.46,3.29,2.1,3.15,3.35,1.83,1.98,1.83,2.0,1.78,1.95,1.78,2.0,-0.25,1.78,2.03,1.8,2.03,1.77,1.97,1.78,1.9,2.05,3.7,3.0,2.0,3.6,3.2,2.05,3.6,3.25,2.05,3.5,3.4,1.91,3.5,3.2,1.91,3.5,3.1,2.05,3.7,3.5,2.01,3.57,3.27,2.14,3.7,3.6,1.62,2.25,1.68,2.25,1.65,2.13,1.75,2.28,-0.5,2.08,1.73,2.08,1.8,1.99,1.74,2.14,1.84,2627,belgium,Jupiler League
B1,22/08/2026,17:15,Charleroi,Mechelen,2,0,H,1,0,H,,1.43,0.23,12,5,4,0,8,15,3,2,0,0,0,0,1.75,3.6,4.2,1.73,3.75,4.0,1.7,3.7,4.33,1.78,3.75,4.33,1.7,3.6,4.0,1.7,3.5,3.9,1.78,3.8,4.4,1.73,3.67,4.22,1.75,3.85,5.0,1.8,2.0,1.8,2.05,1.75,2.0,1.68,1.92,-0.75,2.0,1.8,2.0,1.8,1.95,1.78,1.93,1.91,1.67,3.7,4.5,1.62,4.0,4.6,1.65,3.9,4.8,1.68,4.0,4.75,1.57,3.75,4.75,1.6,3.6,4.5,1.7,4.0,4.8,1.65,3.87,4.67,1.72,4.1,5.6,1.73,2.08,1.73,2.1,1.7,2.05,1.8,2.18,-0.75,1.85,1.95,1.85,1.95,1.81,1.91,1.9,2.07,2627,belgium,Jupiler League
B1,22/08/2026,19:45,Antwerp,Genk,4,4,D,1,1,D,,1.86,1.3,15,11,6,7,15,15,5,4,0,2,0,0,3.1,3.4,2.1,3.1,3.4,2.1,3.13,3.4,2.1,3.3,3.5,2.15,3.0,3.3,2.1,3.0,3.25,2.1,3.4,3.5,2.2,3.15,3.38,2.13,3.5,3.25,2.14,1.83,1.98,1.85,1.98,1.81,1.92,1.86,1.98,0.25,1.98,1.83,1.98,1.85,1.91,1.82,2.04,1.85,3.3,3.7,1.95,3.2,3.6,2.0,3.5,3.6,1.95,3.6,3.6,1.98,3.4,3.3,1.91,3.4,3.25,1.91,3.6,3.75,2.05,3.41,3.55,1.97,3.8,3.7,2.1,1.7,2.1,1.73,2.1,1.68,2.09,1.78,2.2,0.5,1.85,1.95,1.85,1.95,1.78,1.92,1.89,2.1,2627,belgium,Jupiler League
B1,23/08/2026,15:00,Lommel SK,Westerlo,4,0,H,2,0,H,,1.34,0.66,13,17,6,4,5,10,5,4,0,1,0,0,2.5,3.3,2.5,2.5,3.4,2.5,2.55,3.4,2.5,2.6,3.5,2.6,2.5,3.4,2.4,2.5,3.3,2.38,2.6,3.5,2.6,2.53,3.4,2.51,2.72,3.7,2.64,1.7,2.1,1.73,2.1,1.71,2.05,1.73,2.18,0.0,1.9,1.9,1.9,1.9,1.86,1.85,,,2.7,3.5,2.2,3.0,3.6,2.1,2.8,3.7,2.25,3.0,3.6,2.2,2.8,3.4,2.15,2.8,3.4,2.15,3.0,3.7,2.25,2.9,3.58,2.19,3.05,3.9,2.36,1.53,2.4,1.58,2.4,1.53,2.37,1.62,2.58,0.25,1.8,2.0,1.85,2.0,1.8,1.93,1.93,2.05,2627,belgium,Jupiler League
B1,23/08/2026,17:30,Club Brugge,Cercle Brugge,1,0,H,1,0,H,,1.76,0.99,15,10,4,4,3,14,9,4,0,1,0,0,1.29,5.25,8.0,1.25,6.0,8.5,1.25,5.75,8.5,1.31,6.25,7.75,1.22,6.0,8.5,1.22,5.5,7.5,1.31,6.25,9.75,1.26,5.78,8.33,1.32,6.2,8.8,1.3,3.5,1.3,3.5,1.29,3.42,1.01,3.35,-1.75,1.95,1.85,1.95,1.9,1.89,1.84,,,1.22,5.75,11.0,1.22,6.0,9.5,1.22,6.0,11.0,1.27,6.5,9.25,1.17,6.0,10.0,1.2,5.75,9.0,1.27,6.5,11.0,1.23,6.13,9.64,1.27,6.8,12.5,1.4,2.88,1.4,3.3,1.36,2.98,1.4,3.4,-1.75,1.8,1.98,1.85,1.98,1.8,1.92,1.94,2.02,2627,belgium,Jupiler League
B1,28/08/2026,19:45,Genk,Beveren,4,0,H,3,0,H,,3.06,0.61,12,13,7,1,7,4,3,9,0,1,0,0,1.42,4.1,6.0,1.44,4.5,6.0,1.44,4.6,6.0,1.49,4.6,6.0,1.36,4.4,6.0,1.4,4.2,5.75,1.49,4.75,6.5,1.44,4.48,6.04,1.5,5.0,6.6,1.48,2.6,1.52,2.6,1.49,2.52,1.52,2.82,-1.25,1.95,1.85,1.98,1.85,1.92,1.8,1.99,1.89,1.53,3.9,5.0,1.57,4.2,4.6,1.53,4.4,5.25,1.6,4.33,5.0,1.5,4.0,5.0,1.53,3.9,4.8,1.6,4.4,5.33,1.55,4.21,5.01,1.63,4.5,5.7,1.5,2.5,1.5,2.63,1.47,2.53,1.56,2.76,-1.0,1.9,1.9,1.9,1.9,1.86,1.86,1.98,1.94,2627,belgium,Jupiler League
B1,29/08/2026,15:00,RAAL La Louviere,Mechelen,2,2,D,2,1,H,,2.17,2.11,14,16,5,7,10,8,1,6,2,2,0,0,2.3,3.2,2.88,2.38,3.1,2.88,2.3,3.2,3.0,2.4,3.3,2.95,2.3,3.0,2.8,2.3,3.0,2.8,2.4,3.3,3.1,2.34,3.13,2.95,2.42,3.15,3.4,2.1,1.7,2.15,1.7,2.11,1.67,2.16,1.71,-0.25,2.03,1.78,2.03,1.78,1.99,1.75,2.05,1.87,2.3,3.2,2.88,2.3,3.2,2.88,2.45,3.2,2.88,2.4,3.3,2.95,2.38,2.88,2.88,2.38,2.88,2.8,2.45,3.3,3.1,2.38,3.13,2.92,2.58,3.2,3.25,2.1,1.7,2.15,1.7,2.11,1.67,2.22,1.77,-0.25,2.1,1.7,2.1,1.77,2.04,1.71,2.18,1.81,2627,belgium,Jupiler League
B1,29/08/2026,17:15,Kortrijk,Charleroi,1,3,A,1,1,D,,1.2,1.69,13,18,5,5,13,10,6,5,1,1,0,0,3.7,3.4,1.91,3.5,3.5,1.91,3.6,3.5,1.91,3.6,3.5,2.0,3.5,3.5,1.9,3.4,3.4,1.85,3.75,3.6,2.0,3.58,3.49,1.94,3.85,3.65,2.08,1.8,2.0,1.8,2.0,1.77,1.96,1.84,2.04,0.5,1.85,1.95,1.85,1.95,1.8,1.91,1.9,2.08,3.0,3.2,2.25,3.0,3.4,2.15,3.0,3.4,2.25,3.2,3.4,2.2,3.0,3.2,2.15,2.9,3.1,2.15,3.2,3.5,2.25,3.06,3.34,2.2,3.25,3.55,2.38,1.85,1.95,1.87,2.0,1.79,1.93,1.9,2.08,0.25,1.83,1.98,1.9,1.98,1.82,1.9,1.92,2.04,2627,belgium,Jupiler League
B1,29/08/2026,19:45,Cercle Brugge,Lommel SK,0,1,A,0,0,D,,1.25,1.63,19,14,3,3,10,10,9,4,2,3,0,0,1.5,4.33,5.25,1.5,4.33,5.5,1.5,4.33,5.25,1.55,4.5,5.5,1.44,4.4,5.5,1.44,4.2,5.25,1.55,4.5,5.5,1.5,4.38,5.38,1.6,4.6,6.0,1.5,2.5,1.5,2.55,1.49,2.5,1.54,2.62,-1.0,1.85,1.95,1.85,1.95,1.81,1.91,1.99,2.0,1.57,4.33,4.5,1.57,4.33,4.6,1.57,4.5,4.75,1.61,4.5,4.6,1.53,4.0,4.5,1.53,4.0,4.5,1.61,4.5,5.1,1.57,4.36,4.64,1.65,4.7,5.2,1.36,3.1,1.47,3.1,1.36,2.95,1.41,3.3,-1.0,1.93,1.88,1.95,1.9,1.9,1.83,2.0,1.93,2627,belgium,Jupiler League
B1,29/08/2026,19:45,Oud-Heverlee Leuven,Standard,1,2,A,0,1,A,,1.89,1.36,22,5,3,3,7,8,6,3,2,2,0,0,2.8,3.25,2.35,2.63,3.4,2.38,2.88,3.3,2.3,2.85,3.5,2.37,2.63,3.3,2.3,2.63,3.25,2.3,2.88,3.5,2.45,2.79,3.33,2.35,3.1,3.25,2.44,1.9,1.9,1.9,1.93,1.84,1.86,1.94,1.92,0.25,1.78,2.03,1.78,2.03,1.75,1.99,1.84,2.09,2.55,3.2,2.55,2.5,3.4,2.5,2.6,3.4,2.55,2.7,3.4,2.55,2.6,3.2,2.4,2.5,3.1,2.45,2.7,3.5,2.6,2.58,3.35,2.53,2.82,3.55,2.68,1.75,2.05,1.83,2.1,1.76,1.97,1.9,2.08,0.0,1.9,1.9,1.9,1.9,1.87,1.85,2.03,1.93,2627,belgium,Jupiler League
B1,30/08/2026,12:30,Gent,Club Brugge,2,1,H,1,1,D,,1.38,0.65,13,8,8,3,14,10,1,5,4,3,1,1,4.1,3.8,1.7,4.2,3.75,1.7,4.2,3.9,1.7,4.33,4.0,1.73,4.2,3.8,1.65,4.0,3.75,1.67,4.33,4.2,1.75,4.15,3.9,1.7,4.7,4.2,1.72,1.6,2.3,1.6,2.38,1.57,2.3,1.62,2.28,0.75,1.88,1.93,1.88,1.93,1.83,1.89,,,4.75,3.8,1.6,4.6,3.75,1.67,5.0,4.1,1.6,5.25,4.1,1.62,4.75,3.7,1.57,4.6,3.6,1.6,5.33,4.1,1.67,4.86,3.9,1.62,5.4,4.1,1.72,1.67,2.15,1.7,2.2,1.66,2.13,1.77,2.24,0.75,2.05,1.75,2.05,1.8,1.99,1.74,2.07,1.92,2627,belgium,Jupiler League
B1,30/08/2026,15:00,Antwerp,St Truiden,1,4,A,0,1,A,,0.77,3.38,18,19,8,7,15,8,6,1,1,3,0,0,2.45,3.4,2.7,2.38,3.5,2.63,2.4,3.4,2.63,2.5,3.5,2.65,2.38,3.4,2.6,2.38,3.3,2.5,2.5,3.5,2.75,2.42,3.41,2.65,2.42,3.15,2.7,1.8,2.0,1.8,2.1,1.75,2.0,1.8,2.04,0.0,1.8,2.0,1.8,2.0,1.78,1.95,,,2.6,3.4,2.5,2.5,3.4,2.5,2.55,3.4,2.6,2.65,3.5,2.55,2.5,3.1,2.5,2.5,3.1,2.5,2.66,3.5,2.6,2.56,3.37,2.53,2.78,3.5,2.74,1.8,2.0,1.83,2.05,1.76,1.97,1.89,2.1,0.0,1.95,1.85,1.95,1.85,1.87,1.85,1.99,1.98,2627,belgium,Jupiler League
B1,30/08/2026,17:30,St. Gilloise,Anderlecht,3,0,H,2,0,H,,1.6,1.35,15,12,7,2,11,14,4,3,2,2,0,0,1.67,3.7,4.75,1.67,3.75,4.5,1.65,3.75,4.6,1.71,3.9,4.6,1.65,3.8,4.4,1.67,3.6,4.2,1.71,3.9,4.75,1.67,3.76,4.54,1.71,3.95,5.0,1.75,2.05,1.8,2.1,1.74,2.01,1.79,2.0,-0.75,1.88,1.93,1.88,1.93,1.84,1.88,,,1.75,3.5,4.33,1.73,3.6,4.2,1.75,3.75,4.33,1.77,3.75,4.5,1.73,3.4,4.2,1.73,3.4,4.0,1.8,3.75,4.5,1.75,3.63,4.32,1.87,3.8,4.7,1.8,2.0,1.83,2.0,1.77,1.96,1.9,2.08,-0.5,1.78,2.03,1.78,2.05,1.72,2.01,1.87,2.12,2627,belgium,Jupiler League
B1,30/08/2026,18:15,Westerlo,Waregem,2,2,D,1,1,D,,2.17,1.5,16,14,7,5,18,12,3,8,1,0,0,0,2.8,3.6,2.2,2.75,3.75,2.2,2.8,3.6,2.2,2.85,3.75,2.25,2.63,3.75,2.2,2.6,3.6,2.15,2.88,3.75,2.25,2.79,3.65,2.22,2.94,3.8,2.42,1.53,2.4,1.55,2.5,1.51,2.43,1.55,2.5,0.25,1.83,1.98,1.83,1.98,1.8,1.93,,,2.75,3.5,2.3,2.75,3.6,2.25,2.8,3.6,2.3,2.87,3.6,2.3,2.63,3.6,2.15,2.7,3.3,2.25,2.87,3.6,2.35,2.75,3.56,2.28,3.0,3.85,2.42,1.57,2.35,1.6,2.5,1.55,2.35,1.63,2.52,0.25,1.78,2.03,1.78,2.03,1.76,1.98,1.87,2.1,2627,belgium,Jupiler League
P1,07/08/2026,20:15,Estoril,Famalicao,1,1,D,0,1,A,,1.22,1.47,14,6,3,3,12,13,7,6,1,2,0,0,2.75,3.3,2.4,2.75,3.25,2.38,2.8,3.25,2.3,2.95,3.25,2.3,2.88,3.3,2.4,2.8,3.5,2.38,3.0,3.5,2.45,2.85,3.28,2.38,3.15,3.4,2.48,1.93,1.93,1.95,1.93,1.91,1.82,2.04,1.93,0.0,2.05,1.8,2.05,1.8,2.02,1.73,2.24,1.76,3.0,3.25,2.3,2.75,3.25,2.38,2.88,3.2,2.3,2.9,3.2,2.4,2.88,3.1,2.45,2.88,3.3,2.4,3.0,3.3,2.5,2.88,3.22,2.39,3.15,3.35,2.54,2.05,1.75,2.05,1.83,1.98,1.75,2.14,1.86,0.25,1.8,2.05,1.8,2.1,1.74,2.01,1.84,2.16,2627,portugal,Liga I
P1,08/08/2026,15:30,Maritimo,Casa Pia,1,0,H,0,0,D,,1.28,0.65,16,9,4,4,17,13,2,6,2,2,0,0,2.32,3.5,2.75,2.5,3.3,2.6,2.3,3.25,2.8,2.4,3.3,2.8,2.5,3.4,2.7,2.45,3.3,2.63,2.5,3.5,2.88,2.41,3.35,2.76,2.44,3.5,3.05,2.0,1.8,2.0,1.91,1.9,1.81,2.04,1.84,0.0,1.7,2.1,1.8,2.1,1.71,2.03,1.76,2.18,1.86,3.3,4.1,1.95,3.1,4.0,1.91,3.13,4.0,1.95,3.2,4.1,1.95,3.2,4.0,1.95,3.3,3.8,2.15,3.35,4.2,1.95,3.19,3.97,2.02,3.4,4.6,2.4,1.53,2.4,1.6,2.31,1.55,2.48,1.66,-0.5,1.98,1.88,2.1,1.88,1.93,1.8,2.02,1.96,2627,portugal,Liga I
P1,08/08/2026,18:00,Guimaraes,Arouca,0,1,A,0,0,D,,2.22,0.49,24,4,3,2,9,7,5,2,2,5,0,1,1.86,3.4,4.0,1.9,3.5,3.6,1.87,3.4,3.75,1.87,3.5,3.9,1.95,3.5,3.8,1.91,3.4,3.6,1.95,3.6,4.0,1.9,3.47,3.83,1.97,3.8,4.1,1.95,1.9,1.95,1.9,1.87,1.84,1.94,2.0,-0.5,1.93,1.93,1.93,1.93,1.86,1.87,1.94,1.98,1.86,3.4,4.0,1.9,3.5,3.6,1.87,3.4,3.75,1.93,3.5,3.75,1.91,3.4,4.0,1.87,3.6,3.8,1.95,3.6,4.0,1.91,3.47,3.81,2.0,3.6,4.3,1.88,1.98,1.93,1.98,1.86,1.86,2.02,1.97,-0.5,1.93,1.93,1.93,1.93,1.88,1.85,2.0,1.98,2627,portugal,Liga I
P1,08/08/2026,20:30,Estrela,Sp Lisbon,2,2,D,0,0,D,,1.01,2.62,9,15,4,8,13,14,5,4,2,2,0,0,12.0,5.75,1.22,12.0,6.0,1.2,11.5,5.75,1.2,10.5,6.0,1.25,13.0,6.0,1.2,11.0,5.75,1.2,13.0,6.5,1.25,11.3,5.96,1.22,15.0,6.4,1.25,1.53,2.4,1.53,2.5,1.51,2.42,1.58,2.36,1.75,1.93,1.93,1.93,1.93,1.88,1.86,1.89,1.97,9.0,4.75,1.3,9.5,5.0,1.29,8.5,4.8,1.3,8.0,5.0,1.35,9.5,5.0,1.3,9.0,5.0,1.3,9.5,5.4,1.36,8.63,4.98,1.32,11.0,5.5,1.36,1.67,2.15,1.67,2.2,1.64,2.16,1.75,2.28,1.5,1.83,2.03,1.85,2.05,1.8,1.94,1.86,2.06,2627,portugal,Liga I
P1,09/08/2026,18:00,Porto,Alverca,2,0,H,2,0,H,,2.59,1.66,10,15,4,5,13,10,7,9,0,4,0,0,1.15,6.5,15.0,1.18,6.0,13.0,1.15,6.5,13.0,1.2,6.5,13.0,1.17,6.5,17.0,1.17,6.25,13.0,1.2,7.0,17.0,1.17,6.4,13.33,,,,1.57,2.35,1.57,2.4,1.54,2.35,,,-2.0,2.03,1.83,2.03,1.83,1.96,1.79,,,1.17,5.75,15.0,1.18,6.0,13.0,1.18,5.75,13.0,1.22,6.0,13.0,1.17,6.0,16.0,1.17,6.5,15.0,1.22,6.5,16.0,1.19,6.0,13.3,1.23,7.0,21.0,1.67,2.15,1.67,2.25,1.63,2.17,1.75,2.3,-1.75,1.88,1.98,1.88,1.98,1.82,1.92,1.9,2.05,2627,portugal,Liga I
P1,09/08/2026,20:30,Benfica,Academico Viseu,2,2,D,1,0,H,,3.12,1.18,28,8,11,4,14,13,10,2,2,4,0,0,1.1,9.0,21.0,1.1,8.0,19.0,1.08,8.0,21.0,1.13,8.5,18.5,1.08,9.5,26.0,1.08,8.5,19.0,1.13,10.0,26.0,1.1,8.53,20.37,1.14,9.8,25.0,1.44,2.7,1.45,2.8,1.41,2.71,1.46,2.8,-2.5,2.05,1.75,2.05,1.8,1.98,1.74,2.09,1.8,1.09,9.0,19.0,1.09,8.5,19.0,1.08,8.5,18.0,1.13,8.75,17.5,1.08,9.0,26.0,1.08,10.0,23.0,1.13,10.0,26.0,1.1,8.93,19.63,1.13,11.0,36.0,1.36,3.1,1.38,3.5,1.34,3.05,1.39,3.4,-2.5,2.0,1.85,2.0,1.9,1.92,1.81,2.09,1.87,2627,portugal,Liga I
P1,09/08/2026,20:30,Gil Vicente,Rio Ave,1,0,H,0,0,D,,1.53,0.3,13,6,5,2,14,9,5,2,1,3,0,1,1.91,3.5,3.8,1.91,3.4,3.75,1.9,3.4,3.7,1.98,3.4,3.6,1.91,3.5,3.8,1.91,3.4,3.6,2.0,3.5,3.9,1.93,3.43,3.74,1.97,3.5,4.0,1.98,1.88,1.98,1.88,1.92,1.81,1.98,1.88,-0.5,1.98,1.88,1.98,1.9,1.9,1.83,,,2.1,3.2,3.4,1.95,3.3,3.6,2.1,3.13,3.3,2.15,3.2,3.4,2.05,3.2,3.7,2.05,3.3,3.6,2.15,3.3,3.7,2.09,3.23,3.47,2.2,3.35,3.95,2.15,1.67,2.2,1.67,2.15,1.64,2.32,1.74,-0.25,1.88,1.98,1.88,1.98,1.81,1.93,1.88,2.1,2627,portugal,Liga I
P1,09/08/2026,20:30,Moreirense,Sp Braga,2,2,D,1,1,D,,0.2,1.5,7,13,3,4,15,20,4,2,4,2,0,0,5.0,3.6,1.66,4.5,3.6,1.7,4.6,3.6,1.67,4.75,3.6,1.7,4.75,3.7,1.67,4.6,3.6,1.67,5.0,3.75,1.73,4.68,3.64,1.7,5.1,3.95,1.69,2.0,1.85,2.0,1.85,1.92,1.8,1.99,1.89,0.75,1.9,1.95,1.9,1.95,1.86,1.88,,,6.0,3.9,1.51,6.0,3.75,1.53,6.0,3.7,1.53,6.0,3.8,1.55,6.0,4.0,1.5,6.0,4.2,1.5,6.6,4.2,1.57,6.05,3.89,1.53,7.0,4.3,1.58,2.08,1.73,2.08,1.83,1.98,1.76,2.14,1.86,1.0,1.85,2.0,1.85,2.0,1.81,1.94,1.9,2.02,2627,portugal,Liga I
P1,10/08/2026,20:15,Santa Clara,Nacional,2,2,D,2,2,D,,1.44,1.24,19,10,7,4,15,14,4,4,2,2,0,0,1.86,3.25,4.2,1.83,3.3,4.0,1.83,3.25,4.1,1.87,3.3,4.2,1.85,3.4,4.2,1.8,3.25,3.9,1.91,3.4,4.4,1.85,3.32,4.17,1.87,3.35,4.6,2.15,1.67,2.15,1.7,2.11,1.65,,,-0.5,1.88,1.98,1.88,1.98,1.82,1.9,,,1.86,3.0,4.75,1.83,3.1,4.33,1.85,3.1,4.33,1.9,3.1,4.33,1.87,3.1,4.5,1.85,3.25,4.5,1.95,3.25,4.75,1.88,3.13,4.46,1.96,3.3,5.2,2.6,1.48,2.6,1.54,2.53,1.48,2.66,1.58,-0.5,1.9,1.95,1.9,1.95,1.85,1.87,1.95,2.04,2627,portugal,Liga I
P1,14/08/2026,20:15,Sp Lisbon,Guimaraes,3,2,H,3,0,H,,1.12,1.13,5,12,3,3,12,21,5,1,4,4,0,0,1.3,5.25,8.0,1.29,5.0,9.0,1.29,5.0,8.5,1.34,5.25,8.0,1.29,5.5,9.5,1.29,5.5,8.5,1.35,5.5,9.5,1.31,5.22,8.46,1.34,6.0,10.5,1.57,2.35,1.58,2.5,1.54,2.36,1.62,2.56,-1.5,1.98,1.88,1.98,1.88,1.88,1.84,1.97,1.95,1.39,4.75,6.5,1.36,4.6,7.0,1.36,4.6,7.0,1.42,4.75,6.5,1.36,4.75,7.5,1.36,5.0,7.5,1.44,5.25,8.0,1.38,4.76,7.12,1.41,5.4,9.0,1.6,2.3,1.6,2.4,1.56,2.31,1.64,2.48,-1.25,1.9,1.95,1.9,1.95,1.82,1.91,1.92,2.04,2627,portugal,Liga I
P1,15/08/2026,15:30,Alverca,Estrela,2,2,D,0,0,D,,1.75,1.29,14,10,4,7,10,12,2,0,2,4,1,0,2.1,3.3,3.4,2.1,3.25,3.25,2.1,3.2,3.25,2.2,3.25,3.2,2.1,3.3,3.3,2.1,3.25,3.25,2.2,3.3,3.4,2.15,3.25,3.28,2.26,3.3,3.6,2.15,1.67,2.2,1.7,2.12,1.66,2.24,1.71,-0.25,1.88,1.98,1.88,1.98,1.84,1.9,1.92,2.0,2.05,3.25,3.6,2.1,3.2,3.3,2.05,3.3,3.3,2.1,3.25,3.4,2.1,3.1,3.5,2.1,3.3,3.5,2.14,3.3,3.6,2.09,3.22,3.45,2.22,3.35,3.85,2.05,1.8,2.1,1.8,2.03,1.73,2.14,1.85,-0.25,1.83,2.03,1.83,2.03,1.78,1.96,1.89,2.09,2627,portugal,Liga I
P1,15/08/2026,18:00,Academico Viseu,Santa Clara,0,1,A,0,1,A,,0.69,1.26,10,8,1,2,11,16,4,2,1,3,0,0,2.82,3.2,2.45,2.8,3.2,2.4,2.75,3.1,2.45,2.85,3.2,2.45,2.88,3.3,2.4,2.8,3.2,2.38,2.9,3.3,2.5,2.84,3.17,2.45,2.98,3.15,2.6,2.2,1.65,2.2,1.67,2.16,1.63,2.26,1.67,0.0,2.05,1.8,2.05,1.8,2.0,1.75,2.08,1.83,2.65,2.85,2.82,2.63,3.0,2.63,2.55,3.0,2.7,2.7,3.0,2.65,2.75,2.9,2.7,2.7,3.1,2.63,3.0,3.15,2.82,2.69,3.02,2.69,2.96,3.15,2.9,2.5,1.5,2.5,1.57,2.4,1.52,2.54,1.63,0.0,1.85,2.0,2.05,2.0,1.87,1.86,2.0,1.96,2627,portugal,Liga I
P1,15/08/2026,20:30,Rio Ave,Porto,0,2,A,0,1,A,,0.57,1.98,13,14,1,6,1,10,6,6,0,0,0,0,7.5,4.5,1.39,7.5,4.33,1.36,7.5,4.33,1.36,7.0,4.5,1.42,8.0,4.5,1.36,7.0,4.33,1.4,8.4,4.8,1.44,7.38,4.51,1.4,8.8,4.8,1.43,1.83,2.03,1.83,2.03,1.76,1.98,1.86,2.04,1.25,1.88,1.98,1.9,1.98,1.85,1.89,1.91,1.98,8.5,4.75,1.35,8.5,4.5,1.33,8.0,4.5,1.33,7.75,4.75,1.38,9.0,4.75,1.33,8.5,5.0,1.33,9.0,5.0,1.38,8.3,4.76,1.34,10.5,5.2,1.39,1.75,2.05,1.8,2.1,1.73,2.01,1.83,2.16,1.25,2.0,1.85,2.0,1.85,1.95,1.79,2.06,1.9,2627,portugal,Liga I
P1,16/08/2026,15:30,Nacional,Estoril,2,0,H,0,0,D,,2.08,0.82,20,9,3,5,13,13,7,4,2,4,0,1,2.65,3.3,2.55,2.5,3.3,2.6,2.55,3.3,2.5,2.65,3.4,2.5,2.6,3.5,2.5,2.5,3.4,2.5,2.7,3.5,2.62,2.61,3.33,2.54,2.76,3.4,2.64,1.93,1.93,1.93,1.93,1.84,1.87,1.79,1.82,0.0,1.98,1.88,1.98,1.88,1.88,1.85,,,3.0,3.3,2.32,2.75,3.3,2.38,2.8,3.25,2.3,2.85,3.3,2.35,2.88,3.2,2.4,2.88,3.4,2.38,3.0,3.4,2.45,2.86,3.27,2.37,3.1,3.4,2.52,1.93,1.93,1.93,1.93,1.88,1.85,2.0,1.96,0.25,1.8,2.05,1.8,2.05,1.74,2.0,1.85,2.16,2627,portugal,Liga I
P1,16/08/2026,18:00,Arouca,Moreirense,4,0,H,3,0,H,,2.14,0.49,14,5,6,1,10,9,5,3,3,4,0,0,2.01,3.3,3.7,2.05,3.25,3.4,2.05,3.2,3.4,2.1,3.25,3.4,2.05,3.3,3.4,2.05,3.25,3.3,2.15,3.3,3.7,2.07,3.26,3.46,2.18,3.4,3.65,2.1,1.7,2.15,1.7,2.09,1.67,2.16,1.75,-0.25,1.8,2.05,1.8,2.05,1.76,1.99,,,1.71,3.6,4.75,1.8,3.4,4.2,1.75,3.4,4.33,1.8,3.5,4.33,1.8,3.4,4.5,1.75,3.6,4.33,1.83,3.6,4.75,1.78,3.46,4.38,1.89,3.65,4.9,2.05,1.75,2.1,1.75,2.04,1.71,2.2,1.81,-0.5,1.75,2.05,1.8,2.05,1.77,1.95,1.89,2.11,2627,portugal,Liga I
P1,16/08/2026,20:30,Famalicao,Maritimo,1,2,A,1,1,D,,0.59,1.61,14,9,4,4,11,16,5,1,1,2,0,0,1.76,3.6,4.5,1.8,3.5,4.0,1.75,3.4,4.4,1.8,3.5,4.33,1.8,3.6,4.2,1.8,3.5,4.0,1.83,3.6,4.5,1.78,3.5,4.35,1.79,3.55,4.7,2.05,1.75,2.05,1.8,2.0,1.74,1.02,1.25,-0.75,2.05,1.8,2.05,1.8,1.99,1.75,,,1.68,3.5,5.0,1.73,3.5,4.33,1.7,3.4,4.75,1.75,3.5,4.75,1.7,3.4,5.0,1.7,3.5,5.0,1.75,3.55,5.25,1.72,3.47,4.87,1.81,3.6,5.8,2.1,1.7,2.15,1.7,2.1,1.67,2.26,1.78,-0.75,1.98,1.88,1.98,1.9,1.91,1.83,2.06,1.91,2627,portugal,Liga I
P1,17/08/2026,20:15,Casa Pia,Benfica,0,7,A,0,2,A,,0.12,3.04,3,20,0,8,11,13,1,3,3,0,1,0,13.0,6.0,1.19,12.0,6.0,1.2,12.0,6.0,1.18,11.0,6.25,1.23,13.0,6.0,1.18,10.0,5.5,1.17,14.5,6.5,1.25,11.72,6.05,1.21,16.5,6.6,1.25,1.57,2.35,1.6,2.38,1.57,2.28,,,1.75,1.95,1.9,1.95,1.9,1.91,1.83,,,13.0,6.5,1.17,13.0,6.5,1.17,13.0,6.0,1.17,13.0,7.0,1.19,15.0,7.0,1.14,14.0,7.5,1.14,16.0,7.5,1.2,13.88,6.84,1.17,,,,1.48,2.6,1.52,2.7,1.48,2.52,1.53,2.82,2.0,1.85,2.0,1.93,2.0,1.84,1.9,1.99,1.94,2627,portugal,Liga I
P1,22/08/2026,15:30,Maritimo,Academico Viseu,2,2,D,0,2,A,,1.28,1.84,11,13,4,7,15,16,4,5,2,6,0,0,1.96,3.25,3.9,2.0,3.25,3.6,2.0,3.2,3.6,2.05,3.3,3.6,2.0,3.3,3.8,1.95,3.25,3.6,2.05,3.4,3.9,2.0,3.28,3.65,2.08,3.4,4.1,2.15,1.67,2.15,1.7,2.11,1.66,2.22,1.75,-0.5,2.05,1.8,2.05,1.8,1.97,1.77,2.08,1.85,1.96,3.25,3.9,1.95,3.2,3.75,2.0,3.13,3.6,2.05,3.2,3.7,2.0,3.1,3.8,2.0,3.25,3.8,2.05,3.3,3.9,2.01,3.21,3.77,2.12,3.3,4.3,2.25,1.62,2.3,1.64,2.22,1.6,2.44,1.68,-0.5,2.05,1.8,2.05,1.8,1.97,1.77,2.12,1.86,2627,portugal,Liga I
P1,22/08/2026,18:00,Estoril,Rio Ave,0,2,A,0,1,A,,1.16,0.71,18,3,6,3,11,14,6,3,1,1,0,0,1.86,3.5,4.0,1.9,3.6,3.6,1.87,3.5,3.6,1.95,3.5,3.6,1.91,3.75,3.75,1.91,3.6,3.6,1.95,3.75,4.0,1.9,3.57,3.72,2.0,3.75,4.2,1.8,2.0,1.8,2.0,1.77,1.97,1.87,2.06,-0.5,1.93,1.93,1.93,1.93,1.88,1.84,2.0,1.98,1.91,3.4,3.9,1.95,3.4,3.5,1.95,3.4,3.5,1.95,3.5,3.6,1.91,3.5,3.7,1.91,3.7,3.6,2.02,3.7,3.9,1.95,3.46,3.62,2.06,3.7,4.0,1.9,1.95,1.91,1.95,1.84,1.89,1.94,2.04,-0.5,2.0,1.85,2.0,1.85,1.93,1.8,2.06,1.92,2627,portugal,Liga I
P1,22/08/2026,20:30,Sp Lisbon,Alverca,3,1,H,1,0,H,,2.12,0.41,15,10,7,3,13,17,3,4,1,3,0,0,1.19,6.0,12.0,1.2,6.0,11.0,1.18,6.0,11.5,1.24,6.25,10.5,1.2,6.5,13.0,1.2,6.0,10.5,1.24,7.0,13.0,1.2,6.25,11.23,1.22,7.2,14.5,1.48,2.6,1.48,2.88,1.43,2.67,1.44,2.4,-1.75,1.83,2.03,1.83,2.03,1.78,1.96,1.72,2.02,1.22,5.75,11.0,1.2,6.0,11.0,1.22,5.75,10.0,1.24,6.25,10.5,1.17,7.0,13.0,1.17,7.5,12.0,1.25,7.5,13.0,1.22,6.34,11.06,1.23,8.0,15.0,1.44,2.7,1.45,2.88,1.43,2.67,1.5,2.94,-1.75,1.93,1.93,1.93,1.98,1.83,1.91,1.91,2.04,2627,portugal,Liga I
P1,23/08/2026,15:30,Guimaraes,Nacional,1,0,H,1,0,H,,3.14,0.42,23,7,5,0,18,8,4,3,2,1,0,0,1.66,3.6,5.0,1.67,3.6,4.6,1.67,3.6,4.6,1.72,3.75,4.4,1.67,3.8,5.0,1.67,3.6,4.75,1.72,3.9,5.0,1.68,3.71,4.68,1.71,3.9,5.6,1.95,1.9,1.95,1.91,1.87,1.85,1.94,1.92,-0.75,1.93,1.93,1.93,1.93,1.87,1.87,,,1.53,3.8,6.0,1.6,3.75,5.0,1.55,3.75,5.5,1.61,3.8,5.25,1.57,3.8,5.5,1.57,4.0,5.5,1.63,4.0,6.0,1.59,3.86,5.4,1.65,4.1,6.4,1.85,1.95,1.85,1.95,1.84,1.88,1.96,2.02,-1.0,2.03,1.83,2.1,1.83,2.01,1.75,2.11,1.86,2627,portugal,Liga I
P1,23/08/2026,18:00,Santa Clara,Famalicao,1,0,H,1,0,H,,1.36,1.05,12,9,2,3,16,16,1,9,1,3,0,0,2.65,2.85,2.82,2.6,2.88,2.75,2.6,2.9,2.75,2.6,3.1,2.7,2.6,3.0,2.8,2.5,3.0,2.75,2.66,3.1,2.88,2.61,2.95,2.78,2.78,3.0,3.05,2.5,1.5,2.5,1.52,2.46,1.5,1.01,1.25,0.0,1.88,1.98,1.88,1.98,1.81,1.92,,,2.85,2.85,2.57,2.75,3.0,2.6,2.8,2.9,2.55,2.75,3.1,2.6,2.8,2.88,2.7,2.8,3.0,2.63,2.88,3.1,2.75,2.79,2.94,2.64,3.05,3.0,2.86,2.5,1.5,2.75,1.52,2.52,1.48,2.72,1.57,0.0,2.05,1.8,2.05,1.85,1.94,1.79,2.05,1.92,2627,portugal,Liga I
P1,23/08/2026,20:30,Porto,Arouca,2,0,H,0,0,D,,2.99,0.54,23,4,10,1,16,8,12,2,1,0,0,0,1.22,5.5,12.0,1.22,5.5,12.0,1.2,5.5,12.0,1.24,6.0,11.5,1.2,6.0,13.0,1.22,5.75,11.0,1.24,6.5,15.0,1.21,5.79,11.96,1.24,7.2,16.0,1.62,2.25,1.62,2.3,1.59,2.23,1.67,1.25,-1.75,1.98,1.88,1.98,1.93,1.87,1.86,,,1.27,5.0,9.5,1.25,5.0,10.0,1.29,4.8,9.0,1.3,5.25,9.25,1.22,6.0,11.0,1.22,6.5,10.0,1.3,6.5,11.0,1.27,5.28,9.67,1.3,6.2,12.5,1.62,2.25,1.62,2.3,1.6,2.22,1.69,2.4,-1.5,1.93,1.93,1.93,1.95,1.84,1.89,1.95,2.01,2627,portugal,Liga I
P1,24/08/2026,20:15,Gil Vicente,Casa Pia,2,0,H,2,0,H,,1.74,0.76,8,13,4,2,11,12,3,4,1,1,0,0,1.66,3.5,5.25,1.67,3.4,5.0,1.67,3.4,5.0,1.72,3.4,5.0,1.67,3.5,5.0,1.67,3.25,4.75,1.73,3.5,5.5,1.68,3.43,5.08,1.76,3.5,5.8,2.3,1.6,2.3,1.62,2.25,1.58,,,-0.75,1.95,1.9,1.95,1.9,1.89,1.85,,,1.71,3.3,5.0,1.73,3.3,5.0,1.75,3.25,4.6,1.78,3.4,4.5,1.75,3.25,5.0,1.75,3.4,5.0,1.8,3.5,5.25,1.75,3.34,4.88,1.84,3.5,5.7,2.4,1.53,2.4,1.58,2.33,1.54,2.52,1.62,-0.5,1.8,2.05,1.8,2.1,1.73,2.01,1.84,2.16,2627,portugal,Liga I
P1,28/08/2026,20:15,Rio Ave,Sp Lisbon,0,4,A,0,4,A,,0.47,1.66,6,14,0,7,7,14,2,3,1,1,0,0,8.5,5.5,1.27,9.0,5.0,1.29,8.5,5.0,1.29,8.5,5.25,1.32,9.5,5.5,1.29,8.5,5.5,1.29,9.8,5.75,1.32,8.75,5.28,1.29,10.5,6.0,1.34,1.6,2.3,1.6,2.4,1.57,2.29,1.64,2.52,1.5,1.93,1.93,1.93,1.93,1.87,1.86,1.97,1.98,8.0,5.5,1.3,8.5,5.0,1.3,8.0,5.0,1.3,7.75,5.25,1.34,9.0,5.0,1.3,8.5,5.5,1.3,9.0,5.5,1.35,8.15,5.24,1.32,11.0,5.6,1.36,1.53,2.4,1.65,2.5,1.54,2.36,1.6,2.6,1.5,1.88,1.98,1.91,1.98,1.84,1.9,1.95,2.01,2627,portugal,Liga I
P1,29/08/2026,15:30,Alverca,Santa Clara,1,1,D,0,0,D,,0.41,1.41,5,15,1,3,14,9,10,4,1,2,0,0,2.57,3.1,2.65,2.6,3.1,2.6,2.55,3.0,2.7,2.65,3.1,2.65,2.7,3.2,2.63,2.63,3.1,2.6,2.7,3.2,2.75,2.63,3.11,2.67,2.8,3.2,2.88,2.35,1.57,2.35,1.62,2.25,1.58,2.24,1.63,0.0,1.88,1.98,1.88,1.98,1.84,1.89,1.93,2.0,2.25,3.2,3.1,2.38,3.0,3.0,2.25,3.0,3.1,2.35,3.1,3.1,2.3,3.0,3.2,2.3,3.1,3.1,2.4,3.2,3.2,2.32,3.07,3.08,2.48,3.2,3.45,2.25,1.62,2.4,1.62,2.3,1.57,2.44,1.67,-0.25,2.0,1.85,2.0,1.85,1.95,1.8,2.09,1.89,2627,portugal,Liga I
P1,29/08/2026,15:30,Arouca,Maritimo,2,1,H,1,1,D,,1.66,0.67,17,12,7,4,8,9,2,3,2,1,0,0,2.1,3.25,3.4,2.15,3.25,3.2,2.1,3.2,3.3,2.2,3.25,3.2,2.2,3.3,3.3,2.2,3.2,3.2,2.2,3.3,3.4,2.15,3.25,3.31,2.2,3.3,3.95,2.08,1.73,2.1,1.75,2.06,1.7,2.16,1.8,-0.25,1.85,2.0,1.85,2.0,1.81,1.93,1.87,2.1,1.96,3.4,3.75,2.05,3.3,3.3,2.0,3.25,3.5,2.1,3.25,3.4,2.05,3.2,3.7,2.0,3.3,3.6,2.12,3.4,3.75,2.06,3.27,3.53,2.16,3.45,4.0,2.05,1.75,2.1,1.75,2.03,1.72,2.14,1.85,-0.5,2.03,1.83,2.05,1.83,2.02,1.73,2.14,1.85,2627,portugal,Liga I
P1,29/08/2026,18:00,Academico Viseu,Porto,0,3,A,0,3,A,,0.8,1.47,9,5,1,4,13,19,1,1,0,0,0,0,9.0,4.75,1.3,9.0,4.6,1.3,9.0,4.75,1.29,8.25,5.0,1.34,9.5,5.0,1.29,8.5,5.0,1.29,10.0,5.25,1.35,8.87,4.9,1.31,11.0,5.7,1.35,1.7,2.1,1.7,2.2,1.66,2.12,1.75,2.2,1.5,1.85,2.0,1.85,2.0,1.79,1.93,,,9.5,4.75,1.3,9.5,4.6,1.3,10.0,4.6,1.29,9.25,5.0,1.32,11.0,5.0,1.29,10.0,5.0,1.29,11.0,5.25,1.33,9.52,4.91,1.31,12.5,5.5,1.34,1.85,1.95,1.87,2.0,1.78,1.95,1.91,2.06,1.5,1.78,2.03,1.83,2.03,1.79,1.94,,,2627,portugal,Liga I
P1,30/08/2026,15:30,Nacional,Estrela,2,3,A,1,1,D,,0.84,2.1,10,14,5,4,12,9,4,3,2,1,0,0,2.3,3.3,3.1,2.25,3.3,2.88,2.3,3.25,2.88,2.25,3.3,3.0,2.25,3.4,3.0,2.25,3.3,2.9,2.3,3.4,3.1,2.28,3.28,2.98,2.4,3.3,3.1,2.0,1.85,2.0,1.85,1.92,1.81,2.06,1.8,-0.25,2.03,1.83,2.03,1.83,1.96,1.78,,,2.32,3.1,3.1,2.3,3.2,2.88,2.3,3.13,2.9,2.4,3.2,2.95,2.38,3.1,3.0,2.3,3.25,3.0,2.45,3.3,3.1,2.34,3.18,3.0,2.52,3.25,3.3,2.15,1.67,2.2,1.75,2.08,1.68,2.24,1.79,-0.25,2.05,1.8,2.05,1.8,1.99,1.76,2.13,1.86,2627,portugal,Liga I
P1,30/08/2026,18:00,Casa Pia,Moreirense,0,1,A,0,1,A,,0.78,0.28,14,6,2,5,14,18,5,1,1,3,0,0,2.35,3.1,3.1,2.38,3.0,3.0,2.3,3.0,3.0,2.35,3.1,3.1,2.4,3.0,3.0,2.38,3.0,3.0,2.4,3.1,3.2,2.36,3.04,3.07,2.48,3.05,3.45,2.4,1.53,2.45,1.55,2.39,1.52,2.46,1.58,-0.25,2.05,1.8,2.05,1.8,1.98,1.77,,,2.55,3.0,2.82,2.5,3.0,2.75,2.5,3.0,2.8,2.6,3.1,2.75,2.6,2.9,2.88,2.5,3.1,2.8,2.62,3.15,2.9,2.57,3.04,2.8,2.76,3.15,3.1,2.5,1.5,2.5,1.57,2.42,1.52,,,0.0,1.8,2.05,1.8,2.05,1.77,1.97,1.89,2.09,2627,portugal,Liga I
P1,30/08/2026,20:30,Famalicao,Gil Vicente,0,0,D,0,0,D,,0.23,0.27,7,7,1,1,10,19,6,3,2,4,0,0,2.15,3.25,3.3,2.1,3.1,3.4,2.15,3.1,3.25,2.15,3.2,3.4,2.1,3.25,3.5,2.1,3.2,3.4,2.2,3.25,3.5,2.14,3.17,3.38,2.26,3.1,3.6,2.25,1.62,2.25,1.65,2.21,1.6,2.32,1.54,-0.25,1.93,1.93,1.93,1.93,1.84,1.9,,,1.76,3.25,5.0,1.83,3.25,4.2,1.8,3.2,4.33,1.85,3.3,4.4,1.87,3.2,4.5,1.85,3.4,4.33,1.9,3.4,5.0,1.83,3.25,4.45,1.97,3.4,4.9,2.35,1.57,2.4,1.6,2.31,1.56,2.48,1.65,-0.5,1.83,2.03,1.85,2.03,1.8,1.92,1.97,2.01,2627,portugal,Liga I
P1,31/08/2026,20:15,Benfica,Estoril,2,1,H,1,0,H,,2.03,0.36,25,4,8,2,14,12,9,0,0,1,0,0,1.15,7.5,12.0,1.14,7.0,13.0,1.15,6.5,13.0,1.18,8.0,11.5,1.14,7.5,15.0,1.13,6.5,11.0,1.19,8.0,15.0,1.16,6.97,12.88,1.19,7.0,14.0,1.4,2.88,1.4,3.0,1.37,2.9,,,-2.0,1.88,1.98,1.88,2.0,1.81,1.93,,,1.08,11.0,17.0,1.08,9.0,19.0,1.06,9.5,21.0,1.11,10.5,17.0,1.08,10.0,21.0,1.07,12.0,19.0,1.11,12.0,23.0,1.09,9.99,19.25,1.11,14.0,34.0,1.25,4.0,1.29,4.0,1.27,3.56,1.29,4.3,-2.5,1.78,2.03,1.8,2.03,1.77,1.97,1.88,2.08,2627,portugal,Liga I
P1,31/08/2026,20:15,Sp Braga,Guimaraes,1,0,H,0,0,D,,0.83,0.23,9,8,4,2,11,18,2,2,2,3,0,0,1.68,3.6,5.0,1.73,3.5,4.5,1.73,3.5,4.4,1.75,3.6,4.4,1.7,3.7,4.75,1.67,3.5,4.33,1.75,3.7,5.0,1.72,3.55,4.57,1.82,3.6,4.9,1.98,1.88,1.98,1.88,1.91,1.82,1.87,1.74,-0.75,2.0,1.85,2.0,1.85,1.94,1.8,2.02,1.84,1.76,3.4,5.0,1.8,3.4,4.2,1.75,3.3,4.5,1.83,3.3,4.4,1.83,3.3,4.5,1.8,3.5,4.33,1.83,3.5,5.0,1.8,3.36,4.47,1.92,3.5,5.0,2.25,1.62,2.25,1.7,2.14,1.65,2.3,1.74,-0.5,1.8,2.05,1.8,2.05,1.77,1.97,1.92,2.06,2627,portugal,Liga I
G1,22/08/2026,18:00,AEK,Iraklis,4,0,H,2,0,H,,2.06,0.38,24,7,11,1,19,17,5,2,1,0,0,0,1.17,6.5,13.0,1.18,6.0,13.0,1.15,6.5,13.0,1.21,6.5,12.5,1.14,6.5,14.0,1.14,5.5,10.0,1.21,6.5,15.0,1.17,6.26,12.77,1.22,6.6,15.5,1.53,2.4,1.53,2.63,1.48,2.49,1.55,2.54,-2.0,1.98,1.83,1.98,1.85,1.92,1.81,2.04,1.83,1.15,6.25,15.0,1.18,6.0,13.0,1.17,6.5,15.0,1.21,6.25,14.0,1.14,6.0,14.0,1.14,5.25,11.0,1.22,6.5,16.0,1.18,6.0,13.25,1.23,6.8,20.0,1.62,2.25,1.62,2.4,1.58,2.25,1.68,2.44,-1.75,1.78,2.03,1.8,2.03,1.75,1.99,1.86,2.09,2627,greece,Ethniki Katigoria
G1,22/08/2026,18:00,Kalamata,Aris,2,3,A,1,1,D,,1.42,2.69,7,19,3,7,15,23,1,10,3,3,1,0,3.4,3.0,2.25,3.25,3.2,2.15,3.1,3.1,2.25,3.25,3.25,2.15,3.3,3.1,2.15,3.0,2.9,2.1,3.4,3.25,2.25,3.22,3.08,2.2,3.15,2.82,2.3,2.3,1.6,2.3,1.6,2.26,1.58,2.34,1.43,0.25,1.85,1.95,1.85,1.95,1.83,1.9,1.78,1.92,3.5,3.0,2.2,3.3,2.88,2.15,3.4,3.13,2.15,3.4,3.1,2.15,3.4,2.88,2.1,3.2,2.75,2.05,3.5,3.13,2.25,3.33,3.0,2.16,3.8,3.15,2.3,2.25,1.62,2.3,1.62,2.26,1.57,2.42,1.67,0.25,1.93,1.88,1.93,1.88,1.88,1.85,2.02,1.94,2627,greece,Ethniki Katigoria
G1,22/08/2026,19:30,Olympiakos,Atromitos,1,0,H,0,0,D,,3.17,0.29,26,8,10,1,14,14,14,4,3,6,1,0,1.22,5.5,12.0,1.25,5.0,11.0,1.22,5.25,11.5,1.26,5.75,11.0,1.2,5.5,11.0,1.22,4.75,8.5,1.26,5.75,13.0,1.23,5.26,11.0,1.26,5.8,14.5,1.7,2.1,1.73,2.1,1.69,2.07,1.73,2.12,-1.5,1.75,2.05,1.76,2.05,1.75,1.97,1.81,2.0,1.19,5.75,15.0,1.22,5.5,12.0,1.18,6.0,15.0,1.23,6.0,12.5,1.14,5.5,14.0,1.14,5.25,11.0,1.23,6.25,15.0,1.2,5.73,13.08,1.23,6.8,20.0,1.7,2.1,1.73,2.1,1.69,2.06,1.76,2.24,-1.75,1.9,1.9,1.9,1.91,1.85,1.87,2.0,1.96,2627,greece,Ethniki Katigoria
G1,23/08/2026,17:30,OFI Crete,Volos NFC,2,0,H,2,0,H,,1.4,0.91,9,10,2,1,16,17,5,2,1,3,0,0,2.05,3.2,3.6,2.1,3.3,3.25,2.1,3.3,3.2,2.1,3.4,3.2,2.0,3.4,3.2,1.95,3.2,3.0,2.1,3.4,3.6,2.07,3.29,3.26,1.04,1.04,1.04,1.85,1.95,1.85,1.95,1.83,1.89,1.28,1.24,-0.25,1.83,1.98,1.83,1.98,1.79,1.94,1.04,1.01,2.57,2.82,3.0,2.5,3.1,2.75,2.5,3.2,2.75,2.6,3.1,2.65,2.4,3.1,2.7,2.38,2.9,2.6,2.6,3.2,3.0,2.5,3.04,2.74,1.04,1.04,1.04,2.15,1.67,2.15,1.8,2.06,1.69,1.28,1.24,0.0,1.78,2.03,1.8,2.03,1.77,1.96,,,2627,greece,Ethniki Katigoria
G1,23/08/2026,19:00,PAOK,Levadeiakos,4,0,H,2,0,H,,2.16,0.57,13,8,5,1,21,13,3,1,0,0,0,0,1.33,4.5,9.0,1.33,4.5,8.0,1.36,4.5,7.5,1.38,4.8,7.25,1.33,4.5,8.0,1.33,4.2,6.5,1.38,4.8,9.0,1.35,4.56,7.64,1.43,4.8,7.2,1.67,2.15,1.67,2.2,1.64,2.15,1.69,2.18,-1.25,1.83,1.98,1.83,1.98,1.8,1.93,1.95,1.92,1.33,4.5,9.5,1.36,4.33,8.0,1.33,4.8,8.5,1.39,4.75,7.5,1.25,4.75,8.5,1.3,4.2,6.5,1.4,4.8,9.5,1.34,4.58,8.04,1.38,5.3,10.0,1.8,2.0,1.8,2.1,1.73,2.01,1.84,2.16,-1.25,1.83,1.98,1.84,1.98,1.8,1.93,1.89,2.05,2627,greece,Ethniki Katigoria
G1,23/08/2026,19:30,Panetolikos,Asteras Tripolis,3,1,H,1,0,H,,0.5,1.18,4,14,4,6,19,14,1,3,0,0,0,0,2.7,3.0,2.7,2.63,3.0,2.63,2.63,3.0,2.63,2.65,3.1,2.65,2.63,3.1,2.63,2.5,2.9,2.5,2.71,3.1,2.7,2.65,2.98,2.63,2.8,2.96,2.7,2.35,1.57,2.4,1.57,2.37,1.53,2.46,1.53,0.0,1.9,1.9,1.9,1.9,1.86,1.85,1.94,1.86,2.85,3.0,2.57,2.75,3.0,2.5,2.9,3.0,2.5,2.85,3.1,2.5,2.88,2.88,2.45,2.7,2.7,2.38,2.9,3.1,2.57,2.84,2.96,2.5,3.1,3.1,2.72,2.5,1.5,2.5,1.57,2.4,1.52,2.58,1.61,0.0,2.03,1.78,2.03,1.78,1.98,1.75,2.14,1.85,2627,greece,Ethniki Katigoria
G1,29/08/2026,17:30,Volos NFC,Iraklis,1,1,D,0,1,A,,1.19,0.48,17,10,3,1,18,23,2,2,4,3,0,1,1.86,3.5,4.1,1.83,3.3,4.0,1.85,3.3,4.0,1.88,3.4,4.0,1.8,3.3,4.0,1.75,3.1,3.6,1.93,3.5,4.1,1.85,3.29,3.96,,,,2.1,1.7,2.2,1.73,2.1,1.67,,,-0.5,1.9,1.9,1.92,1.9,1.86,1.85,,,2.15,3.25,3.3,2.15,3.2,3.2,2.2,3.13,3.3,2.2,3.2,3.3,2.1,2.9,3.3,2.1,2.8,3.1,2.2,3.25,3.4,2.16,3.09,3.24,2.3,3.25,3.7,2.25,1.62,2.25,1.67,2.19,1.62,2.36,1.71,-0.25,1.93,1.88,1.93,1.91,1.86,1.87,1.95,2.03,2627,greece,Ethniki Katigoria
G1,29/08/2026,19:30,Panetolikos,Kalamata,2,0,H,1,0,H,,2.45,1.02,20,11,4,3,22,15,4,3,3,5,0,0,2.2,3.1,3.4,2.3,3.0,3.1,2.25,3.0,3.13,2.25,3.1,3.2,2.25,3.1,3.1,2.15,2.9,2.9,2.3,3.1,3.4,2.25,3.01,3.16,2.38,3.0,3.3,2.4,1.53,2.45,1.55,2.37,1.53,2.46,1.58,-0.25,1.98,1.83,1.98,1.83,1.93,1.8,2.01,1.84,2.2,3.1,3.4,2.25,3.1,3.1,2.2,3.13,3.3,2.3,3.2,3.1,2.2,3.0,3.0,2.15,2.9,2.9,2.3,3.2,3.4,2.22,3.05,3.18,2.36,3.2,3.55,2.3,1.6,2.3,1.62,2.27,1.57,2.48,1.66,-0.25,1.93,1.88,1.93,1.88,1.89,1.84,1.99,1.94,2627,greece,Ethniki Katigoria
G1,30/08/2026,17:30,Aris,OFI Crete,2,1,H,1,0,H,,1.75,1.34,17,10,10,3,16,23,3,1,5,2,0,0,1.61,3.7,5.25,1.62,3.75,5.0,1.6,3.7,5.0,1.65,3.9,4.8,1.62,3.8,4.75,1.57,3.5,4.33,1.65,3.9,5.25,1.62,3.71,4.83,1.68,3.9,5.0,1.85,1.95,1.91,1.95,1.85,1.87,1.86,1.95,-0.75,1.8,2.0,1.83,2.0,1.79,1.94,1.88,1.95,1.76,3.6,4.5,1.73,3.6,4.2,1.8,3.6,4.2,1.78,3.7,4.2,1.73,3.4,4.5,1.7,3.2,4.0,1.8,3.7,4.75,1.74,3.52,4.28,1.85,3.75,4.9,1.85,1.95,1.85,1.95,1.83,1.89,1.98,1.99,-0.75,2.03,1.78,2.03,1.83,1.98,1.76,2.09,1.88,2627,greece,Ethniki Katigoria
G1,30/08/2026,18:15,Atromitos,PAOK,1,2,A,1,1,D,,1.12,1.47,16,14,3,4,19,18,2,6,1,1,0,0,5.0,3.75,1.62,5.0,3.75,1.62,4.8,3.7,1.62,4.8,4.0,1.63,4.75,3.8,1.62,4.33,3.5,1.57,5.0,4.0,1.64,4.78,3.73,1.62,5.1,3.6,1.71,1.83,1.98,1.83,1.98,1.8,1.93,1.86,2.0,0.75,1.95,1.85,1.98,1.85,1.92,1.81,1.95,1.92,5.75,4.0,1.53,5.5,4.0,1.53,5.5,4.0,1.55,5.0,4.2,1.57,5.0,3.8,1.53,4.75,3.6,1.5,5.75,4.2,1.6,5.23,3.93,1.55,5.8,4.3,1.64,1.73,2.08,1.78,2.1,1.74,2.0,1.87,2.12,1.0,1.83,1.98,1.83,2.0,1.79,1.95,1.84,2.1,2627,greece,Ethniki Katigoria
G1,30/08/2026,19:00,Asteras Tripolis,Olympiakos,0,1,A,0,1,A,,0.83,1.7,10,15,3,7,8,18,3,6,3,4,0,0,11.0,4.5,1.3,9.0,4.5,1.33,9.5,4.5,1.3,8.5,5.0,1.34,9.5,4.5,1.29,7.5,4.2,1.29,11.0,5.25,1.34,9.15,4.59,1.31,11.5,4.9,1.35,1.9,1.9,1.91,1.9,1.88,1.84,1.9,1.95,1.5,1.78,2.03,1.78,2.03,1.75,1.97,1.8,2.09,7.5,3.7,1.49,6.5,3.75,1.5,6.5,3.9,1.5,6.0,4.0,1.52,7.0,3.75,1.44,6.0,3.5,1.44,7.5,4.0,1.52,6.6,3.81,1.48,8.2,4.1,1.55,2.08,1.73,2.08,1.8,2.01,1.73,2.18,1.83,1.0,1.85,1.95,1.91,1.95,1.85,1.87,1.97,1.99,2627,greece,Ethniki Katigoria
G1,30/08/2026,19:00,Kifisia,AEK,1,1,D,0,0,D,,1.11,0.42,14,9,3,5,20,14,1,2,5,2,1,0,9.0,4.5,1.33,8.0,4.6,1.33,8.0,4.5,1.33,7.0,5.0,1.38,8.0,4.75,1.3,6.5,4.33,1.3,9.0,5.0,1.38,7.7,4.64,1.33,9.8,4.9,1.36,1.7,2.1,1.7,2.2,1.67,2.1,1.73,2.16,1.25,2.0,1.8,2.0,1.8,1.96,1.77,2.03,1.85,11.0,5.0,1.27,10.0,4.6,1.29,10.5,5.0,1.29,9.0,5.5,1.3,10.0,5.0,1.22,8.0,4.5,1.25,11.0,5.5,1.3,9.71,4.95,1.28,12.5,5.6,1.33,1.7,2.1,1.73,2.1,1.7,2.04,1.8,2.2,1.5,1.9,1.9,1.9,1.9,1.84,1.86,1.91,2.02,2627,greece,Ethniki Katigoria
G1,31/08/2026,17:30,Levadeiakos,Panathinaikos,0,2,A,0,1,A,,1.17,1.17,8,15,2,6,18,19,5,5,2,4,1,0,6.25,3.6,1.56,5.0,3.75,1.62,,,,5.0,3.8,1.65,5.0,3.8,1.6,4.5,3.5,1.55,6.25,3.8,1.65,5.17,3.65,1.6,5.5,4.0,1.63,1.85,1.95,1.85,1.95,1.83,1.88,1.71,1.97,0.75,2.0,1.8,2.0,1.8,1.96,1.79,2.08,1.76,6.5,3.9,1.46,6.0,4.0,1.5,6.5,3.9,1.5,6.0,4.1,1.52,6.0,3.8,1.44,5.25,3.5,1.5,6.5,4.1,1.55,5.95,3.86,1.51,7.0,4.3,1.59,1.9,1.9,1.93,1.91,1.88,1.83,1.98,1.98,1.0,1.9,1.9,1.9,1.93,1.85,1.88,1.93,2.02,2627,greece,Ethniki Katigoria
T1,14/08/2026,19:30,Galatasaray,Corum,2,2,D,0,0,D,,2.9,0.61,38,8,13,3,11,6,8,1,1,0,0,1,1.25,5.75,9.0,1.25,5.5,10.0,1.25,5.25,9.5,1.29,5.5,9.0,1.22,5.0,10.0,1.25,5.0,9.0,1.3,5.75,11.0,1.26,5.39,9.38,1.32,6.0,12.0,1.53,2.4,1.55,2.63,1.51,2.41,1.61,2.6,-1.5,1.8,2.0,1.8,2.0,1.76,1.95,1.83,2.06,1.33,5.0,7.5,1.3,5.0,8.0,1.33,5.0,8.0,1.38,4.8,7.5,1.3,4.5,7.5,1.33,4.33,7.0,1.4,5.25,8.5,1.34,4.91,7.65,1.42,5.2,9.4,1.53,2.4,1.55,2.5,1.52,2.39,1.64,2.52,-1.5,2.0,1.8,2.0,1.83,1.92,1.79,2.04,1.92,2627,turkey,Futbol Ligi 1
T1,15/08/2026,17:00,Kasimpasa,Trabzonspor,1,1,D,0,1,A,,1.86,0.86,9,13,4,5,17,9,3,10,2,0,0,0,4.2,3.75,1.76,3.75,3.6,1.83,3.8,3.5,1.83,3.75,3.6,1.87,3.8,3.6,1.8,3.6,3.5,1.8,4.2,3.75,1.91,3.83,3.6,1.84,4.2,3.6,1.89,1.8,2.0,1.8,2.0,1.75,1.98,1.79,2.04,0.5,1.98,1.83,1.98,1.83,1.9,1.8,1.98,1.89,3.7,3.4,1.96,3.75,3.4,1.9,3.7,3.5,1.93,3.6,3.4,1.98,3.75,3.25,1.9,3.6,3.2,1.91,3.85,3.7,2.0,3.72,3.41,1.92,4.2,3.45,2.08,2.0,1.8,2.0,1.95,1.86,1.86,2.04,1.94,0.5,1.8,2.0,1.9,2.0,1.82,1.88,1.91,2.08,2627,turkey,Futbol Ligi 1
T1,15/08/2026,17:00,Konyaspor,Rizespor,0,1,A,0,0,D,,0.61,1.52,7,14,3,5,12,11,1,7,1,4,0,0,2.35,3.4,2.82,2.3,3.25,2.88,2.3,3.3,2.8,2.37,3.3,2.85,2.25,3.3,2.88,2.2,3.1,2.8,2.4,3.4,3.05,2.33,3.25,2.87,2.42,3.35,2.94,1.85,1.95,1.9,1.95,1.83,1.88,1.9,1.96,-0.25,2.08,1.73,2.08,1.8,2.01,1.74,2.09,1.79,2.32,3.3,3.0,2.3,3.2,2.88,2.3,3.3,3.0,2.4,3.2,2.87,2.3,3.0,2.88,2.25,3.0,2.88,2.4,3.3,3.0,2.34,3.17,2.94,2.54,3.35,3.15,2.05,1.75,2.05,1.93,1.88,1.83,2.02,1.93,0.0,1.68,2.15,1.73,2.15,1.67,2.1,1.8,2.23,2627,turkey,Futbol Ligi 1
T1,15/08/2026,19:30,Gaziantep,Alanyaspor,1,1,D,0,1,A,,1.28,1.25,13,11,5,2,14,21,0,4,3,3,0,0,2.45,3.4,2.65,,,,2.45,3.3,2.63,2.5,3.4,2.65,2.4,3.4,2.63,2.38,3.25,2.5,2.5,3.45,2.75,2.46,3.34,2.65,2.58,3.05,2.8,1.9,1.9,1.9,1.91,1.84,1.86,1.81,1.96,0.0,1.8,2.0,1.8,2.0,1.78,1.94,1.78,1.97,2.4,3.2,2.85,,,,2.45,3.13,2.88,2.45,3.2,2.85,2.4,2.9,2.8,2.38,2.9,2.8,2.45,3.25,2.92,2.41,3.11,2.86,2.68,3.25,3.1,2.25,1.62,2.25,1.7,2.13,1.65,2.3,1.74,0.0,1.7,2.1,1.73,2.1,1.71,2.05,1.85,2.14,2627,turkey,Futbol Ligi 1
T1,15/08/2026,19:30,Genclerbirligi,Fenerbahce,2,1,H,1,1,D,,1.19,2.9,10,27,3,11,7,10,1,12,0,1,0,0,7.0,4.75,1.39,7.0,4.5,1.36,7.5,4.4,1.36,7.0,4.75,1.41,7.0,4.5,1.33,6.5,4.33,1.36,7.5,5.0,1.43,6.95,4.59,1.38,8.0,5.2,1.43,1.7,2.1,1.7,2.2,1.67,2.1,1.73,2.22,1.25,1.9,1.9,1.9,1.93,1.86,1.87,1.99,1.88,5.0,4.0,1.61,5.0,4.0,1.57,5.25,3.9,1.6,5.0,3.9,1.62,5.0,3.6,1.57,5.0,3.5,1.55,5.5,4.0,1.62,5.11,3.83,1.59,6.0,4.0,1.7,1.9,1.9,1.9,1.95,1.82,1.9,1.96,2.02,0.75,2.0,1.8,2.05,1.8,1.98,1.75,2.12,1.87,2627,turkey,Futbol Ligi 1
T1,16/08/2026,17:00,Buyuksehyr,Kocaelispor,2,0,H,1,0,H,,1.96,0.44,17,8,5,4,14,14,8,2,2,2,0,0,1.46,4.0,7.0,1.44,4.0,6.5,1.44,4.0,6.5,1.49,4.2,6.25,1.44,4.0,6.5,1.44,3.8,6.0,1.51,4.5,7.0,1.46,4.08,6.41,1.48,4.3,6.8,1.85,1.95,1.85,1.95,1.83,1.88,1.86,1.95,-1.0,1.8,2.0,1.85,2.0,1.78,1.95,,,1.62,3.6,5.25,1.62,3.75,5.0,1.62,3.75,5.25,1.66,3.7,5.0,1.62,3.5,5.0,1.62,3.4,5.0,1.67,3.8,5.5,1.63,3.64,5.18,1.74,3.8,5.9,1.9,1.9,2.0,1.9,1.93,1.79,2.06,1.9,-0.75,1.85,1.95,1.85,2.0,1.79,1.94,1.94,2.04,2627,turkey,Futbol Ligi 1
T1,16/08/2026,19:30,Amedspor,Erzurumspor,3,0,H,0,0,D,,1.51,0.24,13,5,5,1,10,12,4,4,1,0,0,0,2.2,3.4,3.1,2.25,3.5,2.8,2.25,3.3,2.88,2.3,3.4,2.85,2.2,3.5,2.8,2.15,3.4,2.7,2.37,3.55,3.1,2.26,3.41,2.86,2.3,3.35,3.0,1.8,2.0,1.8,2.0,1.78,1.95,1.04,2.0,-0.25,1.98,1.83,1.98,1.83,1.95,1.79,,,2.05,3.4,3.4,2.15,3.4,3.0,2.1,3.4,3.3,2.2,3.3,3.2,2.1,3.0,3.4,2.05,2.9,3.3,2.2,3.4,3.4,2.13,3.29,3.26,2.28,3.4,3.7,1.85,1.95,1.87,2.0,1.82,1.91,1.93,2.04,-0.25,1.83,1.98,1.83,1.98,1.8,1.93,1.94,2.04,2627,turkey,Futbol Ligi 1
T1,16/08/2026,19:30,Besiktas,Eyupspor,1,0,H,1,0,H,,1.29,0.09,19,4,5,1,20,14,8,2,2,3,0,1,1.3,5.0,9.0,1.3,5.0,8.5,1.29,5.0,8.5,1.33,5.0,8.5,1.25,5.0,7.5,1.25,4.8,7.5,1.33,5.75,9.7,1.29,5.12,8.37,1.35,5.8,9.2,1.53,2.4,1.55,2.55,1.49,2.46,1.51,2.38,-1.5,1.95,1.85,1.95,1.92,1.86,1.85,,,1.27,5.25,9.0,1.29,5.0,8.5,1.29,5.5,8.5,1.32,5.25,8.5,1.3,4.5,8.0,1.33,4.5,7.0,1.33,5.5,9.0,1.31,5.2,8.21,1.41,5.2,9.4,1.48,2.6,1.5,2.63,1.47,2.54,1.55,2.78,-1.5,1.85,1.95,1.87,1.95,1.82,1.88,1.97,1.98,2627,turkey,Futbol Ligi 1
T1,17/08/2026,19:30,Samsunspor,Goztep,3,3,D,2,1,H,,2.74,1.89,21,20,3,7,8,13,4,8,1,3,0,0,2.1,3.3,3.4,2.1,3.25,3.25,2.1,3.2,3.25,2.2,3.3,3.2,2.1,3.3,3.2,2.05,3.0,3.0,2.2,3.4,3.4,2.11,3.26,3.26,2.16,2.86,3.75,2.08,1.73,2.1,1.75,2.02,1.71,1.01,1.25,-0.25,1.85,1.95,1.85,1.95,1.8,1.93,,,2.15,3.3,3.25,2.1,3.3,3.2,2.15,3.4,3.2,2.2,3.25,3.2,2.1,3.1,3.1,2.1,3.0,3.1,2.25,3.4,3.4,2.15,3.28,3.2,2.3,3.5,3.5,1.85,1.95,1.91,1.95,1.86,1.85,2.0,1.99,-0.25,1.9,1.9,1.9,2.0,1.84,1.89,1.95,2.02,2627,turkey,Futbol Ligi 1
T1,21/08/2026,19:30,Erzurumspor,Galatasaray,0,4,A,0,3,A,,0.48,3.08,12,10,4,4,11,12,2,2,1,0,0,0,6.25,4.1,1.46,6.0,4.2,1.44,6.0,4.2,1.45,6.0,4.2,1.5,6.0,4.2,1.4,5.75,4.0,1.44,6.25,4.4,1.51,5.95,4.19,1.46,7.2,4.7,1.53,1.67,2.15,1.7,2.2,1.66,2.13,1.75,2.3,1.0,1.98,1.83,1.98,1.83,1.95,1.79,2.12,1.86,5.75,4.0,1.51,5.5,4.0,1.53,6.0,4.2,1.5,5.75,4.2,1.53,6.0,3.8,1.44,5.75,3.8,1.44,6.0,4.33,1.55,5.71,4.08,1.51,7.0,4.5,1.57,1.7,2.1,1.7,2.2,1.65,2.15,1.74,2.32,1.0,1.9,1.9,1.9,1.9,1.86,1.86,2.01,1.95,2627,turkey,Futbol Ligi 1
T1,22/08/2026,17:00,Corum,Kasimpasa,0,1,A,0,1,A,,1.1,0.31,16,6,2,1,12,13,7,0,1,3,0,0,2.2,3.5,3.0,2.2,3.4,2.88,2.2,3.3,3.0,2.3,3.4,2.9,2.2,3.4,2.9,2.15,3.25,2.8,2.3,3.5,3.05,2.21,3.36,2.96,2.32,3.55,3.25,1.9,1.9,1.9,1.95,1.84,1.88,1.95,1.96,-0.25,1.95,1.85,1.95,1.85,1.91,1.81,2.0,1.94,1.91,3.5,3.8,1.95,3.3,3.6,2.0,3.3,3.7,1.98,3.3,3.7,1.95,3.2,3.6,1.95,3.1,3.5,2.0,3.5,3.8,1.97,3.32,3.7,2.08,3.6,4.0,2.15,1.67,2.15,1.8,2.04,1.71,2.18,1.81,-0.5,1.95,1.85,1.95,1.85,1.92,1.78,2.08,1.9,2627,turkey,Futbol Ligi 1
T1,22/08/2026,17:00,Rizespor,Samsunspor,0,2,A,0,1,A,,1.85,0.32,28,6,8,3,13,11,10,1,1,1,0,0,2.25,3.4,3.1,2.3,3.25,2.88,2.25,3.3,2.88,2.3,3.3,3.0,2.25,3.3,2.8,2.2,3.25,2.75,2.4,3.4,3.1,2.28,3.26,2.94,2.4,3.4,3.2,1.83,1.98,1.9,1.98,1.82,1.89,1.88,2.02,-0.25,2.0,1.8,2.05,1.83,1.96,1.78,2.05,1.88,1.86,3.7,3.8,1.9,3.5,3.6,1.95,3.6,3.5,1.9,3.5,3.8,1.8,3.3,3.8,1.83,3.25,3.8,1.95,3.7,3.9,1.88,3.53,3.74,1.97,3.7,4.3,1.73,2.08,1.8,2.1,1.72,2.03,1.82,2.18,-0.5,1.9,1.9,1.9,1.9,1.85,1.85,1.98,2.01,2627,turkey,Futbol Ligi 1
T1,22/08/2026,19:30,Fenerbahce,Konyaspor,4,2,H,3,1,H,,2.36,2.15,20,17,9,8,11,10,7,3,0,3,0,0,1.25,5.25,10.0,1.25,5.5,9.5,1.25,5.25,9.5,1.29,5.5,9.25,1.22,5.5,9.5,1.22,5.0,8.0,1.3,5.75,10.0,1.26,5.37,9.19,1.33,6.0,10.5,1.53,2.4,1.53,2.55,1.49,2.48,1.56,2.62,-1.5,1.83,1.98,1.83,1.98,1.77,1.94,1.88,1.99,1.22,5.75,12.0,1.25,5.5,10.0,1.22,6.0,12.0,1.25,5.75,11.0,1.2,5.5,11.0,1.2,5.25,9.5,1.25,6.0,13.5,1.23,5.69,11.12,1.27,6.4,15.0,1.57,2.35,1.57,2.5,1.53,2.38,1.6,2.6,-1.75,1.9,1.9,1.9,1.9,1.86,1.87,2.0,1.94,2627,turkey,Futbol Ligi 1
T1,23/08/2026,17:00,Eyupspor,Gaziantep,0,1,A,0,0,D,,0.49,1.16,12,9,1,2,16,17,4,2,0,1,0,1,2.75,3.3,2.4,,,,2.7,3.3,2.38,2.9,3.2,2.4,2.75,3.3,2.3,2.7,3.1,2.3,2.9,3.3,2.54,2.79,3.18,2.4,3.0,3.25,2.52,1.9,1.9,1.91,1.9,1.87,1.85,1.01,1.92,0.0,2.03,1.78,2.05,1.78,2.0,1.74,,,2.82,3.3,2.32,2.8,3.3,2.3,2.8,3.3,2.4,3.0,3.25,2.3,2.88,3.0,2.3,2.88,3.0,2.3,3.0,3.5,2.45,2.87,3.25,2.34,3.2,3.35,2.56,1.9,1.9,1.93,1.91,1.87,1.85,1.98,1.99,0.25,1.7,2.1,1.75,2.1,1.7,2.05,1.84,2.16,2627,turkey,Futbol Ligi 1
T1,23/08/2026,17:00,Trabzonspor,Buyuksehyr,2,1,H,1,1,D,,2.27,1.95,19,12,8,4,13,18,5,1,3,4,0,0,2.01,3.6,3.3,2.05,3.6,3.1,2.05,3.5,3.1,2.05,3.6,3.2,2.0,3.6,3.1,2.0,3.5,3.0,2.12,3.65,3.3,2.05,3.54,3.14,2.14,3.7,3.35,1.7,2.1,1.7,2.2,1.66,2.11,1.84,2.14,-0.25,1.83,1.98,1.83,1.98,1.8,1.92,,,1.81,3.9,3.7,1.91,3.75,3.3,1.8,3.9,3.75,1.9,3.7,3.6,1.8,3.5,3.75,1.8,3.4,3.6,1.93,3.9,3.75,1.86,3.72,3.62,1.97,3.95,4.1,1.53,2.4,1.6,2.5,1.54,2.34,1.6,2.6,-0.5,1.83,1.98,1.9,1.98,1.83,1.88,1.96,2.02,2627,turkey,Futbol Ligi 1
T1,23/08/2026,19:30,Alanyaspor,Besiktas,1,0,H,0,0,D,,0.54,0.74,9,14,3,6,14,14,7,7,0,0,0,0,3.75,3.6,1.86,3.6,3.6,1.9,3.6,3.5,1.87,3.7,3.7,1.88,3.6,3.6,1.85,3.5,3.5,1.83,3.75,3.7,1.93,3.62,3.58,1.88,4.0,3.65,1.98,1.8,2.0,1.8,2.1,1.73,2.01,1.92,2.04,0.5,1.9,1.9,1.9,1.9,1.85,1.85,,,4.75,3.5,1.71,4.33,3.5,1.73,4.6,3.5,1.75,4.8,3.5,1.72,5.0,3.3,1.67,4.75,3.2,1.67,5.0,3.6,1.75,4.69,3.45,1.72,5.6,3.6,1.83,2.1,1.7,2.1,1.8,2.01,1.73,2.2,1.82,0.75,1.8,2.0,1.83,2.0,1.78,1.95,1.93,2.04,2627,turkey,Futbol Ligi 1
T1,23/08/2026,19:30,Goztep,Genclerbirligi,0,1,A,0,0,D,,1.92,1.56,16,10,6,2,15,12,6,5,1,2,0,0,1.61,3.8,5.0,1.62,3.75,5.0,1.62,3.7,4.8,1.66,3.8,4.8,1.62,3.8,4.75,1.6,3.6,4.6,1.66,3.9,5.25,1.62,3.74,4.85,1.66,4.0,5.7,1.9,1.9,1.91,1.91,1.85,1.86,1.01,1.25,-0.75,1.83,1.98,1.83,1.98,1.8,1.93,,,1.91,3.4,3.75,1.95,3.3,3.6,1.95,3.4,3.75,2.0,3.3,3.6,1.91,3.2,3.8,1.91,3.1,3.75,2.02,3.4,3.8,1.94,3.31,3.73,2.02,3.55,4.3,2.0,1.8,2.0,1.83,1.96,1.77,2.06,1.9,-0.5,1.98,1.83,2.0,1.83,1.92,1.79,2.03,1.96,2627,turkey,Futbol Ligi 1
T1,24/08/2026,19:30,Kocaelispor,Amedspor,2,0,H,1,0,H,,1.3,0.59,11,12,3,1,9,16,3,7,0,2,0,0,2.1,3.6,3.1,2.2,3.25,3.1,2.15,3.2,3.2,2.2,3.25,3.2,2.05,3.3,3.3,2.0,3.0,3.0,2.22,3.6,3.3,2.14,3.25,3.18,2.22,3.25,3.7,2.08,1.73,2.1,1.73,2.04,1.7,,,-0.25,1.88,1.93,1.9,1.93,1.85,1.88,,,2.4,3.1,3.0,2.38,3.0,3.0,2.45,3.0,3.0,2.4,3.1,2.95,2.3,2.88,3.0,2.3,2.88,2.9,2.45,3.1,3.1,2.4,3.0,2.99,2.54,3.2,3.35,2.4,1.53,2.4,1.58,2.31,1.55,2.52,1.64,-0.25,2.08,1.73,2.08,1.75,2.03,1.71,2.16,1.83,2627,turkey,Futbol Ligi 1
T1,28/08/2026,19:30,Genclerbirligi,Erzurumspor,1,1,D,0,0,D,,0.76,0.86,16,9,5,4,15,11,3,5,3,3,0,0,1.96,3.25,3.9,2.0,3.2,3.6,2.0,3.13,3.7,2.05,3.2,3.7,1.95,3.1,4.0,1.91,3.0,3.8,2.05,3.25,4.0,2.0,3.14,3.78,2.08,3.35,4.4,2.3,1.6,2.3,1.67,2.22,1.61,2.38,1.69,-0.5,2.0,1.8,2.0,1.8,1.97,1.75,2.08,1.9,2.2,3.1,3.4,2.25,3.0,3.25,2.25,3.0,3.4,2.25,3.0,3.4,2.15,2.88,3.5,2.15,2.8,3.4,2.25,3.1,3.66,2.21,2.97,3.43,2.38,3.15,3.7,2.5,1.5,2.5,1.53,2.42,1.51,2.6,1.6,-0.25,1.95,1.85,1.95,1.93,1.85,1.87,2.0,1.97,2627,turkey,Futbol Ligi 1
T1,29/08/2026,17:00,Konyaspor,Kocaelispor,1,2,A,1,0,H,,0.86,0.77,10,15,0,7,16,12,1,4,1,3,1,0,1.91,3.4,3.8,1.95,3.3,3.6,1.95,3.3,3.6,2.05,3.3,3.5,1.95,3.3,3.6,1.91,3.25,3.5,2.05,3.4,3.8,1.97,3.31,3.63,2.04,3.4,4.2,2.08,1.73,2.1,1.75,2.05,1.7,2.14,1.79,-0.5,2.0,1.8,2.0,1.8,1.94,1.76,2.04,1.9,1.96,3.2,4.0,1.95,3.1,4.0,1.95,3.13,4.1,2.05,3.1,3.8,1.85,2.9,4.4,1.83,2.9,4.2,2.05,3.3,4.4,1.94,3.12,4.04,2.12,3.6,3.85,2.5,1.5,2.55,1.53,2.43,1.51,2.58,1.59,-0.5,2.0,1.8,2.0,1.85,1.91,1.79,2.08,1.9,2627,turkey,Futbol Ligi 1
T1,29/08/2026,19:30,Galatasaray,Goztep,3,2,H,1,1,D,,2.92,0.63,34,9,11,4,5,12,6,2,2,2,0,0,1.33,4.75,8.0,1.36,4.5,7.0,1.36,4.6,7.0,1.42,4.75,6.75,1.33,4.5,7.0,1.33,4.33,6.5,1.44,4.75,8.0,1.37,4.59,6.9,1.43,5.1,8.2,1.65,2.2,1.65,2.25,1.61,2.2,1.68,2.26,-1.25,1.9,1.9,1.93,1.9,1.87,1.85,1.93,1.99,1.22,6.5,10.0,1.25,5.5,9.5,1.2,6.5,11.5,1.25,6.25,9.5,1.2,5.5,9.5,1.22,5.5,8.5,1.27,6.5,11.5,1.23,5.99,9.65,1.28,6.8,12.5,1.36,3.1,1.44,3.1,1.38,2.88,1.39,3.45,-1.75,1.8,2.0,1.9,2.0,1.81,1.93,1.95,1.99,2627,turkey,Futbol Ligi 1
T1,29/08/2026,19:30,Gaziantep,Rizespor,1,2,A,0,2,A,,0.8,0.93,16,10,4,4,10,17,8,0,1,2,0,0,2.45,3.5,2.57,2.4,3.5,2.6,2.4,3.4,2.6,2.5,3.5,2.6,2.4,3.5,2.6,2.38,3.4,2.5,2.5,3.55,2.7,2.42,3.46,2.6,2.62,3.55,2.78,1.8,2.0,1.8,2.0,1.75,1.99,1.84,2.08,0.0,1.83,1.98,1.83,2.0,1.79,1.94,1.89,2.03,3.2,3.4,2.15,2.88,3.4,2.2,3.13,3.3,2.2,3.1,3.4,2.2,3.0,3.25,2.1,3.0,3.2,2.1,3.2,3.45,2.25,3.06,3.33,2.18,3.45,3.55,2.32,1.95,1.85,1.95,1.9,1.89,1.83,2.02,1.94,0.25,1.88,1.93,1.88,1.93,1.84,1.89,1.99,1.99,2627,turkey,Futbol Ligi 1
T1,30/08/2026,17:00,Eyupspor,Alanyaspor,2,1,H,1,1,D,,1.47,0.66,11,7,4,2,16,22,1,2,3,1,1,0,3.2,3.3,2.2,3.1,3.25,2.2,3.1,3.2,2.2,3.1,3.25,2.25,3.0,3.3,2.2,2.9,3.1,2.15,3.2,3.3,2.25,3.08,3.23,2.21,3.3,2.42,2.08,2.08,1.73,2.1,1.73,2.05,1.7,2.2,1.25,0.25,1.85,1.95,1.85,1.95,1.83,1.9,,,3.8,3.1,2.05,3.4,3.1,2.1,3.6,3.13,2.1,3.6,3.1,2.1,3.6,2.88,2.1,3.5,2.8,2.05,3.8,3.15,2.15,3.57,3.06,2.1,4.0,3.15,2.28,2.4,1.53,2.4,1.62,2.29,1.56,,,0.25,2.0,1.8,2.0,1.8,1.95,1.78,2.06,1.91,2627,turkey,Futbol Ligi 1
T1,30/08/2026,19:30,Buyuksehyr,Kasimpasa,1,1,D,1,0,H,,0.77,1.58,12,12,2,3,11,13,5,3,3,1,0,0,1.61,3.8,5.25,1.62,4.0,4.6,1.65,3.75,4.6,1.66,3.9,4.75,1.62,3.8,4.75,1.6,3.75,4.6,1.67,4.0,5.25,1.64,3.83,4.69,1.68,3.9,5.8,1.75,2.05,1.75,2.1,1.72,2.02,1.01,1.25,-0.75,1.85,1.95,1.85,1.95,1.81,1.92,,,1.57,3.8,5.5,,,,,,,1.61,3.9,5.0,1.57,3.6,5.0,1.57,3.5,5.0,1.62,3.9,5.5,1.6,3.78,5.06,1.7,4.0,6.0,1.75,2.05,1.8,2.05,1.75,1.98,1.87,2.12,-0.75,1.8,2.0,1.8,2.0,1.77,1.96,1.88,2.11,2627,turkey,Futbol Ligi 1
T1,30/08/2026,19:30,Samsunspor,Fenerbahce,0,2,A,0,1,A,,0.46,1.56,6,15,0,7,13,18,1,6,0,1,0,0,5.0,4.2,1.56,5.0,4.0,1.57,4.8,4.0,1.57,4.8,4.1,1.6,4.75,4.0,1.53,4.6,3.9,1.53,5.25,4.2,1.6,4.85,4.06,1.57,5.5,4.4,1.64,1.62,2.25,1.62,2.3,1.58,2.25,1.62,2.3,1.0,1.78,2.03,1.8,2.03,1.76,1.98,,,5.25,4.1,1.53,5.5,4.0,1.53,5.25,4.2,1.55,5.25,4.2,1.57,5.5,3.8,1.53,5.25,3.6,1.53,5.5,4.2,1.6,5.26,4.04,1.55,6.2,4.1,1.65,1.67,2.15,1.7,2.2,1.64,2.15,1.78,2.26,1.0,1.83,1.98,1.85,1.98,1.8,1.93,1.88,2.09,2627,turkey,Futbol Ligi 1
T1,31/08/2026,19:30,Amedspor,Trabzonspor,2,1,H,1,1,D,,2.39,0.84,17,8,7,5,18,10,2,5,5,3,0,0,3.6,3.8,1.86,3.4,3.6,1.95,3.4,3.5,1.95,3.5,3.6,1.93,3.4,3.6,1.91,3.1,3.3,1.85,3.6,3.8,2.0,3.39,3.58,1.93,3.45,3.6,2.14,1.7,2.1,1.7,2.2,1.67,2.1,,,0.5,1.85,1.95,1.85,1.95,1.79,1.91,,,3.2,3.75,2.01,3.1,3.6,2.05,3.3,3.7,2.0,3.1,3.6,2.1,3.1,3.5,2.0,3.1,3.4,2.0,3.3,3.75,2.15,3.14,3.6,2.06,3.5,3.85,2.18,1.67,2.15,1.7,2.25,1.65,2.14,1.72,2.34,0.5,1.75,2.05,1.75,2.1,1.7,2.02,,,2627,turkey,Futbol Ligi 1
T1,31/08/2026,19:30,Besiktas,Corum,6,2,H,2,0,H,,2.86,0.6,18,11,7,3,9,11,8,6,2,3,0,0,1.37,5.0,7.0,,,,1.44,4.1,6.5,1.47,4.2,6.5,1.4,4.2,7.0,1.4,3.9,6.0,1.48,5.0,7.8,1.43,4.28,6.59,,,,1.83,1.98,1.83,1.98,1.79,1.93,,,-1.25,2.05,1.75,2.05,1.8,1.99,1.75,,,1.39,5.0,6.5,,,,1.36,4.75,7.5,1.42,4.6,6.75,,,,,,,1.44,5.0,7.5,1.4,4.74,6.81,1.47,5.1,7.6,1.57,2.35,1.62,2.35,1.59,2.25,1.69,2.4,-1.25,1.9,1.9,1.9,1.93,1.83,1.89,1.99,1.94,2627,turkey,Futbol Ligi 1
